#include <stdint.h>

const uint8_t fpga_rbf_data[98023] = {
	0xFF, 0xFF, 0x62, 0x7F, 0x3C, 0x00, 0xFF, 0xFF, 0xFF, 0xFF, 0xFF, 0xFF, 0xFF, 0xFF, 0xFF, 0xFF, 
	0xFF, 0xFF, 0xFF, 0xFF, 0xFF, 0xFF, 0xFF, 0xFF, 0xFF, 0xFF, 0xFF, 0xFF, 0xFF, 0xFF, 0xFF, 0xFF, 
	0xFF, 0xFF, 0xFF, 0xFF, 0xFF, 0xFF, 0xFF, 0xFF, 0xFF, 0xFF, 0xFF, 0xFF, 0xFF, 0xFF, 0xFF, 0xFF, 
	0xFF, 0xFF, 0xFF, 0xFF, 0xFF, 0xFF, 0xFF, 0xFF, 0xFF, 0xFF, 0xFF, 0xFF, 0xFF, 0xFF, 0xFF, 0xFF, 
	0xFF, 0xFF, 0xFF, 0xFF, 0xFF, 0xFF, 0xFF, 0xFF, 0xFF, 0xFF, 0xFF, 0xFF, 0xFF, 0xA0, 0x08, 0x90, 
	0x01, 0x32, 0x40, 0x06, 0xC8, 0x00, 0x19, 0x00, 0x03, 0x05, 0x0A, 0x44, 0x14, 0x81, 0x22, 0x41, 
	0x06, 0x8A, 0x00, 0x19, 0x20, 0x03, 0x65, 0xC0, 0x0C, 0x94, 0x19, 0x00, 0x00, 0x00, 0x00, 0x00, 
	0x00, 0x00, 0x00, 0x00, 0x00, 0x00, 0x00, 0x00, 0x00, 0x00, 0x00, 0x0C, 0x94, 0x81, 0x32, 0x50, 
	0x06, 0xCA, 0x54, 0x19, 0x28, 0x03, 0x65, 0xA0, 0x0C, 0x94, 0x29, 0x33, 0x40, 0x06, 0x88, 0x00, 
	0x98, 0x20, 0x03, 0x64, 0x80, 0x0C, 0x90, 0x01, 0xD8, 0xF8, 0x00, 0x14, 0xC0, 0x02, 0x58, 0x00, 
	0x0B, 0x60, 0x01, 0x2C, 0x80, 0x04, 0x60, 0x00, 0x0A, 0x80, 0x02, 0x70, 0x00, 0x0B, 0x40, 0x01, 
	0x2C, 0x80, 0x05, 0xA0, 0x00, 0x14, 0x80, 0x01, 0x00, 0x00, 0x00, 0x00, 0x00, 0x00, 0x00, 0x00, 
	0x00, 0x00, 0x00, 0x00, 0x00, 0x00, 0x00, 0x00, 0x12, 0x80, 0x02, 0x50, 0x00, 0x0A, 0xC0, 0x00, 
	0x28, 0x00, 0x05, 0xA0, 0x00, 0x14, 0x80, 0x01, 0x50, 0x00, 0x0B, 0x40, 0x01, 0x34, 0x80, 0x05, 
	0xB0, 0x00, 0x16, 0xC0, 0x02, 0x98, 0xFC, 0x00, 0x00, 0x00, 0x00, 0x00, 0x00, 0x00, 0x00, 0x00, 
	0x00, 0x00, 0x00, 0x00, 0x00, 0x00, 0x00, 0x00, 0x00, 0x00, 0x00, 0x00, 0x00, 0x00, 0x00, 0x00, 
	0x00, 0x00, 0x00, 0x00, 0x00, 0x00, 0x00, 0x00, 0x00, 0x00, 0x00, 0x00, 0x00, 0x00, 0x00, 0x00, 
	0x00, 0x00, 0x00, 0x00, 0x00, 0x00, 0x00, 0x00, 0x00, 0x00, 0x00, 0x00, 0x00, 0x00, 0x00, 0x00, 
	0x00, 0x00, 0x00, 0x00, 0x00, 0x00, 0x00, 0x00, 0x00, 0x00, 0x00, 0x00, 0x00, 0x00, 0x00, 0x00, 
	0x00, 0x00, 0x98, 0xFF, 0x00, 0x00, 0x00, 0x00, 0x00, 0x00, 0x00, 0x00, 0x00, 0x00, 0x00, 0x00, 
	0x00, 0x00, 0x00, 0x00, 0x00, 0x00, 0x00, 0x00, 0x00, 0x00, 0x00, 0x00, 0x00, 0x20, 0x00, 0x04, 
	0x80, 0x01, 0x00, 0x00, 0x00, 0x00, 0x00, 0x00, 0x00, 0x00, 0x00, 0x00, 0x00, 0x00, 0x00, 0x00, 
	0x00, 0x00, 0x00, 0x80, 0x00, 0x10, 0x00, 0x02, 0xC0, 0x00, 0x08, 0x00, 0x01, 0x20, 0x00, 0x04, 
	0x80, 0x01, 0x10, 0x00, 0x00, 0x00, 0x00, 0x00, 0x00, 0x00, 0x00, 0x00, 0x00, 0x00, 0x00, 0xE8, 
	0xFE, 0x00, 0x00, 0x20, 0x00, 0x04, 0x80, 0x40, 0x10, 0x00, 0x02, 0x00, 0x00, 0x00, 0x00, 0x00, 
	0x00, 0x00, 0x80, 0x84, 0x40, 0x00, 0x00, 0x02, 0x40, 0x00, 0x28, 0x00, 0x05, 0xA0, 0x0D, 0x00, 
	0x00, 0x00, 0x00, 0x00, 0x00, 0x00, 0x00, 0x00, 0x00, 0x00, 0x00, 0x00, 0x00, 0x00, 0x00, 0x00, 
	0xA0, 0x00, 0x14, 0x80, 0x02, 0xD0, 0x02, 0x0A, 0x40, 0x01, 0x28, 0x00, 0x05, 0xA0, 0x25, 0x14, 
	0x00, 0x00, 0x00, 0x40, 0x00, 0x40, 0x00, 0x0A, 0x40, 0x01, 0x20, 0x00, 0x18, 0xF8, 0x02, 0x00, 
	0x20, 0x00, 0x10, 0x02, 0x00, 0x40, 0x82, 0x08, 0x00, 0x00, 0x00, 0x00, 0x00, 0x00, 0x00, 0x20, 
	0x00, 0x00, 0x00, 0x00, 0x48, 0x00, 0x04, 0xA0, 0x00, 0x06, 0xC0, 0x01, 0x00, 0x00, 0x00, 0x00, 
	0x00, 0x00, 0x00, 0x00, 0x00, 0x40, 0x00, 0x00, 0x00, 0x00, 0x00, 0x00, 0x00, 0x40, 0x00, 0x00, 
	0x82, 0x00, 0x52, 0x00, 0x08, 0x41, 0x01, 0x08, 0x00, 0x02, 0x80, 0x03, 0x80, 0x00, 0x03, 0x00, 
	0x00, 0x00, 0x10, 0x01, 0x00, 0x00, 0x04, 0x40, 0x80, 0xA8, 0xFE, 0x00, 0x00, 0x34, 0x00, 0x00, 
	0x00, 0x00, 0x00, 0x49, 0x91, 0x00, 0x00, 0x41, 0xA4, 0x00, 0x24, 0x90, 0x10, 0x01, 0x02, 0x03, 
	0x44, 0x10, 0x00, 0x04, 0x81, 0x00, 0x00, 0x00, 0x02, 0x00, 0x00, 0x00, 0x00, 0x00, 0x00, 0x00, 
	0x00, 0x00, 0x00, 0x00, 0x00, 0x00, 0x00, 0x00, 0x20, 0x00, 0x00, 0x09, 0x00, 0x00, 0x04, 0x0A, 
	0x41, 0x10, 0x01, 0x00, 0x01, 0x00, 0x00, 0x04, 0x00, 0x80, 0x00, 0x04, 0x00, 0x05, 0x00, 0x08, 
	0x14, 0x2D, 0x04, 0x00, 0x00, 0x01, 0xC0, 0xFC, 0x00, 0x00, 0x30, 0x00, 0x00, 0x00, 0x00, 0x00, 
	0x00, 0x02, 0x00, 0x00, 0x00, 0x00, 0x81, 0x10, 0x00, 0x00, 0x00, 0x00, 0x10, 0x00, 0x02, 0x02, 
	0x40, 0x00, 0x02, 0x00, 0x00, 0x20, 0x00, 0x00, 0x00, 0x00, 0x00, 0x00, 0x00, 0x00, 0x00, 0x00, 
	0x00, 0x00, 0x00, 0x00, 0x00, 0x00, 0x00, 0x00, 0x00, 0x00, 0x00, 0x40, 0x00, 0x08, 0x01, 0x00, 
	0x00, 0x00, 0x00, 0x00, 0x00, 0x00, 0x00, 0x00, 0x40, 0x00, 0x00, 0x00, 0x00, 0x00, 0x0C, 0x00, 
	0x00, 0x00, 0x20, 0x68, 0xFC, 0x00, 0x00, 0x30, 0x00, 0x00, 0x00, 0x00, 0x06, 0x00, 0x03, 0x00, 
	0x00, 0x0C, 0x80, 0x80, 0x30, 0x00, 0x02, 0xF4, 0x80, 0x18, 0x10, 0x00, 0x11, 0x00, 0x0C, 0x02, 
	0x00, 0x08, 0x00, 0x00, 0x00, 0x00, 0x00, 0x00, 0x00, 0x00, 0x00, 0x00, 0x00, 0x00, 0x00, 0x00, 
	0x00, 0x00, 0x80, 0x41, 0x0C, 0x00, 0x00, 0x30, 0x00, 0x08, 0x00, 0x02, 0x01, 0x00, 0x02, 0x00, 
	0x00, 0x30, 0x80, 0x01, 0x20, 0x00, 0x06, 0x00, 0x00, 0x20, 0x00, 0x0C, 0x00, 0x00, 0x0C, 0x00, 
	0x88, 0xF8, 0x00, 0x00, 0x30, 0x00, 0x00, 0x00, 0x00, 0x02, 0x00, 0x40, 0x00, 0x00, 0x28, 0x02, 
	0x01, 0xA0, 0x10, 0x40, 0xD0, 0x08, 0x18, 0x01, 0x20, 0x08, 0x00, 0x48, 0x00, 0x00, 0x04, 0x00, 
	0x00, 0x00, 0x00, 0x00, 0x00, 0x00, 0x00, 0x00, 0x00, 0x00, 0x00, 0x00, 0x00, 0x00, 0x00, 0x80, 
	0x09, 0x00, 0x00, 0x00, 0x10, 0x00, 0x40, 0x04, 0x10, 0x00, 0x00, 0x01, 0x00, 0x00, 0x30, 0x12, 
	0x00, 0x10, 0x00, 0x00, 0x00, 0x00, 0x00, 0x24, 0x88, 0x04, 0x00, 0x04, 0x00, 0x68, 0xFD, 0x00, 
	0x00, 0x00, 0x20, 0x00, 0x00, 0x00, 0x18, 0x04, 0xA1, 0x00, 0x00, 0x88, 0x00, 0x08, 0x01, 0x06, 
	0x10, 0x00, 0x00, 0x18, 0x08, 0x08, 0x60, 0x42, 0x88, 0x02, 0x00, 0x30, 0x41, 0x00, 0x00, 0x00, 
	0x00, 0x00, 0x00, 0x00, 0x00, 0x00, 0x00, 0x00, 0x00, 0x00, 0x00, 0x00, 0x00, 0x10, 0x30, 0x21, 
	0x00, 0xC0, 0x04, 0x80, 0x08, 0x91, 0x00, 0x00, 0x4C, 0x00, 0x00, 0x00, 0x20, 0x06, 0xC4, 0x04, 
	0x99, 0x10, 0x00, 0x00, 0x84, 0x44, 0x02, 0x00, 0x30, 0x40, 0x98, 0xFD, 0x00, 0x00, 0x0C, 0x00, 
	0x00, 0x00, 0x00, 0x1E, 0xC0, 0x02, 0x00, 0x00, 0x07, 0x62, 0x01, 0x0C, 0x80, 0x01, 0x34, 0x40, 
	0x1E, 0xC0, 0x00, 0x79, 0x00, 0x07, 0x00, 0x00, 0x3C, 0x00, 0x00, 0x00, 0x00, 0x00, 0x00, 0x00, 
	0x00, 0x00, 0x00, 0x00, 0x00, 0x00, 0x00, 0x00, 0x00, 0xE0, 0x81, 0x38, 0x00, 0x00, 0xF0, 0x80, 
	0x16, 0xC0, 0x00, 0x00, 0x00, 0x0F, 0x04, 0x00, 0x3C, 0x80, 0x07, 0xF0, 0x00, 0x1C, 0x00, 0x00, 
	0x18, 0x00, 0x0B, 0x00, 0x00, 0x3C, 0x00, 0x00, 0xFA, 0x00, 0x00, 0x30, 0x08, 0x00, 0x00, 0x00, 
	0x18, 0x00, 0x01, 0x00, 0x00, 0x04, 0x00, 0x80, 0x10, 0x20, 0x00, 0x00, 0x40, 0x08, 0x00, 0x00, 
	0x60, 0x00, 0x04, 0x00, 0x00, 0x30, 0x00, 0x00, 0x00, 0x00, 0x00, 0x00, 0x00, 0x00, 0x00, 0x00, 
	0x00, 0x00, 0x00, 0x00, 0x00, 0x00, 0x00, 0x00, 0x30, 0x00, 0x00, 0xC0, 0x00, 0x08, 0x00, 0x80, 
	0x00, 0x00, 0x0C, 0x00, 0x00, 0x00, 0x00, 0x06, 0xC0, 0x00, 0x18, 0x00, 0x00, 0x00, 0x40, 0x04, 
	0x08, 0x00, 0x30, 0x00, 0x08, 0xFA, 0x00, 0x00, 0x30, 0x01, 0x00, 0x00, 0x00, 0x18, 0x00, 0x0A, 
	0x02, 0x00, 0x0C, 0x10, 0x10, 0xB0, 0x00, 0x10, 0xC2, 0x02, 0x80, 0x08, 0x08, 0x62, 0x00, 0x0C, 
	0x01, 0x00, 0x30, 0x00, 0x00, 0x00, 0x00, 0x08, 0x30, 0x2B, 0x00, 0x00, 0x00, 0x00, 0x00, 0x00, 
	0x08, 0x15, 0x00, 0x80, 0x89, 0x30, 0x00, 0x00, 0xC0, 0x00, 0x50, 0x08, 0x12, 0x00, 0x00, 0x0C, 
	0x00, 0x00, 0x30, 0x11, 0x06, 0xC0, 0x00, 0x18, 0x00, 0x00, 0x00, 0x01, 0x8A, 0x00, 0x00, 0x30, 
	0x00, 0xA0, 0xF9, 0x00, 0x00, 0x24, 0x01, 0x00, 0x00, 0x00, 0x00, 0x49, 0x88, 0x00, 0x00, 0x00, 
	0x02, 0x00, 0x34, 0x80, 0x40, 0x51, 0x00, 0x82, 0x48, 0x00, 0x08, 0x08, 0x40, 0x00, 0x00, 0x34, 
	0x00, 0x00, 0x00, 0x00, 0x40, 0x46, 0x2A, 0xFF, 0x31, 0x00, 0x00, 0x00, 0x02, 0x91, 0x95, 0x10, 
	0x18, 0x00, 0x14, 0x02, 0x00, 0x00, 0x00, 0x1A, 0x40, 0x10, 0x01, 0x00, 0x01, 0x00, 0x00, 0x34, 
	0x41, 0x00, 0x50, 0x08, 0x02, 0x41, 0x10, 0x09, 0x00, 0x0D, 0x20, 0x90, 0x00, 0x01, 0xE4, 0xFF, 
	0x00, 0x00, 0x10, 0x10, 0x00, 0x00, 0x00, 0x00, 0x00, 0x02, 0x00, 0x00, 0x00, 0x00, 0x40, 0x30, 
	0x00, 0x00, 0x00, 0x20, 0x00, 0x00, 0x00, 0x00, 0x00, 0x00, 0x04, 0x00, 0x00, 0x00, 0x00, 0x00, 
	0x00, 0x4E, 0xEE, 0x2A, 0xFE, 0x0D, 0x00, 0x00, 0x00, 0x00, 0x77, 0x15, 0xEE, 0x06, 0x00, 0x00, 
	0x10, 0x00, 0x00, 0x00, 0x18, 0x00, 0x00, 0x00, 0x00, 0x00, 0x00, 0x00, 0x00, 0x00, 0x00, 0x00, 
	0x40, 0x00, 0x08, 0x00, 0x60, 0x00, 0x0C, 0x84, 0x00, 0x00, 0x10, 0x18, 0xF8, 0x00, 0x00, 0x30, 
	0x00, 0x00, 0x00, 0x00, 0x06, 0xC0, 0x03, 0x01, 0x00, 0x03, 0xE0, 0x01, 0x31, 0x00, 0x06, 0x01, 
	0x00, 0x18, 0x00, 0x03, 0x61, 0x00, 0x03, 0x00, 0x00, 0x30, 0x00, 0x00, 0x00, 0x00, 0x1E, 0x66, 
	0xBB, 0xFF, 0x09, 0x00, 0x00, 0x00, 0x00, 0x77, 0xDD, 0x2E, 0x04, 0x00, 0x00, 0x00, 0x00, 0x00, 
	0x00, 0x18, 0x00, 0x03, 0x00, 0x00, 0x02, 0x00, 0x00, 0x38, 0x00, 0x00, 0x40, 0x40, 0x08, 0x08, 
	0x00, 0x00, 0x20, 0x0C, 0x00, 0x01, 0x0C, 0x00, 0xC0, 0xFA, 0x08, 0x00, 0xA0, 0x08, 0x00, 0x00, 
	0x00, 0x02, 0x40, 0x12, 0x00, 0x00, 0x01, 0x80, 0x11, 0x30, 0x00, 0x16, 0x00, 0x82, 0x00, 0x02, 
	0x20, 0x00, 0x24, 0x01, 0x00, 0x00, 0x00, 0x21, 0x00, 0x00, 0x00, 0x12, 0x66, 0x6F, 0xDE, 0x01, 
	0x00, 0x00, 0x00, 0xC2, 0x76, 0x35, 0x72, 0x00, 0x00, 0x00, 0x04, 0x00, 0x00, 0x00, 0x18, 0x08, 
	0x12, 0x04, 0x00, 0x01, 0x00, 0x00, 0x34, 0x08, 0x00, 0x00, 0x00, 0x00, 0x00, 0x08, 0x01, 0x01, 
	0x0C, 0x08, 0x80, 0x04, 0x00, 0x03, 0xF9, 0x00, 0x00, 0x00, 0x01, 0x00, 0x00, 0x00, 0x18, 0x21, 
	0x00, 0x00, 0x00, 0x8C, 0x00, 0x00, 0x00, 0x20, 0x40, 0x02, 0x40, 0x08, 0x08, 0x08, 0x20, 0x02, 
	0x2C, 0x04, 0x00, 0x80, 0x00, 0x00, 0x00, 0x00, 0x1E, 0x67, 0x78, 0xFF, 0x01, 0x00, 0x00, 0x00, 
	0xC0, 0x57, 0xBC, 0x06, 0x00, 0x00, 0x00, 0x12, 0x00, 0x00, 0x00, 0x40, 0x08, 0x82, 0x00, 0x00, 
	0x8C, 0x00, 0x00, 0x80, 0x10, 0x00, 0x00, 0x04, 0x00, 0x02, 0x08, 0x00, 0x41, 0x20, 0x84, 0x40, 
	0x30, 0x20, 0x59, 0xF9, 0x00, 0x00, 0x0C, 0x20, 0x00, 0x00, 0x00, 0x1E, 0xC0, 0x02, 0x01, 0x00, 
	0x0F, 0x68, 0x80, 0x0C, 0x80, 0x05, 0x30, 0x00, 0x16, 0xC0, 0x00, 0x59, 0x10, 0x0F, 0x00, 0x00, 
	0x3C, 0x08, 0x00, 0x00, 0x00, 0x9C, 0x07, 0xE8, 0x1E, 0x00, 0x00, 0x00, 0x00, 0x40, 0x84, 0x74, 
	0x01, 0x00, 0x00, 0x0C, 0x00, 0x00, 0x00, 0x00, 0x06, 0xC0, 0x01, 0x00, 0x00, 0x0F, 0x04, 0x00, 
	0x28, 0x00, 0x00, 0xB0, 0x20, 0x06, 0xC0, 0x80, 0x18, 0x00, 0x0B, 0x60, 0x00, 0x3C, 0x00, 0x68, 
	0xFF, 0x04, 0x00, 0x10, 0x20, 0x00, 0x00, 0x00, 0x18, 0x00, 0x00, 0x00, 0x00, 0x0C, 0x00, 0x00, 
	0x30, 0x00, 0x00, 0x00, 0x40, 0x00, 0x00, 0x80, 0x20, 0x20, 0x0C, 0x00, 0x00, 0x30, 0x00, 0x00, 
	0x00, 0x00, 0x10, 0x00, 0x69, 0x01, 0x00, 0x00, 0x00, 0x00, 0x0A, 0x00, 0xB4, 0x00, 0x00, 0x00, 
	0x00, 0x00, 0x00, 0x00, 0x00, 0x00, 0x04, 0x01, 0x00, 0x00, 0x0C, 0x00, 0x00, 0x10, 0x00, 0x00, 
	0x40, 0x00, 0x00, 0x00, 0x00, 0x02, 0x00, 0x00, 0x02, 0x00, 0x30, 0x00, 0xA9, 0xF9, 0x00, 0x00, 
	0xB0, 0x00, 0x00, 0x00, 0x00, 0x18, 0x00, 0x02, 0x01, 0x00, 0x0C, 0x80, 0x45, 0xB0, 0x08, 0x14, 
	0x08, 0x02, 0x80, 0x08, 0x10, 0x60, 0x00, 0x0C, 0x00, 0x00, 0x30, 0x05, 0x00, 0x00, 0x00, 0x00, 
	0x00, 0x32, 0x00, 0x00, 0x00, 0x00, 0x00, 0x00, 0x00, 0x39, 0x00, 0x00, 0x00, 0x00, 0x05, 0x00, 
	0x00, 0x00, 0x18, 0x01, 0x03, 0x04, 0x00, 0x0C, 0x00, 0x00, 0x20, 0x05, 0x00, 0x80, 0x42, 0x00, 
	0x02, 0x22, 0x00, 0x24, 0x40, 0x40, 0x05, 0x31, 0x00, 0x28, 0xF9, 0xA0, 0x01, 0xB4, 0x10, 0x00, 
	0xD0, 0x00, 0x00, 0x49, 0x11, 0x00, 0x00, 0x80, 0x02, 0x00, 0x00, 0xA2, 0x22, 0x54, 0x20, 0x8A, 
	0x44, 0x03, 0x68, 0x00, 0x00, 0x04, 0x00, 0x80, 0x10, 0x00, 0x00, 0x00, 0xFE, 0x67, 0x32, 0x44, 
	0x0A, 0x00, 0x00, 0x00, 0x18, 0x22, 0x39, 0xEE, 0x05, 0x00, 0x00, 0x02, 0x00, 0x00, 0x00, 0x9A, 
	0x60, 0x09, 0x04, 0x00, 0x01, 0x00, 0x00, 0x04, 0x10, 0x00, 0x50, 0x08, 0x00, 0x41, 0x20, 0x0C, 
	0x00, 0x09, 0x24, 0x84, 0x00, 0x01, 0x68, 0xF9, 0x80, 0x01, 0x30, 0x00, 0x00, 0xC0, 0x00, 0x00, 
	0x00, 0x00, 0x02, 0x00, 0x00, 0x00, 0x40, 0x00, 0x00, 0x00, 0x00, 0x00, 0x10, 0x00, 0x00, 0x00, 
	0x00, 0x00, 0x00, 0x00, 0x00, 0x00, 0x00, 0x00, 0x00, 0xBC, 0xEE, 0x32, 0x67, 0x08, 0x00, 0x00, 
	0x00, 0x52, 0x22, 0x39, 0xEE, 0x00, 0x00, 0x00, 0x08, 0x00, 0x00, 0x00, 0x00, 0x00, 0x00, 0x00, 
	0x00, 0x00, 0x00, 0x00, 0x00, 0x00, 0x00, 0x00, 0x40, 0x00, 0x04, 0x02, 0x00, 0x00, 0x04, 0x80, 
	0x00, 0x00, 0x20, 0x40, 0xF9, 0x80, 0x01, 0x30, 0x00, 0x00, 0x20, 0x00, 0x06, 0x00, 0x00, 0x00, 
	0x00, 0x03, 0xE0, 0x01, 0x09, 0x00, 0x00, 0x00, 0x00, 0x18, 0x00, 0x80, 0x60, 0x10, 0x03, 0x00, 
	0x00, 0x08, 0x00, 0x00, 0x00, 0x00, 0xBE, 0xEE, 0x36, 0xDD, 0x03, 0x00, 0x00, 0x00, 0x42, 0x66, 
	0x3D, 0xBB, 0x02, 0x00, 0x0C, 0x00, 0x00, 0x00, 0x00, 0x08, 0x04, 0x00, 0x01, 0x00, 0x02, 0x00, 
	0x00, 0x18, 0x20, 0x00, 0x40, 0x00, 0x06, 0x00, 0x01, 0x61, 0x10, 0x0C, 0x00, 0x81, 0x0C, 0x00, 
	0xA8, 0xF8, 0x84, 0x81, 0xB0, 0x10, 0x00, 0x10, 0x00, 0x02, 0x00, 0x08, 0x02, 0x00, 0x01, 0xA0, 
	0x11, 0x04, 0x00, 0x00, 0x08, 0x44, 0x00, 0x05, 0x10, 0x00, 0x00, 0x01, 0x00, 0x00, 0x04, 0x00, 
	0x00, 0x00, 0x00, 0x96, 0xFE, 0xA2, 0xDD, 0x05, 0x00, 0x00, 0x00, 0x03, 0x6E, 0x71, 0xBB, 0x0A, 
	0x00, 0x00, 0x00, 0x00, 0x00, 0x00, 0x90, 0x00, 0x23, 0x00, 0x00, 0x01, 0x00, 0x00, 0x24, 0x02, 
	0x00, 0x00, 0x88, 0x00, 0x00, 0x00, 0x00, 0x02, 0x84, 0x04, 0x08, 0x04, 0x00, 0x40, 0xFC, 0x04, 
	0x88, 0x10, 0x11, 0x00, 0x00, 0x02, 0x18, 0x00, 0xA0, 0x00, 0x00, 0x8C, 0x00, 0x00, 0x30, 0x00, 
	0x10, 0x00, 0x84, 0x88, 0x10, 0x10, 0x01, 0x11, 0x0C, 0x10, 0x00, 0x30, 0x41, 0x00, 0x00, 0x00, 
	0xB6, 0xFF, 0x16, 0x75, 0x21, 0x00, 0x00, 0x00, 0x02, 0x56, 0x2D, 0xEF, 0x00, 0x00, 0x30, 0x21, 
	0x00, 0x00, 0x00, 0x00, 0x21, 0x20, 0x01, 0x00, 0x0C, 0x00, 0x00, 0x00, 0x20, 0x00, 0x00, 0x00, 
	0x98, 0x10, 0x88, 0x00, 0x22, 0x04, 0x80, 0x30, 0x30, 0x41, 0xE8, 0xFA, 0x60, 0x00, 0x3C, 0x00, 
	0x00, 0x30, 0x20, 0x1E, 0xC4, 0x00, 0x00, 0x00, 0x0F, 0x68, 0x80, 0x3C, 0x90, 0x01, 0x32, 0x00, 
	0x16, 0xC0, 0x00, 0x78, 0x00, 0x0E, 0x00, 0x00, 0x3C, 0x00, 0x00, 0x00, 0x00, 0x86, 0x0A, 0x13, 
	0x16, 0x0C, 0x00, 0x00, 0x00, 0x02, 0x07, 0x29, 0x0E, 0x01, 0x00, 0x38, 0x00, 0x00, 0x00, 0x00, 
	0x06, 0xC0, 0x02, 0x00, 0x00, 0x0F, 0x02, 0x00, 0x2C, 0x00, 0x00, 0xB0, 0x20, 0x1C, 0xC0, 0x00, 
	0x18, 0x00, 0x0B, 0x64, 0x00, 0x3C, 0x00, 0xD0, 0xFD, 0x00, 0x00, 0x10, 0x00, 0x00, 0x00, 0x00, 
	0x18, 0x00, 0x00, 0x00, 0x00, 0x0C, 0x00, 0x40, 0x30, 0x00, 0x00, 0x00, 0x40, 0x08, 0x04, 0x00, 
	0x60, 0x00, 0x0C, 0x00, 0x00, 0x30, 0x00, 0x00, 0x00, 0x00, 0x04, 0x00, 0x12, 0x00, 0x00, 0x00, 
	0x00, 0x00, 0x02, 0x00, 0x29, 0x00, 0x04, 0x00, 0x30, 0x00, 0x00, 0x00, 0x00, 0x00, 0x10, 0x03, 
	0x00, 0x00, 0x0C, 0x00, 0x00, 0x00, 0x00, 0x00, 0x40, 0x00, 0x18, 0x00, 0x00, 0x00, 0x00, 0x04, 
	0x00, 0x00, 0x30, 0x00, 0x60, 0xFF, 0x80, 0x29, 0xA0, 0x20, 0x00, 0x00, 0x28, 0x18, 0x00, 0x10, 
	0x01, 0x00, 0x0C, 0x80, 0x11, 0x30, 0x00, 0x10, 0x04, 0x02, 0x90, 0x00, 0x08, 0x61, 0x20, 0x0C, 
	0x00, 0x00, 0x30, 0x00, 0x00, 0x00, 0x00, 0x00, 0x00, 0x40, 0x80, 0x00, 0x00, 0x00, 0x00, 0x00, 
	0x00, 0x00, 0x00, 0x00, 0x00, 0x30, 0x00, 0x00, 0x00, 0x00, 0x40, 0x00, 0xA3, 0x00, 0x00, 0x0C, 
	0x00, 0x00, 0xA0, 0x20, 0x00, 0x80, 0x42, 0x18, 0x00, 0x20, 0x02, 0x10, 0x8C, 0x02, 0x01, 0x31, 
	0x00, 0x58, 0xF8, 0xA0, 0x01, 0x04, 0x00, 0x00, 0x10, 0x00, 0x00, 0x49, 0x81, 0x00, 0x00, 0x05, 
	0x00, 0x00, 0xA4, 0xA0, 0x40, 0x10, 0x00, 0x00, 0x40, 0x00, 0x00, 0x21, 0x25, 0x00, 0x00, 0x34, 
	0x00, 0x00, 0x00, 0x00, 0xAE, 0xBA, 0xC1, 0x3B, 0x09, 0x00, 0x00, 0x00, 0x10, 0x63, 0x00, 0xEB, 
	0x04, 0x00, 0x04, 0x02, 0x00, 0x00, 0x00, 0x80, 0x40, 0x10, 0x01, 0x00, 0x0D, 0x00, 0x00, 0x04, 
	0x12, 0x00, 0x00, 0x04, 0x02, 0x41, 0x01, 0x09, 0x00, 0x00, 0x01, 0x00, 0x34, 0x22, 0x48, 0xF9, 
	0x00, 0x00, 0x00, 0x00, 0x00, 0x00, 0x00, 0x00, 0x00, 0x02, 0x00, 0x00, 0x00, 0x04, 0x40, 0x10, 
	0x00, 0x00, 0x02, 0x00, 0x00, 0x04, 0x00, 0x00, 0x00, 0x00, 0x02, 0x00, 0x00, 0x00, 0x00, 0x00, 
	0x00, 0xB4, 0xBB, 0x41, 0xA3, 0x00, 0x00, 0x00, 0x00, 0x54, 0x66, 0x00, 0xEE, 0x00, 0x00, 0x00, 
	0x10, 0x00, 0x00, 0x00, 0x00, 0x10, 0x00, 0x00, 0x00, 0x00, 0x00, 0x00, 0x00, 0x00, 0x00, 0x00, 
	0x40, 0x00, 0x08, 0x00, 0x00, 0x00, 0x00, 0x00, 0x00, 0x00, 0x00, 0x58, 0xF8, 0x80, 0x41, 0x30, 
	0x20, 0x00, 0x00, 0x00, 0x06, 0x00, 0x83, 0x00, 0x00, 0x00, 0xC4, 0x01, 0x31, 0x08, 0x02, 0xC2, 
	0x00, 0x04, 0x00, 0x00, 0x10, 0x00, 0x00, 0x00, 0x00, 0x30, 0x08, 0x00, 0x00, 0x00, 0x58, 0xBA, 
	0x53, 0xEB, 0x10, 0x00, 0x00, 0x00, 0x41, 0x76, 0x18, 0xFE, 0x08, 0x00, 0x10, 0x00, 0x00, 0x00, 
	0x00, 0x06, 0x00, 0x83, 0x00, 0x00, 0x0F, 0x02, 0x00, 0x30, 0x08, 0x00, 0x20, 0x00, 0x00, 0x00, 
	0x00, 0x60, 0x00, 0x02, 0x00, 0x00, 0x10, 0x08, 0x20, 0xFB, 0x80, 0x11, 0x00, 0x01, 0x00, 0x00, 
	0x00, 0x00, 0x00, 0x20, 0x00, 0x00, 0x8C, 0xA0, 0x11, 0x20, 0x00, 0x04, 0xC0, 0x00, 0x02, 0x00, 
	0x08, 0x09, 0x00, 0x0C, 0x02, 0x00, 0x80, 0x00, 0x00, 0x00, 0x00, 0xBA, 0xBF, 0x4C, 0xAF, 0x12, 
	0x00, 0x00, 0x00, 0x0D, 0x76, 0x06, 0xFE, 0x06, 0x00, 0x00, 0x05, 0x00, 0x00, 0x00, 0x02, 0x00, 
	0x22, 0x00, 0x00, 0x21, 0x00, 0x00, 0xA0, 0x00, 0x00, 0x10, 0x00, 0x80, 0x02, 0x20, 0x01, 0x10, 
	0x01, 0x00, 0x00, 0x20, 0x01, 0x43, 0xFE, 0x00, 0x04, 0x80, 0x20, 0x00, 0x00, 0x22, 0x58, 0x00, 
	0xA1, 0x00, 0x00, 0x80, 0x01, 0x00, 0x00, 0x41, 0x10, 0x00, 0x40, 0x18, 0x01, 0x80, 0x60, 0x42, 
	0x20, 0x02, 0x00, 0x00, 0x09, 0x00, 0x00, 0x00, 0xB8, 0xFA, 0x57, 0xAB, 0x00, 0x00, 0x00, 0x00, 
	0x13, 0x46, 0x1A, 0xEE, 0x00, 0x00, 0x00, 0x12, 0x00, 0x00, 0x00, 0x18, 0x00, 0xA2, 0x00, 0x00, 
	0x20, 0x00, 0x00, 0x20, 0x09, 0x00, 0xC0, 0x44, 0x00, 0x03, 0x08, 0x01, 0x22, 0x4C, 0x04, 0x00, 
	0x00, 0x12, 0xC1, 0xFA, 0xE0, 0x01, 0x0D, 0x00, 0x00, 0x30, 0x00, 0x1E, 0xC4, 0x02, 0x00, 0x00, 
	0x0B, 0x60, 0x80, 0x0C, 0x80, 0x05, 0x32, 0x00, 0x1E, 0xC4, 0x00, 0x78, 0x00, 0x0B, 0x00, 0x00, 
	0x3C, 0x00, 0x02, 0x00, 0x00, 0x9A, 0x1A, 0x45, 0x0B, 0x24, 0x01, 0x00, 0x00, 0x42, 0x07, 0x02, 
	0x0F, 0x12, 0x00, 0x0C, 0x00, 0x00, 0x00, 0x00, 0x1E, 0xC8, 0x01, 0x00, 0x00, 0x02, 0x02, 0x00, 
	0x1C, 0x00, 0x00, 0xF0, 0x00, 0x06, 0xC0, 0x00, 0x78, 0x00, 0x0F, 0x00, 0x00, 0x0C, 0x00, 0xF8, 
	0xFA, 0x00, 0x00, 0x00, 0x00, 0x00, 0xC0, 0x20, 0x18, 0x00, 0x01, 0x00, 0x00, 0x0C, 0x00, 0x40, 
	0x10, 0x10, 0x00, 0x00, 0x00, 0x18, 0x00, 0x00, 0x61, 0x00, 0x0C, 0x00, 0x00, 0x30, 0x80, 0x00, 
	0x00, 0x00, 0x0A, 0x00, 0x44, 0x00, 0x40, 0x00, 0x00, 0x00, 0x02, 0x00, 0x02, 0x00, 0x00, 0x00, 
	0x00, 0x00, 0x00, 0x00, 0x00, 0x18, 0x00, 0x01, 0x00, 0x00, 0x00, 0x02, 0x00, 0x10, 0x00, 0x00, 
	0xC0, 0x00, 0x00, 0x08, 0x00, 0x02, 0x00, 0x0C, 0x00, 0x00, 0x00, 0x10, 0xB1, 0xFC, 0x80, 0x85, 
	0x00, 0x12, 0x00, 0xC0, 0x00, 0x18, 0x00, 0x0A, 0x02, 0x00, 0x4C, 0x82, 0x05, 0x30, 0x01, 0x84, 
	0x00, 0x82, 0x18, 0x00, 0x23, 0x60, 0x00, 0x4C, 0x02, 0x00, 0x30, 0x22, 0x01, 0x00, 0x00, 0x40, 
	0x00, 0x50, 0x00, 0x84, 0x00, 0x00, 0x00, 0x00, 0x00, 0x28, 0x01, 0x09, 0x00, 0x00, 0x04, 0x00, 
	0x00, 0x00, 0x18, 0x00, 0x03, 0x04, 0x00, 0x8C, 0x00, 0x00, 0x30, 0x04, 0x00, 0xC0, 0x00, 0x10, 
	0x00, 0x0A, 0x00, 0x80, 0x0C, 0x00, 0x00, 0x00, 0x02, 0x68, 0xF9, 0xA0, 0x01, 0x34, 0x00, 0x00, 
	0xC0, 0x04, 0x00, 0x49, 0x00, 0x00, 0x00, 0x01, 0x00, 0x00, 0x14, 0xA1, 0x10, 0x50, 0x08, 0x43, 
	0x40, 0x00, 0x68, 0x00, 0x01, 0x00, 0x00, 0x00, 0x02, 0x04, 0x00, 0x00, 0x6C, 0x26, 0x50, 0x76, 
	0x11, 0x02, 0x00, 0x00, 0x44, 0x1A, 0x28, 0x23, 0x00, 0x00, 0x14, 0x02, 0x00, 0x10, 0x48, 0x0A, 
	0x08, 0x10, 0x00, 0x00, 0x01, 0x00, 0x00, 0x04, 0x10, 0x00, 0x10, 0x00, 0x00, 0x44, 0x00, 0x68, 
	0x84, 0x09, 0x04, 0x00, 0xB4, 0x00, 0x18, 0xF8, 0x80, 0x01, 0x30, 0x00, 0x00, 0x00, 0x20, 0x00, 
	0x00, 0x82, 0x00, 0x00, 0x00, 0x00, 0x40, 0x00, 0x00, 0x00, 0x02, 0x00, 0x10, 0x04, 0x00, 0x00, 
	0x00, 0x00, 0x00, 0x00, 0x00, 0x20, 0x02, 0x00, 0x00, 0x1A, 0xA6, 0x50, 0x76, 0x41, 0x01, 0x00, 
	0x00, 0x4C, 0x59, 0x28, 0xBB, 0x04, 0x00, 0x00, 0x10, 0x00, 0x40, 0x00, 0x00, 0x00, 0x00, 0x01, 
	0x00, 0x00, 0x00, 0x00, 0x00, 0x00, 0x00, 0x40, 0x80, 0x00, 0x00, 0x00, 0x60, 0x00, 0x04, 0x00, 
	0x00, 0x00, 0x10, 0x88, 0xFA, 0x80, 0x01, 0x30, 0x00, 0x00, 0xF0, 0x20, 0x06, 0x80, 0x03, 0x01, 
	0x00, 0x00, 0xC0, 0x01, 0x01, 0x20, 0x02, 0x40, 0x00, 0x1E, 0x08, 0x03, 0x60, 0x00, 0x0C, 0x00, 
	0x00, 0x08, 0x00, 0x00, 0x00, 0x00, 0xAE, 0xA7, 0x54, 0x66, 0x0A, 0x00, 0x00, 0x00, 0x44, 0x11, 
	0x3A, 0xBB, 0x00, 0x00, 0x00, 0x10, 0x00, 0x80, 0x00, 0x00, 0x80, 0x00, 0x00, 0x00, 0x02, 0x00, 
	0x00, 0x18, 0x00, 0x00, 0x80, 0x40, 0x06, 0x80, 0x00, 0x60, 0x10, 0x0C, 0x00, 0x00, 0x10, 0x00, 
	0x80, 0xF9, 0x88, 0x81, 0x30, 0x00, 0x00, 0xD0, 0x04, 0x02, 0x40, 0x12, 0x00, 0x00, 0x40, 0xA8, 
	0x11, 0xB0, 0x00, 0x00, 0x82, 0x28, 0x92, 0x00, 0x08, 0x01, 0x10, 0x0C, 0x00, 0x00, 0x04, 0x80, 
	0x00, 0x00, 0x00, 0xAE, 0xA6, 0x1A, 0x67, 0x8B, 0x04, 0x00, 0x00, 0x45, 0x11, 0x06, 0xBB, 0x02, 
	0x00, 0x00, 0x00, 0x00, 0x00, 0x00, 0x19, 0x60, 0x00, 0x00, 0x00, 0x01, 0x00, 0x00, 0x24, 0x08, 
	0x00, 0x00, 0x04, 0x00, 0x40, 0x00, 0x60, 0x02, 0x84, 0x04, 0x00, 0x20, 0x09, 0x8A, 0xF8, 0x00, 
	0x88, 0x00, 0x20, 0x00, 0x00, 0x24, 0x18, 0x05, 0x00, 0x00, 0x00, 0x80, 0x00, 0x00, 0x00, 0x00, 
	0x00, 0x02, 0x42, 0x00, 0x00, 0x10, 0x01, 0x00, 0x40, 0x10, 0x00, 0x30, 0x20, 0x04, 0x00, 0x00, 
	0xAA, 0x96, 0x14, 0x97, 0x01, 0x00, 0x00, 0x00, 0x44, 0x10, 0xDA, 0x7B, 0x08, 0x00, 0x00, 0x06, 
	0x00, 0x40, 0x00, 0x00, 0x11, 0x0B, 0x01, 0x00, 0x2C, 0x00, 0x00, 0x00, 0x02, 0x00, 0x40, 0x04, 
	0x98, 0x10, 0x8B, 0x40, 0x04, 0x04, 0x00, 0x00, 0x00, 0x12, 0xD0, 0xFD, 0x60, 0x00, 0x0C, 0x00, 
	0x00, 0xF0, 0x00, 0x1E, 0xC0, 0x02, 0x01, 0x00, 0x03, 0x64, 0x80, 0x2C, 0xA0, 0x01, 0x30, 0x00, 
	0x16, 0xC8, 0x00, 0x78, 0x10, 0x03, 0x00, 0x00, 0x3C, 0x00, 0x00, 0x00, 0x00, 0x8E, 0xDE, 0x14, 
	0x38, 0x00, 0x00, 0x00, 0x00, 0x44, 0x14, 0x4A, 0x07, 0x00, 0x00, 0x0C, 0x00, 0x00, 0x30, 0x20, 
	0x16, 0xC0, 0x03, 0x00, 0x00, 0x0F, 0x02, 0x00, 0x2C, 0x20, 0x00, 0x30, 0x20, 0x1C, 0xC0, 0x03, 
	0x78, 0x10, 0x0B, 0x04, 0x00, 0x0C, 0x00, 0xE8, 0xFF, 0x04, 0x80, 0x30, 0x08, 0x00, 0x00, 0x00, 
	0x18, 0x00, 0x00, 0x01, 0x00, 0x00, 0x08, 0x00, 0x30, 0x00, 0x00, 0x00, 0x20, 0x00, 0x08, 0x80, 
	0x60, 0x00, 0x00, 0x00, 0x00, 0x30, 0x00, 0x01, 0x00, 0x00, 0x0C, 0x00, 0x14, 0x00, 0x80, 0x00, 
	0x00, 0x00, 0x04, 0x00, 0x8A, 0x00, 0x00, 0x00, 0x00, 0x00, 0x00, 0x00, 0x00, 0x18, 0x04, 0x03, 
	0x00, 0x00, 0x0C, 0x00, 0x00, 0x00, 0x00, 0x00, 0x00, 0x00, 0x18, 0x00, 0x03, 0x20, 0x20, 0x04, 
	0x02, 0x00, 0x00, 0x10, 0x09, 0xFB, 0x80, 0x01, 0xB0, 0x00, 0x00, 0x00, 0x42, 0x18, 0x00, 0x02, 
	0x00, 0x00, 0x2C, 0x80, 0x51, 0x30, 0x0A, 0x20, 0x02, 0x04, 0x50, 0x00, 0x10, 0x60, 0x20, 0x80, 
	0x02, 0x00, 0x30, 0x00, 0x05, 0x00, 0x00, 0x04, 0x01, 0x54, 0x00, 0x80, 0x02, 0x00, 0x00, 0x00, 
	0x00, 0x2A, 0x00, 0x00, 0x00, 0x00, 0x05, 0x00, 0x80, 0x44, 0x18, 0x00, 0x03, 0x00, 0x00, 0x0C, 
	0x00, 0x00, 0x20, 0x09, 0x00, 0xA0, 0x44, 0x18, 0x00, 0x03, 0x40, 0x04, 0x4C, 0x00, 0x00, 0x00, 
	0x02, 0x00, 0xFB, 0xA0, 0x01, 0x80, 0x40, 0x00, 0x10, 0x04, 0x00, 0x49, 0x21, 0x00, 0x00, 0x01, 
	0x00, 0x00, 0x14, 0x82, 0x00, 0xD0, 0x00, 0x1A, 0x40, 0x11, 0x00, 0x04, 0x00, 0x04, 0x00, 0x04, 
	0x04, 0x00, 0x00, 0x00, 0xA8, 0xEF, 0xD4, 0xFE, 0x01, 0x00, 0x00, 0x00, 0x00, 0x2A, 0x2A, 0xBB, 
	0x00, 0x00, 0x00, 0x0A, 0x00, 0x00, 0x00, 0x1A, 0x40, 0x01, 0x02, 0x00, 0x0D, 0x00, 0x00, 0x04, 
	0x10, 0x00, 0x10, 0x88, 0x80, 0x40, 0x10, 0x28, 0x00, 0x2D, 0x04, 0x00, 0x34, 0x21, 0x54, 0xF9, 
	0x80, 0x01, 0x00, 0x00, 0x00, 0x00, 0x20, 0x00, 0x00, 0x82, 0x00, 0x00, 0x00, 0x00, 0x40, 0x00, 
	0x08, 0x00, 0x00, 0x00, 0x00, 0x00, 0x00, 0x02, 0x40, 0x00, 0x00, 0x00, 0x00, 0x00, 0x00, 0x00, 
	0x00, 0xA2, 0x6E, 0x54, 0xEF, 0x00, 0x00, 0x00, 0x00, 0x50, 0x57, 0x2A, 0xDF, 0x00, 0x00, 0x00, 
	0x00, 0x00, 0x00, 0x00, 0x18, 0x04, 0x00, 0x00, 0x00, 0x00, 0x00, 0x00, 0x00, 0x00, 0x00, 0x40, 
	0x00, 0x00, 0x04, 0x80, 0x00, 0x20, 0x0C, 0x00, 0x00, 0x00, 0x00, 0x48, 0xFE, 0x80, 0x01, 0x08, 
	0x00, 0x00, 0xA0, 0x20, 0x06, 0x00, 0x83, 0x00, 0x00, 0x00, 0xE2, 0x01, 0x01, 0x10, 0x06, 0x00, 
	0x40, 0x00, 0x04, 0x00, 0x10, 0x00, 0x03, 0x00, 0x00, 0x30, 0xA0, 0x01, 0x00, 0x00, 0x7A, 0xE6, 
	0x54, 0xEF, 0x00, 0x01, 0x00, 0x00, 0x60, 0x04, 0x2A, 0x99, 0x00, 0x00, 0x0C, 0x00, 0x00, 0x00, 
	0x00, 0x18, 0x00, 0x00, 0x01, 0x00, 0x0C, 0x00, 0x00, 0x18, 0x00, 0x00, 0x80, 0x80, 0x06, 0x80, 
	0x00, 0x00, 0x10, 0x0C, 0x00, 0x00, 0x10, 0x00, 0xD0, 0xFD, 0x80, 0x81, 0x04, 0x00, 0x00, 0x10, 
	0x00, 0x02, 0x00, 0x10, 0x00, 0x00, 0x80, 0xA0, 0x11, 0x30, 0x01, 0x06, 0x00, 0x04, 0x80, 0x00, 
	0x08, 0x09, 0x00, 0x01, 0x00, 0x00, 0x00, 0x02, 0x08, 0x00, 0x00, 0x3E, 0xEF, 0xE1, 0xEE, 0x40, 
	0x00, 0x00, 0x00, 0x0B, 0x10, 0x36, 0xD9, 0x00, 0x00, 0x00, 0x00, 0x00, 0x00, 0x00, 0x98, 0x02, 
	0x23, 0x00, 0x00, 0x8C, 0x02, 0x00, 0xA4, 0x10, 0x00, 0x00, 0x02, 0x00, 0x40, 0x08, 0x04, 0x00, 
	0x88, 0x04, 0x00, 0xA0, 0x08, 0x3B, 0xFB, 0x00, 0x88, 0x30, 0x41, 0x00, 0x80, 0x22, 0x98, 0x04, 
	0xA1, 0x00, 0x00, 0x40, 0x04, 0x00, 0x00, 0x04, 0x00, 0x02, 0x42, 0x80, 0x10, 0x08, 0x60, 0x00, 
	0x4C, 0x00, 0x00, 0x10, 0x88, 0x00, 0x00, 0x00, 0xBA, 0xEE, 0xF4, 0xEE, 0x00, 0x01, 0x00, 0x00, 
	0x53, 0x21, 0x3A, 0xBD, 0x00, 0x00, 0x30, 0x21, 0x00, 0x00, 0x00, 0x48, 0x08, 0x40, 0x00, 0x00, 
	0x80, 0x02, 0x00, 0x00, 0x20, 0x00, 0x40, 0x00, 0x98, 0x10, 0x20, 0x00, 0x41, 0x24, 0x00, 0x00, 
	0x00, 0x12, 0x29, 0xFB, 0x60, 0x00, 0x3C, 0x00, 0x00, 0x70, 0x00, 0x1E, 0xC0, 0x02, 0x00, 0x00, 
	0x03, 0x60, 0x80, 0x2C, 0x80, 0x01, 0x30, 0x00, 0x06, 0xC0, 0x00, 0x7A, 0x40, 0x0E, 0x08, 0x00, 
	0x2C, 0x00, 0x01, 0x00, 0x00, 0xAA, 0x0E, 0xE0, 0x0E, 0x40, 0x00, 0x00, 0x00, 0x03, 0x0A, 0xB0, 
	0x0B, 0x00, 0x00, 0x38, 0x00, 0x00, 0x00, 0x00, 0x1E, 0xC0, 0x02, 0x00, 0x00, 0x0F, 0x00, 0x00, 
	0x2C, 0x00, 0x00, 0x30, 0x20, 0x1C, 0x80, 0x80, 0x18, 0x00, 0x0B, 0x02, 0x00, 0x0C, 0x00, 0x08, 
	0xF8, 0x00, 0x00, 0x31, 0x00, 0x00, 0x80, 0x00, 0x18, 0x00, 0x01, 0x00, 0x00, 0x00, 0x00, 0x40, 
	0x30, 0x00, 0x00, 0x00, 0x00, 0x00, 0x00, 0x00, 0x61, 0x00, 0x0C, 0x00, 0x00, 0x10, 0x10, 0x02, 
	0x00, 0x00, 0x08, 0x00, 0x60, 0x00, 0x00, 0x02, 0x00, 0x00, 0x00, 0x00, 0xB0, 0x00, 0x00, 0x00, 
	0x30, 0x00, 0x00, 0x00, 0x00, 0x08, 0x00, 0x03, 0x00, 0x00, 0x00, 0x02, 0x00, 0x00, 0x00, 0x00, 
	0x00, 0x20, 0x18, 0x00, 0x00, 0x02, 0x00, 0x04, 0x00, 0x00, 0x00, 0x10, 0x29, 0xF8, 0x80, 0x09, 
	0x30, 0x00, 0x00, 0x00, 0x22, 0x18, 0x00, 0x0A, 0x02, 0x00, 0x0C, 0x90, 0x09, 0x30, 0x09, 0x20, 
	0x02, 0x24, 0x80, 0x08, 0x20, 0x60, 0x00, 0x0C, 0x00, 0x00, 0x30, 0x82, 0x00, 0x00, 0x00, 0x06, 
	0x00, 0x24, 0x80, 0x00, 0x02, 0x00, 0x00, 0x02, 0x00, 0x12, 0x00, 0x00, 0x00, 0x30, 0x00, 0x00, 
	0x00, 0x00, 0x50, 0x20, 0x83, 0x00, 0x00, 0x4C, 0x00, 0x00, 0x20, 0x41, 0x00, 0x80, 0x00, 0x18, 
	0x00, 0x12, 0x00, 0x24, 0x2A, 0x08, 0x00, 0x00, 0x02, 0xA8, 0xF8, 0xA0, 0x01, 0x14, 0x09, 0x00, 
	0x10, 0x00, 0x00, 0x49, 0x00, 0x00, 0x00, 0x01, 0x00, 0x00, 0x34, 0x80, 0x00, 0xD0, 0x00, 0x02, 
	0x40, 0x11, 0x09, 0x08, 0x00, 0xA4, 0x01, 0x34, 0x00, 0x02, 0x00, 0x00, 0xCE, 0xFF, 0xA7, 0xFA, 
	0x41, 0x00, 0x00, 0x00, 0x43, 0xAC, 0x13, 0x22, 0x00, 0x00, 0x04, 0x02, 0x00, 0x00, 0x18, 0x02, 
	0x21, 0x10, 0x00, 0x0C, 0x01, 0x00, 0x00, 0x04, 0x10, 0x80, 0x00, 0x04, 0x02, 0x41, 0x03, 0x08, 
	0x00, 0x0D, 0x20, 0x00, 0x04, 0x06, 0xD0, 0xF8, 0x00, 0x00, 0x00, 0x00, 0x00, 0x00, 0x00, 0x00, 
	0x00, 0x00, 0x00, 0x00, 0x00, 0x00, 0x40, 0x30, 0x00, 0x00, 0x00, 0x00, 0x00, 0x00, 0x00, 0x00, 
	0x00, 0x00, 0x00, 0x00, 0x00, 0x00, 0x01, 0x00, 0x00, 0x88, 0xBE, 0x25, 0xFE, 0x81, 0x00, 0x00, 
	0x00, 0x03, 0x37, 0x12, 0xBB, 0x00, 0x00, 0x00, 0x10, 0x00, 0x00, 0x00, 0x00, 0x00, 0x00, 0x02, 
	0x00, 0x00, 0x00, 0x00, 0x00, 0x00, 0x00, 0x00, 0x40, 0x10, 0x08, 0x00, 0x00, 0x00, 0x0C, 0x04, 
	0x00, 0x10, 0x00, 0x98, 0xFF, 0x80, 0x41, 0x00, 0x00, 0x00, 0x20, 0x00, 0x06, 0xC0, 0x00, 0x00, 
	0x00, 0x0C, 0xE2, 0x01, 0x31, 0x00, 0x06, 0x00, 0x00, 0x04, 0x00, 0x00, 0x60, 0x00, 0x03, 0x00, 
	0x00, 0x30, 0x00, 0x04, 0x00, 0x00, 0xC6, 0xBA, 0xB6, 0xEE, 0x00, 0x02, 0x00, 0x00, 0x23, 0x33, 
	0x1B, 0x7B, 0x00, 0x00, 0x10, 0x00, 0x00, 0x20, 0x00, 0x18, 0xC0, 0x00, 0x10, 0x00, 0x02, 0x00, 
	0x00, 0x18, 0x80, 0x01, 0x20, 0x00, 0x00, 0x80, 0x83, 0x00, 0x00, 0x0C, 0x00, 0x00, 0x20, 0x00, 
	0xF8, 0xFF, 0x84, 0x05, 0x30, 0x12, 0x00, 0xD0, 0x28, 0x02, 0x40, 0x00, 0x00, 0x00, 0x80, 0x80, 
	0x11, 0x30, 0x00, 0x06, 0x00, 0x24, 0x02, 0x00, 0x20, 0x02, 0x24, 0x01, 0x00, 0x04, 0x01, 0x08, 
	0x00, 0x00, 0x00, 0x16, 0xAB, 0x2C, 0xEE, 0x01, 0x00, 0x00, 0x00, 0x4B, 0x66, 0x36, 0xE6, 0x05, 
	0x00, 0x00, 0x05, 0x00, 0x10, 0x00, 0x10, 0x49, 0x00, 0x08, 0x00, 0x01, 0x00, 0x00, 0x24, 0x10, 
	0x00, 0x10, 0x00, 0x80, 0x42, 0x03, 0x00, 0x00, 0x0C, 0x08, 0x00, 0x00, 0x11, 0xD8, 0xFE, 0x04, 
	0x04, 0x00, 0x02, 0x00, 0xC0, 0x02, 0x18, 0x01, 0x0B, 0x00, 0x00, 0x40, 0x04, 0x00, 0x00, 0x20, 
	0x10, 0x00, 0x42, 0x58, 0x00, 0x08, 0x20, 0x10, 0x8C, 0x00, 0x80, 0x00, 0x00, 0x00, 0x00, 0x00, 
	0xE8, 0xAA, 0x17, 0xFE, 0x23, 0x00, 0x00, 0x00, 0x43, 0x87, 0x0B, 0x2E, 0x00, 0x00, 0x00, 0x06, 
	0x00, 0xC0, 0x04, 0x90, 0x00, 0x0B, 0x61, 0x22, 0x0C, 0x02, 0x00, 0x00, 0x20, 0x26, 0xC0, 0x02, 
	0x00, 0x03, 0x20, 0x02, 0x22, 0x20, 0x84, 0x11, 0x10, 0x02, 0x18, 0xFB, 0xE0, 0x01, 0x2D, 0x20, 
	0x00, 0x30, 0x20, 0x1E, 0xC4, 0x03, 0x02, 0x00, 0x03, 0x60, 0x80, 0x0C, 0x80, 0x01, 0x32, 0x00, 
	0x1E, 0xC8, 0x00, 0x59, 0x00, 0x0E, 0x68, 0x00, 0x3C, 0x08, 0x00, 0x00, 0x00, 0xAE, 0x3A, 0x14, 
	0x3E, 0x00, 0x00, 0x00, 0x00, 0x03, 0x2A, 0x0A, 0x02, 0x00, 0x00, 0x0C, 0x00, 0x00, 0xF0, 0x80, 
	0x0E, 0xC4, 0x03, 0x78, 0x00, 0x0F, 0x00, 0x00, 0x2C, 0x80, 0x07, 0xF2, 0x80, 0x06, 0x80, 0x00, 
	0x18, 0x00, 0x0B, 0xE0, 0x81, 0x0C, 0x08, 0x28, 0xFC, 0x00, 0x00, 0x30, 0x00, 0x00, 0x00, 0x20, 
	0x18, 0x00, 0x03, 0x00, 0x00, 0x00, 0x00, 0x00, 0x30, 0x08, 0x00, 0x00, 0x40, 0x18, 0x00, 0x00, 
	0x20, 0x00, 0x0C, 0x00, 0x80, 0x30, 0x00, 0x00, 0x00, 0x00, 0x06, 0x00, 0x96, 0x00, 0x00, 0x00, 
	0x00, 0x00, 0x02, 0x00, 0x0B, 0x00, 0x00, 0x00, 0x00, 0x10, 0x00, 0xC0, 0x00, 0x08, 0x10, 0x03, 
	0x60, 0x00, 0x0C, 0x00, 0x00, 0x00, 0x10, 0x06, 0xC0, 0x00, 0x00, 0x08, 0x00, 0x60, 0x20, 0x00, 
	0x80, 0x01, 0x00, 0x08, 0xF8, 0xF8, 0x80, 0x91, 0x30, 0x08, 0x00, 0x00, 0x00, 0x18, 0x00, 0x03, 
	0x00, 0x00, 0x00, 0x90, 0x01, 0x32, 0x01, 0x00, 0x02, 0x04, 0x18, 0x00, 0x08, 0x62, 0x21, 0x0C, 
	0x00, 0x04, 0x30, 0x22, 0x00, 0x00, 0x00, 0x02, 0x00, 0x17, 0x00, 0x00, 0x00, 0x00, 0x00, 0x00, 
	0x44, 0x0B, 0x00, 0x00, 0x00, 0x00, 0x00, 0x00, 0xD0, 0x00, 0x58, 0x00, 0x03, 0x60, 0x00, 0x0C, 
	0x00, 0x00, 0x20, 0x02, 0x06, 0xC0, 0x00, 0x00, 0x00, 0x20, 0x64, 0x01, 0x80, 0x82, 0x01, 0x20, 
	0x01, 0xB8, 0xFC, 0xA0, 0x01, 0x80, 0x40, 0x00, 0xC0, 0x04, 0x00, 0x49, 0x10, 0x00, 0x00, 0x0D, 
	0x00, 0x00, 0x00, 0xA2, 0x10, 0x10, 0x00, 0x02, 0x40, 0x61, 0x00, 0x21, 0x00, 0x04, 0x00, 0x80, 
	0x10, 0x00, 0x00, 0x00, 0x60, 0x3B, 0x94, 0xFA, 0x01, 0x00, 0x00, 0x00, 0x05, 0xD1, 0x0A, 0xFF, 
	0x00, 0x30, 0x00, 0x01, 0x00, 0x10, 0x00, 0x80, 0x00, 0x10, 0x08, 0x00, 0x01, 0x00, 0x00, 0x14, 
	0x0A, 0x00, 0x50, 0x08, 0x0A, 0x41, 0x21, 0x0A, 0x04, 0x00, 0x01, 0x08, 0x00, 0x01, 0xD4, 0xF9, 
	0x00, 0x00, 0x00, 0x00, 0x00, 0xC0, 0x20, 0x00, 0x00, 0x82, 0x00, 0x00, 0x00, 0x00, 0x40, 0x00, 
	0x00, 0x00, 0x04, 0x00, 0x00, 0x00, 0x00, 0x00, 0x00, 0x00, 0x00, 0x00, 0x00, 0x80, 0x04, 0x00, 
	0x00, 0x56, 0xAA, 0x97, 0xEE, 0x48, 0x02, 0x00, 0x00, 0x85, 0xDD, 0x0B, 0xFF, 0x01, 0x00, 0x00, 
	0x08, 0x00, 0x00, 0x00, 0x00, 0x10, 0x00, 0x02, 0x00, 0x00, 0x00, 0x00, 0x00, 0x00, 0x00, 0x00, 
	0x40, 0x00, 0x08, 0x00, 0x00, 0x20, 0x00, 0x00, 0x80, 0x00, 0x20, 0x40, 0xFD, 0x80, 0x01, 0x08, 
	0x00, 0x00, 0xE0, 0x00, 0x06, 0x80, 0x03, 0x01, 0x00, 0x00, 0xE2, 0x01, 0x09, 0x00, 0x02, 0xC4, 
	0x40, 0x06, 0x00, 0x00, 0x10, 0x00, 0x03, 0x00, 0x00, 0x08, 0x00, 0x00, 0x00, 0x00, 0x78, 0xBB, 
	0xB5, 0xEE, 0x03, 0x00, 0x00, 0x00, 0x85, 0xDD, 0x5A, 0xFF, 0x48, 0x00, 0x0C, 0x00, 0x00, 0xC0, 
	0x20, 0x06, 0x80, 0x00, 0x60, 0x10, 0x02, 0x00, 0x00, 0x00, 0x10, 0x00, 0x40, 0x00, 0x00, 0x00, 
	0x83, 0x20, 0x00, 0x02, 0x60, 0x00, 0x08, 0x00, 0x90, 0xFB, 0x80, 0x45, 0x04, 0x00, 0x00, 0xD0, 
	0x00, 0x02, 0x40, 0x12, 0x00, 0x00, 0x80, 0xA0, 0x11, 0x04, 0x00, 0x40, 0x00, 0x04, 0x02, 0x00, 
	0x10, 0x09, 0x00, 0x01, 0x00, 0x00, 0x04, 0x00, 0x00, 0x00, 0x00, 0x68, 0x9B, 0xDB, 0xDE, 0x10, 
	0x00, 0x00, 0x00, 0x85, 0xDD, 0x47, 0xFF, 0x28, 0x00, 0x00, 0x00, 0x00, 0xC0, 0x00, 0x02, 0x40, 
	0x00, 0x60, 0x00, 0x01, 0x00, 0x00, 0x30, 0x00, 0x00, 0x00, 0x80, 0x80, 0x02, 0x03, 0x00, 0x21, 
	0x01, 0x20, 0x00, 0x04, 0x00, 0xBB, 0xFC, 0x00, 0x04, 0x30, 0x22, 0x00, 0x00, 0x24, 0x58, 0x04, 
	0x00, 0x00, 0x00, 0x40, 0x04, 0x00, 0x30, 0x40, 0x00, 0x02, 0x02, 0x18, 0x05, 0x00, 0x61, 0x00, 
	0x2C, 0x04, 0x00, 0x30, 0x20, 0x02, 0x00, 0x00, 0xEE, 0xBB, 0xB5, 0xEF, 0x10, 0x01, 0x00, 0x00, 
	0x85, 0xCD, 0x1A, 0xEF, 0x88, 0x01, 0x30, 0x21, 0x00, 0x00, 0x08, 0x18, 0x10, 0x03, 0x00, 0x04, 
	0x8C, 0x00, 0x00, 0x80, 0x00, 0x00, 0x00, 0x28, 0x00, 0x03, 0x90, 0x00, 0x00, 0x0C, 0x80, 0x01, 
	0xB0, 0x00, 0x39, 0xFC, 0xE0, 0x01, 0x3D, 0x00, 0x00, 0x30, 0x00, 0x1E, 0xC0, 0x02, 0x01, 0x00, 
	0x03, 0x60, 0x80, 0x3C, 0x80, 0x01, 0x30, 0x80, 0x1E, 0xC0, 0x00, 0x78, 0x40, 0x0E, 0x00, 0x00, 
	0x3C, 0x00, 0x04, 0x00, 0x00, 0x60, 0x1B, 0x86, 0x0C, 0x10, 0x02, 0x00, 0x00, 0x05, 0x08, 0x03, 
	0x0F, 0xE8, 0x81, 0x38, 0x00, 0x00, 0xF0, 0x40, 0x1E, 0xC0, 0x03, 0x79, 0x20, 0x0F, 0x02, 0x00, 
	0x2C, 0x08, 0x00, 0xB0, 0x00, 0x06, 0xC0, 0x02, 0x18, 0x40, 0x0F, 0xE8, 0x81, 0x3C, 0x20, 0xD8, 
	0xFE, 0x00, 0x80, 0x30, 0x00, 0x00, 0x00, 0x00, 0x18, 0x00, 0x00, 0x00, 0x00, 0x00, 0x00, 0x00, 
	0x30, 0x00, 0x00, 0x00, 0x00, 0x18, 0x00, 0x00, 0x60, 0x00, 0x0C, 0x00, 0x00, 0x30, 0x80, 0x04, 
	0x00, 0x00, 0x02, 0x00, 0x04, 0x00, 0x58, 0x02, 0x00, 0x00, 0x04, 0x00, 0x02, 0x00, 0x8C, 0x01, 
	0x30, 0x00, 0x00, 0x00, 0x00, 0x18, 0x00, 0x03, 0x00, 0x20, 0x0C, 0x00, 0x00, 0x30, 0x00, 0x00, 
	0x40, 0x00, 0x00, 0x08, 0x80, 0x00, 0x00, 0x0C, 0x80, 0x01, 0x30, 0x00, 0x79, 0xF9, 0x80, 0x09, 
	0x30, 0x00, 0x00, 0x00, 0x00, 0x18, 0x00, 0x02, 0x02, 0x00, 0x00, 0x90, 0x29, 0x30, 0x00, 0x20, 
	0x02, 0x24, 0x18, 0x00, 0x50, 0x60, 0x00, 0x0C, 0x00, 0x00, 0x30, 0x00, 0x04, 0x00, 0x00, 0x04, 
	0x80, 0x00, 0x00, 0x08, 0x02, 0x00, 0x00, 0x02, 0x00, 0x00, 0x00, 0x84, 0x01, 0x30, 0x00, 0x00, 
	0xC0, 0x88, 0x18, 0x00, 0x03, 0x60, 0x04, 0x0C, 0x00, 0x00, 0x30, 0x0A, 0x00, 0x80, 0x42, 0x00, 
	0x00, 0x0A, 0x00, 0x80, 0x0C, 0x80, 0x01, 0x30, 0x00, 0x28, 0xFE, 0x00, 0x00, 0x00, 0x00, 0x00, 
	0x00, 0x00, 0x00, 0x00, 0x00, 0x00, 0x00, 0x00, 0x00, 0x00, 0x00, 0x00, 0x00, 0x00, 0x00, 0x00, 
	0x00, 0x00, 0x00, 0x00, 0x00, 0x00, 0x00, 0x00, 0x00, 0x04, 0x00, 0x00, 0x84, 0xDF, 0x83, 0xDC, 
	0x01, 0x02, 0x00, 0x00, 0x22, 0xAA, 0x41, 0x77, 0x00, 0x00, 0x00, 0x00, 0x00, 0x00, 0x00, 0x00, 
	0x00, 0x00, 0x00, 0x00, 0x00, 0x00, 0x00, 0x00, 0x00, 0x00, 0x00, 0x00, 0x00, 0x00, 0x00, 0x00, 
	0x00, 0x00, 0x00, 0x00, 0x00, 0x00, 0x50, 0xFA, 0x20, 0x00, 0x04, 0x80, 0x00, 0x10, 0x00, 0x02, 
	0x40, 0x00, 0x08, 0x00, 0x01, 0x20, 0x00, 0x04, 0x80, 0x00, 0x10, 0x00, 0x02, 0x40, 0x00, 0x08, 
	0x00, 0x01, 0x20, 0x00, 0x04, 0x00, 0x00, 0x00, 0x00, 0x88, 0xDF, 0x81, 0xDC, 0x11, 0x00, 0x00, 
	0x00, 0xC2, 0xAA, 0x00, 0xFF, 0x28, 0x00, 0x04, 0x80, 0x00, 0x00, 0x00, 0x02, 0x40, 0x00, 0x08, 
	0x00, 0x01, 0x20, 0x00, 0x04, 0x80, 0x00, 0x10, 0x00, 0x02, 0x40, 0x00, 0x08, 0x00, 0x01, 0x20, 
	0x00, 0x04, 0x00, 0x80, 0xF9, 0x00, 0x00, 0x00, 0x00, 0x00, 0x00, 0x00, 0x00, 0x00, 0x00, 0x00, 
	0x00, 0x00, 0x00, 0x00, 0x00, 0x00, 0x00, 0x00, 0x00, 0x00, 0x00, 0x00, 0x00, 0x00, 0x00, 0x00, 
	0x00, 0x00, 0x00, 0x00, 0x00, 0x00, 0x88, 0xDD, 0xD7, 0xFC, 0x01, 0x00, 0x00, 0x00, 0xC2, 0x6B, 
	0x29, 0x5F, 0x00, 0x00, 0x00, 0x00, 0x00, 0x80, 0x00, 0x00, 0x00, 0x00, 0x00, 0x00, 0x00, 0x00, 
	0x00, 0x00, 0x00, 0x00, 0x00, 0x00, 0x00, 0x00, 0x00, 0x00, 0x00, 0x00, 0x00, 0x00, 0x00, 0x00, 
	0xA0, 0xFE, 0x28, 0x00, 0x04, 0x80, 0x00, 0x10, 0x00, 0x02, 0x40, 0x00, 0x08, 0x00, 0x01, 0x20, 
	0x00, 0x04, 0x80, 0x00, 0x10, 0x00, 0x02, 0x40, 0x00, 0x08, 0x00, 0x01, 0x20, 0x00, 0x04, 0x00, 
	0x00, 0x00, 0x00, 0x88, 0xDD, 0xB1, 0xDF, 0x01, 0x00, 0x00, 0x00, 0x46, 0xC7, 0x14, 0x75, 0x20, 
	0x00, 0x04, 0x80, 0x00, 0x10, 0x00, 0x02, 0x40, 0x00, 0x08, 0x00, 0x01, 0x20, 0x00, 0x04, 0x80, 
	0x00, 0x10, 0x00, 0x02, 0x40, 0x00, 0x08, 0x00, 0x01, 0x20, 0x00, 0x04, 0x00, 0x68, 0xFB, 0x00, 
	0x00, 0x00, 0x00, 0x00, 0x00, 0x00, 0x00, 0x00, 0x00, 0x00, 0x00, 0x00, 0x00, 0x00, 0x00, 0x00, 
	0x00, 0x00, 0x00, 0x00, 0x00, 0x00, 0x40, 0x00, 0x00, 0x00, 0x00, 0x20, 0x00, 0x00, 0x00, 0x00, 
	0x98, 0xDF, 0xF7, 0xDD, 0x01, 0x00, 0x00, 0x00, 0xC2, 0x8F, 0xB9, 0x77, 0x00, 0x01, 0x00, 0x00, 
	0x00, 0x00, 0x00, 0x00, 0x00, 0x00, 0x40, 0x00, 0x00, 0x00, 0x00, 0x00, 0x00, 0x00, 0x00, 0x00, 
	0x00, 0x00, 0x00, 0x00, 0x00, 0x08, 0x00, 0x00, 0x00, 0x00, 0xD8, 0xFB, 0x20, 0x00, 0x00, 0x80, 
	0x00, 0x00, 0x00, 0x00, 0x00, 0x00, 0x08, 0x00, 0x00, 0x00, 0x00, 0x00, 0x80, 0x00, 0x00, 0x00, 
	0x00, 0x40, 0x00, 0x00, 0x00, 0x00, 0x24, 0x00, 0x00, 0x00, 0x00, 0x00, 0x00, 0x9C, 0x7F, 0xB0, 
	0x1D, 0x00, 0x00, 0x00, 0x00, 0x22, 0x0A, 0x58, 0x07, 0x00, 0x00, 0x00, 0x90, 0x00, 0x00, 0x00, 
	0x00, 0x00, 0x00, 0x00, 0x00, 0x00, 0x24, 0x00, 0x00, 0x20, 0x00, 0x00, 0x00, 0x00, 0x08, 0x00, 
	0x09, 0x00, 0x00, 0x00, 0x00, 0x00, 0x00, 0xF0, 0xFE, 0x04, 0x00, 0x20, 0x00, 0x00, 0x80, 0x00, 
	0x10, 0x00, 0x02, 0x00, 0x00, 0x08, 0x00, 0x01, 0x20, 0x00, 0x00, 0x80, 0x00, 0x10, 0x00, 0x00, 
	0x00, 0x00, 0x08, 0x00, 0x00, 0x00, 0x00, 0x00, 0x00, 0x00, 0x04, 0x00, 0xB2, 0x00, 0x00, 0x00, 
	0x00, 0x00, 0x02, 0x00, 0x19, 0x00, 0x00, 0x00, 0x20, 0x00, 0x00, 0x80, 0x00, 0x10, 0x00, 0x02, 
	0x00, 0x00, 0x08, 0x00, 0x00, 0x20, 0x00, 0x04, 0x80, 0x00, 0x10, 0x00, 0x02, 0x00, 0x00, 0x00, 
	0x00, 0x01, 0x20, 0x00, 0x60, 0xFD, 0x20, 0x00, 0x04, 0x80, 0x00, 0x10, 0x00, 0x02, 0x40, 0x00, 
	0x08, 0x00, 0x01, 0x20, 0x00, 0x04, 0x80, 0x00, 0x10, 0x00, 0x02, 0x40, 0x00, 0x08, 0x00, 0x00, 
	0x20, 0x00, 0x04, 0x00, 0x00, 0x00, 0x00, 0x00, 0x00, 0x00, 0x00, 0x00, 0x00, 0x00, 0x00, 0x00, 
	0x00, 0x00, 0x00, 0x20, 0x00, 0x00, 0x80, 0x00, 0x10, 0x00, 0x02, 0x40, 0x00, 0x08, 0x00, 0x00, 
	0x20, 0x00, 0x00, 0x80, 0x00, 0x10, 0x00, 0x00, 0x00, 0x00, 0x08, 0x00, 0x01, 0x20, 0x00, 0x04, 
	0x00, 0xE8, 0xFB, 0x00, 0x00, 0x00, 0x04, 0x00, 0x00, 0x00, 0x00, 0x00, 0x00, 0x00, 0x00, 0x00, 
	0x00, 0x00, 0x00, 0x04, 0x00, 0x00, 0x00, 0x00, 0x00, 0x00, 0x00, 0x00, 0x00, 0x00, 0x00, 0x80, 
	0x00, 0x00, 0x00, 0x00, 0x00, 0x00, 0x00, 0x00, 0x00, 0x00, 0x00, 0x00, 0x00, 0x00, 0x00, 0x00, 
	0x00, 0x00, 0x00, 0x00, 0x00, 0x00, 0x00, 0x00, 0x00, 0x00, 0x02, 0x00, 0x00, 0x00, 0x00, 0x00, 
	0x00, 0x00, 0x00, 0x00, 0x00, 0x00, 0x82, 0x00, 0x00, 0x00, 0x00, 0x00, 0x00, 0x00, 0xD8, 0xFF, 
	0x00, 0x00, 0x80, 0x00, 0x00, 0x00, 0x00, 0x00, 0x00, 0x00, 0x00, 0x00, 0x00, 0x00, 0x00, 0x00, 
	0x00, 0x00, 0x00, 0x00, 0x00, 0x00, 0x00, 0x00, 0x00, 0x00, 0x00, 0x00, 0x00, 0x00, 0x00, 0x00, 
	0x00, 0x00, 0x00, 0x00, 0x00, 0x00, 0x00, 0x00, 0x00, 0x00, 0x00, 0x00, 0x00, 0x00, 0x00, 0x00, 
	0x00, 0x00, 0x00, 0x01, 0x00, 0x00, 0x00, 0x00, 0x00, 0x00, 0x00, 0x00, 0x04, 0x00, 0x00, 0x00, 
	0x00, 0x00, 0x00, 0x00, 0x00, 0x00, 0x00, 0x00, 0x00, 0x00, 0x00, 0x40, 0xFA, 0x00, 0x05, 0x00, 
	0x00, 0x00, 0x00, 0x00, 0x00, 0x00, 0x00, 0x00, 0x00, 0x00, 0x00, 0x00, 0x00, 0x00, 0x00, 0x08, 
	0x00, 0x02, 0x00, 0x00, 0x00, 0x00, 0x00, 0x00, 0x00, 0x00, 0x00, 0x00, 0x10, 0x00, 0x00, 0x04, 
	0x00, 0x00, 0x00, 0x00, 0x28, 0x00, 0x00, 0x01, 0x00, 0x00, 0x00, 0x00, 0x00, 0x00, 0x00, 0x00, 
	0x00, 0x00, 0x80, 0x00, 0x00, 0x00, 0x00, 0x00, 0x00, 0x00, 0x00, 0x00, 0x00, 0x40, 0x00, 0x00, 
	0x40, 0x00, 0x08, 0x02, 0x00, 0x00, 0x00, 0x00, 0x18, 0xFC, 0x00, 0x00, 0x20, 0x00, 0x00, 0x00, 
	0x00, 0x00, 0x00, 0x00, 0x00, 0x00, 0x00, 0x04, 0x00, 0x00, 0x00, 0x00, 0x00, 0x00, 0x00, 0x00, 
	0x00, 0x00, 0x00, 0x00, 0x00, 0x00, 0x00, 0x00, 0x01, 0x00, 0x00, 0x00, 0x00, 0x00, 0x80, 0x00, 
	0x00, 0x00, 0x00, 0x00, 0x00, 0x00, 0x40, 0x00, 0x00, 0x00, 0x00, 0x00, 0x00, 0x00, 0x02, 0x00, 
	0x00, 0x00, 0x00, 0x00, 0x00, 0x00, 0x00, 0x00, 0x00, 0x00, 0x60, 0x00, 0x00, 0x00, 0x00, 0x40, 
	0x00, 0x01, 0x00, 0x00, 0x08, 0xB8, 0xF8, 0x00, 0x00, 0x10, 0x00, 0x00, 0x00, 0x00, 0x00, 0x00, 
	0x00, 0x01, 0x00, 0x00, 0x00, 0x00, 0x00, 0x00, 0x00, 0x00, 0x00, 0x00, 0x00, 0x00, 0x00, 0x00, 
	0x00, 0x00, 0x00, 0x00, 0x00, 0x00, 0x00, 0x10, 0x00, 0x00, 0x00, 0x01, 0x00, 0x00, 0x00, 0x08, 
	0x00, 0x00, 0x80, 0x00, 0x00, 0x00, 0x00, 0x00, 0x00, 0x00, 0x00, 0x10, 0x00, 0x00, 0x00, 0x00, 
	0x00, 0x00, 0x00, 0x00, 0x00, 0x00, 0x00, 0x00, 0x00, 0x00, 0x00, 0x80, 0x00, 0x00, 0x00, 0x02, 
	0x00, 0x00, 0xB0, 0xFC, 0x00, 0x00, 0x00, 0x00, 0x00, 0x00, 0x00, 0x00, 0x10, 0x00, 0x00, 0x00, 
	0x10, 0x00, 0x00, 0x05, 0x00, 0x00, 0x00, 0x00, 0x00, 0x00, 0x00, 0x00, 0x00, 0x00, 0x00, 0x00, 
	0x00, 0x00, 0x00, 0x00, 0x00, 0x00, 0x00, 0x00, 0x00, 0x00, 0x00, 0x00, 0x00, 0x00, 0x00, 0x00, 
	0x00, 0x00, 0x00, 0x00, 0x00, 0x00, 0x00, 0x00, 0x00, 0x00, 0x00, 0x00, 0x00, 0x00, 0x00, 0x00, 
	0x50, 0x00, 0x00, 0x00, 0x00, 0x00, 0x00, 0x40, 0x00, 0x00, 0x00, 0x04, 0x00, 0x00, 0x00, 0x88, 
	0xFF, 0x00, 0x80, 0x00, 0x00, 0x00, 0x00, 0x40, 0x00, 0x08, 0x00, 0x00, 0x00, 0x01, 0x01, 0x00, 
	0x00, 0x00, 0x00, 0x00, 0x00, 0x00, 0x10, 0x00, 0x00, 0x00, 0x01, 0x20, 0x00, 0x00, 0x00, 0x00, 
	0x00, 0x00, 0x00, 0x00, 0x00, 0x00, 0x00, 0x00, 0x00, 0x00, 0x00, 0x00, 0x00, 0x00, 0x40, 0x00, 
	0x10, 0x04, 0x00, 0x80, 0x00, 0x00, 0x10, 0x00, 0x40, 0x00, 0x00, 0x00, 0x00, 0x00, 0x00, 0x00, 
	0x00, 0x00, 0x02, 0x00, 0x00, 0x22, 0x00, 0x02, 0x08, 0x00, 0x20, 0x00, 0x38, 0xFE, 0x00, 0x00, 
	0x01, 0x00, 0x00, 0x00, 0x00, 0x08, 0x00, 0x00, 0x40, 0x00, 0x04, 0x84, 0x40, 0x04, 0x20, 0x00, 
	0x01, 0x00, 0x00, 0x10, 0x80, 0x20, 0x00, 0x00, 0x00, 0x01, 0x01, 0x00, 0x00, 0x00, 0x00, 0x00, 
	0x00, 0x00, 0x00, 0x00, 0x00, 0x00, 0x00, 0x00, 0x00, 0x00, 0x00, 0x40, 0x00, 0x00, 0x08, 0x00, 
	0x80, 0x20, 0x00, 0x00, 0x81, 0x00, 0x00, 0x00, 0x00, 0x00, 0x00, 0x00, 0x00, 0x40, 0x00, 0x02, 
	0x00, 0x00, 0x00, 0x20, 0x02, 0x02, 0x00, 0x10, 0x08, 0xB4, 0xFC, 0x00, 0x80, 0x01, 0x05, 0x00, 
	0x00, 0x40, 0x82, 0x0A, 0x50, 0x08, 0x0C, 0x03, 0x2C, 0x00, 0x05, 0x20, 0x14, 0x84, 0x16, 0x00, 
	0x18, 0x8A, 0x0A, 0x00, 0x02, 0x60, 0x00, 0x01, 0x00, 0x00, 0x00, 0x00, 0x00, 0x00, 0x00, 0x00, 
	0x00, 0x00, 0x00, 0x00, 0x00, 0x00, 0x00, 0x00, 0x60, 0x00, 0x08, 0x30, 0x00, 0x30, 0x80, 0x00, 
	0x48, 0x00, 0x12, 0x00, 0x00, 0x00, 0x00, 0x00, 0x00, 0x00, 0x10, 0x00, 0x06, 0x00, 0x00, 0x11, 
	0x4A, 0x03, 0x0C, 0x30, 0x0C, 0x20, 0xD0, 0xFD, 0x40, 0x20, 0x04, 0x04, 0x00, 0x00, 0x00, 0x42, 
	0x11, 0x31, 0x05, 0x0C, 0x04, 0x00, 0x20, 0x20, 0x04, 0x74, 0x11, 0x8D, 0x10, 0x51, 0x80, 0xB2, 
	0x45, 0x88, 0x01, 0x40, 0x20, 0x00, 0x00, 0x00, 0x00, 0x00, 0x00, 0x00, 0x00, 0x00, 0x00, 0x00, 
	0x00, 0x00, 0x00, 0x00, 0x00, 0x00, 0x00, 0x44, 0x08, 0x00, 0x80, 0x00, 0x10, 0x28, 0x01, 0xC0, 
	0x00, 0x08, 0x01, 0x00, 0x00, 0x08, 0xC0, 0x10, 0x11, 0x00, 0x00, 0xA7, 0x50, 0xA0, 0x00, 0x00, 
	0x41, 0x10, 0x04, 0x60, 0xF8, 0x08, 0x00, 0x00, 0x00, 0x00, 0x00, 0x00, 0x00, 0x40, 0x00, 0x00, 
	0x00, 0x04, 0x00, 0x00, 0x00, 0x00, 0x00, 0x01, 0x00, 0x00, 0x00, 0x00, 0x09, 0x00, 0x00, 0x00, 
	0x80, 0x00, 0x00, 0x00, 0x00, 0x00, 0x00, 0x00, 0x00, 0x00, 0x00, 0x00, 0x00, 0x00, 0x00, 0x00, 
	0x00, 0x00, 0x00, 0x00, 0x00, 0x10, 0x00, 0x00, 0x00, 0x00, 0x00, 0x02, 0x00, 0x00, 0x00, 0x00, 
	0x00, 0x00, 0x20, 0x00, 0x00, 0x00, 0x00, 0x40, 0x80, 0x00, 0x00, 0x00, 0x00, 0x40, 0x10, 0x00, 
	0xD8, 0xFF, 0x00, 0x00, 0x01, 0x10, 0x00, 0x00, 0x00, 0x00, 0x00, 0x00, 0x00, 0x10, 0x00, 0x00, 
	0x40, 0x20, 0x10, 0x02, 0x00, 0x00, 0x04, 0x00, 0x00, 0x00, 0x00, 0x01, 0x02, 0x00, 0x10, 0x00, 
	0x00, 0x00, 0x00, 0x00, 0x00, 0x00, 0x00, 0x00, 0x00, 0x00, 0x00, 0x00, 0x00, 0x00, 0x00, 0x00, 
	0x00, 0x00, 0x00, 0x00, 0x80, 0x00, 0x08, 0x00, 0x00, 0x20, 0x00, 0x02, 0x04, 0x00, 0x00, 0x00, 
	0x00, 0x01, 0x10, 0x00, 0x00, 0x01, 0x40, 0x00, 0x00, 0x20, 0x00, 0x00, 0x08, 0x78, 0xF8, 0x00, 
	0x00, 0x00, 0x00, 0x00, 0x00, 0x00, 0x00, 0x00, 0x00, 0x00, 0x00, 0x00, 0x00, 0x00, 0x00, 0x00, 
	0x00, 0x00, 0x00, 0x00, 0x00, 0x00, 0x00, 0x00, 0x00, 0x00, 0x00, 0x00, 0x00, 0x00, 0x02, 0x00, 
	0x00, 0x00, 0x00, 0x00, 0x00, 0x00, 0x01, 0x00, 0x00, 0x00, 0x00, 0x00, 0x00, 0x00, 0x00, 0x00, 
	0x00, 0x00, 0x00, 0x00, 0x00, 0x00, 0x00, 0x00, 0x08, 0x00, 0x00, 0x00, 0x00, 0x00, 0x00, 0x00, 
	0x00, 0x00, 0x00, 0x00, 0x00, 0x00, 0x00, 0x00, 0x00, 0x00, 0x80, 0xFC, 0x40, 0x00, 0x00, 0x00, 
	0x00, 0x00, 0x00, 0x00, 0x00, 0x00, 0x00, 0x00, 0x00, 0x00, 0x00, 0x00, 0x00, 0x00, 0x00, 0x00, 
	0x00, 0x00, 0x00, 0x00, 0x00, 0x00, 0x00, 0x00, 0x00, 0x00, 0x00, 0x00, 0x00, 0x00, 0x00, 0x00, 
	0x00, 0x00, 0x00, 0x00, 0x00, 0x00, 0x00, 0x00, 0x00, 0x00, 0x00, 0x00, 0x00, 0x00, 0x00, 0x00, 
	0x08, 0x00, 0x00, 0x00, 0x00, 0x00, 0x00, 0x00, 0x00, 0x00, 0x00, 0x00, 0x01, 0x00, 0x00, 0x00, 
	0x02, 0x00, 0x00, 0x00, 0x00, 0x00, 0x00, 0x70, 0xFE, 0x00, 0x00, 0x80, 0x00, 0x00, 0x00, 0x00, 
	0x00, 0x00, 0x00, 0x00, 0x00, 0x00, 0x00, 0x00, 0x80, 0x80, 0x00, 0x00, 0x00, 0x00, 0x00, 0x00, 
	0x00, 0x00, 0x00, 0x00, 0x00, 0x00, 0x00, 0x00, 0x20, 0x00, 0x00, 0x00, 0x00, 0x00, 0x00, 0x00, 
	0x10, 0x00, 0x00, 0x00, 0x00, 0x00, 0x00, 0x00, 0x00, 0x00, 0x00, 0x00, 0x00, 0x00, 0x00, 0x08, 
	0x04, 0x00, 0x00, 0x00, 0x00, 0x00, 0x20, 0x00, 0x00, 0x00, 0x00, 0x00, 0x00, 0x00, 0x00, 0x00, 
	0x00, 0x00, 0x00, 0x00, 0x80, 0xFB, 0x90, 0x00, 0x10, 0x00, 0x00, 0x00, 0x00, 0x00, 0x00, 0x00, 
	0x00, 0x00, 0x00, 0x00, 0x00, 0x00, 0x10, 0x00, 0x00, 0x00, 0x00, 0x00, 0x00, 0x00, 0x00, 0x00, 
	0x00, 0x00, 0x00, 0x00, 0x00, 0x00, 0x00, 0x00, 0x00, 0x00, 0x00, 0x00, 0x00, 0x00, 0x00, 0x00, 
	0x00, 0x00, 0x00, 0x00, 0x02, 0x00, 0x00, 0x00, 0x00, 0x00, 0x20, 0x00, 0x00, 0x00, 0x00, 0x00, 
	0x00, 0x00, 0x00, 0x48, 0x00, 0x00, 0x00, 0x00, 0x00, 0x00, 0x00, 0x00, 0x00, 0x00, 0x02, 0x00, 
	0x00, 0x94, 0xFD, 0x02, 0x00, 0x00, 0x00, 0x00, 0x00, 0x00, 0x00, 0x00, 0x80, 0x00, 0x00, 0x00, 
	0x00, 0x00, 0x04, 0x00, 0x00, 0x00, 0x00, 0x00, 0x00, 0x00, 0x80, 0x00, 0x00, 0x00, 0x00, 0x00, 
	0x08, 0x00, 0x00, 0x00, 0x00, 0x00, 0x00, 0x00, 0x00, 0x00, 0x00, 0x00, 0x00, 0x00, 0x00, 0x00, 
	0x00, 0x00, 0x00, 0x00, 0x00, 0x00, 0x00, 0x00, 0x00, 0x00, 0x00, 0x00, 0x00, 0x00, 0x00, 0x00, 
	0x00, 0x00, 0x00, 0x00, 0x00, 0x00, 0x00, 0x00, 0x00, 0x00, 0x00, 0x00, 0x00, 0x80, 0xF8, 0xF9, 
	0x04, 0x00, 0x00, 0x00, 0x00, 0x00, 0x00, 0x00, 0x80, 0x00, 0x00, 0x00, 0x00, 0x00, 0x00, 0x00, 
	0x40, 0x00, 0x00, 0x00, 0x00, 0x00, 0x00, 0x00, 0x00, 0x00, 0x00, 0x00, 0x00, 0x00, 0x00, 0x00, 
	0x00, 0x00, 0x00, 0x00, 0x00, 0x00, 0x00, 0x00, 0x00, 0x00, 0x00, 0x00, 0x00, 0x00, 0x00, 0x00, 
	0x00, 0x00, 0x00, 0x00, 0x00, 0x00, 0x00, 0x00, 0x00, 0x00, 0x00, 0x00, 0x00, 0x00, 0x00, 0x00, 
	0x00, 0x00, 0x00, 0x08, 0x00, 0x00, 0x00, 0x02, 0x00, 0x00, 0x00, 0xA9, 0xFE, 0x00, 0x00, 0x00, 
	0x00, 0x00, 0x00, 0x00, 0x00, 0x00, 0x00, 0x00, 0x00, 0x00, 0x00, 0x00, 0x00, 0x20, 0x00, 0x00, 
	0x00, 0x00, 0x00, 0x00, 0x00, 0x00, 0x00, 0x08, 0x00, 0x00, 0x00, 0x00, 0x00, 0x00, 0x08, 0x00, 
	0x00, 0x10, 0x00, 0x00, 0x00, 0x00, 0x00, 0x02, 0x00, 0x00, 0x00, 0x00, 0x00, 0x00, 0x00, 0x00, 
	0x00, 0x00, 0x00, 0x00, 0x00, 0x00, 0x10, 0x00, 0x00, 0x00, 0x00, 0x00, 0x00, 0x00, 0x00, 0x00, 
	0x00, 0x20, 0x00, 0x04, 0x80, 0x00, 0x00, 0x00, 0x98, 0xF9, 0x08, 0x00, 0x00, 0x00, 0x00, 0x80, 
	0x00, 0x00, 0x00, 0x00, 0x00, 0x00, 0x00, 0x00, 0x00, 0x00, 0x00, 0x00, 0x00, 0x00, 0x00, 0x00, 
	0x00, 0x00, 0x00, 0x00, 0x00, 0x00, 0x00, 0x10, 0x00, 0x00, 0x00, 0x00, 0x00, 0x00, 0x00, 0x00, 
	0x00, 0x00, 0x00, 0x00, 0x00, 0x20, 0x00, 0x00, 0x00, 0x00, 0x00, 0x00, 0x00, 0x00, 0x00, 0x00, 
	0x00, 0x00, 0x00, 0x00, 0x00, 0x00, 0x00, 0x00, 0x00, 0x00, 0x00, 0x00, 0x00, 0x00, 0x20, 0x00, 
	0x11, 0x00, 0x00, 0x40, 0x00, 0x68, 0xFA, 0x40, 0x00, 0x00, 0x00, 0x00, 0x00, 0x00, 0x00, 0x00, 
	0x00, 0x00, 0x00, 0x00, 0x00, 0x00, 0x00, 0x00, 0x08, 0x00, 0x00, 0x00, 0x00, 0x00, 0x00, 0x00, 
	0x00, 0x00, 0x00, 0x00, 0x00, 0x00, 0x00, 0x00, 0x00, 0x00, 0x00, 0x00, 0x00, 0x00, 0x00, 0x00, 
	0x00, 0x00, 0x00, 0x00, 0x00, 0x00, 0x00, 0x00, 0x00, 0x00, 0x00, 0x00, 0x20, 0x00, 0x00, 0x00, 
	0x00, 0x00, 0x00, 0x00, 0x00, 0x00, 0x20, 0x10, 0x00, 0x00, 0x00, 0x00, 0x00, 0x00, 0x00, 0x00, 
	0x00, 0x00, 0x68, 0xFC, 0x00, 0x00, 0x00, 0x00, 0x00, 0x00, 0x00, 0x00, 0x00, 0x00, 0x00, 0x00, 
	0x00, 0x00, 0x00, 0x00, 0x04, 0x00, 0x00, 0x00, 0x00, 0x00, 0x00, 0x00, 0x00, 0x00, 0x00, 0x00, 
	0x00, 0x00, 0x00, 0x00, 0x00, 0x00, 0x00, 0x00, 0x40, 0x00, 0x00, 0x00, 0x00, 0x00, 0x00, 0x00, 
	0x20, 0x00, 0x00, 0x00, 0x00, 0x00, 0x00, 0x00, 0x00, 0x00, 0x00, 0x00, 0x00, 0x00, 0x00, 0x00, 
	0x00, 0x00, 0x00, 0x00, 0x00, 0x00, 0x00, 0x00, 0x00, 0x20, 0x04, 0x00, 0x00, 0x00, 0x00, 0xF8, 
	0xFD, 0x00, 0x00, 0x00, 0x00, 0x00, 0x00, 0x00, 0x00, 0x00, 0x00, 0x00, 0x00, 0x00, 0x00, 0x00, 
	0x00, 0x00, 0x00, 0x00, 0x00, 0x00, 0x00, 0x00, 0x00, 0x00, 0x00, 0x00, 0x00, 0x00, 0x00, 0x00, 
	0x00, 0x00, 0x00, 0x00, 0x00, 0x00, 0x00, 0x00, 0x00, 0x00, 0x00, 0x00, 0x00, 0x00, 0x00, 0x00, 
	0x00, 0x00, 0x00, 0x00, 0x00, 0x08, 0x00, 0x00, 0x00, 0x00, 0x00, 0x00, 0x00, 0x00, 0x00, 0x00, 
	0x00, 0x00, 0x00, 0x00, 0x00, 0x00, 0x00, 0x00, 0x20, 0x00, 0x00, 0x00, 0x10, 0xFD, 0x00, 0x40, 
	0x00, 0x08, 0x00, 0x00, 0x00, 0x04, 0x00, 0x00, 0x00, 0x00, 0x00, 0x20, 0x00, 0x00, 0x00, 0x04, 
	0x00, 0x00, 0x00, 0x40, 0x03, 0x00, 0x00, 0x10, 0x00, 0x00, 0x00, 0x00, 0x00, 0x00, 0x00, 0x00, 
	0x00, 0x00, 0x00, 0x00, 0x00, 0x00, 0x00, 0x00, 0x00, 0x00, 0x00, 0x00, 0x00, 0x40, 0x00, 0x00, 
	0x00, 0x00, 0x40, 0x00, 0x00, 0x00, 0x00, 0x10, 0x00, 0x00, 0x00, 0x10, 0x00, 0x00, 0x00, 0x20, 
	0x00, 0x04, 0x04, 0x00, 0x00, 0x00, 0x00, 0x00, 0x00, 0xE0, 0xF8, 0x00, 0x00, 0x00, 0x00, 0x00, 
	0x00, 0x00, 0x00, 0x00, 0x00, 0x00, 0x00, 0x00, 0x00, 0x00, 0x00, 0x00, 0x00, 0x00, 0x00, 0x01, 
	0x00, 0x00, 0x00, 0x00, 0x00, 0x00, 0x00, 0x00, 0x00, 0x00, 0x00, 0x00, 0x00, 0x00, 0x00, 0x00, 
	0x00, 0x00, 0x00, 0x00, 0x00, 0x00, 0x00, 0x00, 0x00, 0x00, 0x00, 0x00, 0x00, 0x00, 0x00, 0x00, 
	0x00, 0x00, 0x00, 0x00, 0x00, 0x00, 0x00, 0x00, 0x00, 0x00, 0x00, 0x00, 0x00, 0x00, 0x01, 0x00, 
	0x00, 0x00, 0x00, 0x00, 0x00, 0x00, 0x99, 0xFF, 0x00, 0x00, 0x00, 0x00, 0x00, 0x00, 0x00, 0x00, 
	0x00, 0x00, 0x00, 0x00, 0x00, 0x00, 0x00, 0x00, 0x00, 0x00, 0x00, 0x00, 0x00, 0x00, 0x00, 0x40, 
	0x00, 0x00, 0x00, 0x00, 0x10, 0x00, 0x00, 0x00, 0x00, 0x00, 0x00, 0x00, 0x00, 0x00, 0x00, 0x00, 
	0x00, 0x00, 0x00, 0x00, 0x00, 0x00, 0x00, 0x00, 0x00, 0x00, 0x00, 0x00, 0x00, 0x00, 0x00, 0x00, 
	0x00, 0x00, 0x00, 0x00, 0x00, 0x00, 0x00, 0x00, 0x00, 0x00, 0x00, 0x02, 0x00, 0x00, 0x00, 0x00, 
	0x00, 0x00, 0x00, 0x88, 0xF8, 0x00, 0x00, 0x00, 0x00, 0x00, 0x00, 0x00, 0x00, 0x00, 0x00, 0x00, 
	0x00, 0x00, 0x00, 0x00, 0x00, 0x00, 0x00, 0x00, 0x00, 0x00, 0x00, 0x00, 0x00, 0x00, 0x00, 0x00, 
	0x00, 0x00, 0x00, 0x00, 0x00, 0x00, 0x00, 0x00, 0x00, 0x00, 0x00, 0x00, 0x00, 0x00, 0x00, 0x00, 
	0x00, 0x00, 0x00, 0x00, 0x00, 0x00, 0x00, 0x00, 0x00, 0x00, 0x00, 0x00, 0x00, 0x00, 0x00, 0x00, 
	0x00, 0x00, 0x10, 0x00, 0x00, 0x00, 0x00, 0x00, 0x00, 0x00, 0x00, 0x00, 0x00, 0x00, 0x00, 0x00, 
	0x88, 0xFE, 0x00, 0x00, 0x00, 0x00, 0x00, 0x00, 0x00, 0x00, 0x00, 0x00, 0x00, 0x00, 0x00, 0x00, 
	0x00, 0x00, 0x00, 0x00, 0x00, 0x00, 0x00, 0x00, 0x00, 0x00, 0x00, 0x00, 0x00, 0x00, 0x00, 0x00, 
	0x00, 0x00, 0x00, 0x00, 0x00, 0x00, 0x00, 0x00, 0x00, 0x00, 0x00, 0x00, 0x00, 0x00, 0x00, 0x00, 
	0x00, 0x00, 0x00, 0x00, 0x00, 0x00, 0x00, 0x00, 0x00, 0x00, 0x00, 0x00, 0x00, 0x00, 0x20, 0x00, 
	0x00, 0x00, 0x00, 0x00, 0x00, 0x00, 0x00, 0x00, 0x00, 0x00, 0x00, 0x20, 0x00, 0x98, 0xFD, 0x00, 
	0x00, 0x00, 0x00, 0x00, 0x00, 0x00, 0x00, 0x00, 0x00, 0x00, 0x00, 0x00, 0x00, 0x00, 0x00, 0x00, 
	0x00, 0x00, 0x00, 0x00, 0x00, 0x00, 0x00, 0x00, 0x00, 0x00, 0x00, 0x00, 0x00, 0x00, 0x00, 0x00, 
	0x00, 0x00, 0x00, 0x00, 0x00, 0x04, 0x00, 0x00, 0x00, 0x00, 0x00, 0x00, 0x00, 0x00, 0x00, 0x00, 
	0x00, 0x00, 0x00, 0x00, 0x00, 0x00, 0x00, 0x00, 0x00, 0x00, 0x00, 0x00, 0x00, 0x04, 0x00, 0x00, 
	0x00, 0x00, 0x00, 0x00, 0x00, 0x00, 0x00, 0x00, 0x00, 0x00, 0x98, 0xFF, 0x00, 0x00, 0x00, 0x00, 
	0x00, 0x00, 0x00, 0x00, 0x00, 0x00, 0x00, 0x00, 0x00, 0x00, 0x00, 0x00, 0x00, 0x00, 0x00, 0x00, 
	0x10, 0x00, 0x00, 0x00, 0x00, 0x00, 0x00, 0x00, 0x00, 0x80, 0x00, 0x00, 0x00, 0x00, 0x00, 0x00, 
	0x00, 0x00, 0x00, 0x00, 0x00, 0x00, 0x00, 0x00, 0x00, 0x00, 0x00, 0x00, 0x00, 0x00, 0x00, 0x00, 
	0x00, 0x00, 0x00, 0x00, 0x00, 0x00, 0x00, 0x00, 0x00, 0x00, 0x00, 0x00, 0x00, 0x00, 0x00, 0x00, 
	0x00, 0x00, 0x00, 0x00, 0x00, 0x00, 0x00, 0x10, 0xFE, 0x00, 0x00, 0x00, 0x00, 0x00, 0x00, 0x00, 
	0x00, 0x00, 0x00, 0x00, 0x00, 0x00, 0x00, 0x00, 0x00, 0x00, 0x00, 0x00, 0x00, 0x00, 0x00, 0x00, 
	0x20, 0x00, 0x00, 0x00, 0x00, 0x10, 0x00, 0x00, 0x00, 0x00, 0x00, 0x00, 0x00, 0x00, 0x00, 0x00, 
	0x00, 0x00, 0x00, 0x00, 0x00, 0x00, 0x00, 0x00, 0x40, 0x00, 0x00, 0x00, 0x00, 0x00, 0x04, 0x80, 
	0x00, 0x00, 0x00, 0x00, 0x00, 0x08, 0x00, 0x00, 0x00, 0x00, 0x20, 0x00, 0x00, 0x00, 0x00, 0x00, 
	0x00, 0x00, 0x00, 0x08, 0xC0, 0xFA, 0x00, 0x00, 0x00, 0x00, 0x00, 0x00, 0x00, 0x00, 0x00, 0x00, 
	0x00, 0x00, 0x00, 0x00, 0x00, 0x00, 0x00, 0x00, 0x00, 0x00, 0x00, 0x00, 0x00, 0x00, 0x00, 0x00, 
	0x00, 0x00, 0x00, 0x00, 0x00, 0x00, 0x20, 0x00, 0x00, 0x00, 0x00, 0x00, 0x00, 0x00, 0x40, 0x00, 
	0x00, 0x00, 0x00, 0x00, 0x00, 0x00, 0x00, 0x00, 0x00, 0x00, 0x00, 0x80, 0x00, 0x00, 0x00, 0x00, 
	0x00, 0x00, 0x00, 0x00, 0x00, 0x00, 0x00, 0x00, 0x00, 0x00, 0x00, 0x00, 0x00, 0x00, 0x40, 0x00, 
	0x00, 0x10, 0xF9, 0x00, 0x00, 0x00, 0x00, 0x00, 0x00, 0x00, 0x00, 0x00, 0x00, 0x00, 0x00, 0x00, 
	0x00, 0x00, 0x00, 0x00, 0x00, 0x00, 0x00, 0x00, 0x00, 0x00, 0x00, 0x00, 0x01, 0x00, 0x00, 0x00, 
	0x00, 0x00, 0x00, 0x00, 0x00, 0x00, 0x00, 0x00, 0x00, 0x00, 0x00, 0x00, 0x00, 0x00, 0x00, 0x00, 
	0x20, 0x00, 0x00, 0x00, 0x00, 0x10, 0x00, 0x00, 0x00, 0x00, 0x08, 0x00, 0x00, 0x00, 0x00, 0x00, 
	0x00, 0x00, 0x00, 0x20, 0x00, 0x00, 0x00, 0x00, 0x00, 0x08, 0x00, 0x00, 0x00, 0x00, 0x98, 0xFD, 
	0x00, 0x00, 0x00, 0x00, 0x00, 0x00, 0x00, 0x00, 0x00, 0x00, 0x00, 0x00, 0x00, 0x00, 0x00, 0x20, 
	0x00, 0x00, 0x00, 0x00, 0x00, 0x00, 0x00, 0x10, 0x00, 0x00, 0x10, 0x00, 0x00, 0x00, 0x00, 0x00, 
	0x00, 0x00, 0x00, 0x00, 0x00, 0x00, 0x00, 0x00, 0x00, 0x00, 0x00, 0x00, 0x00, 0x00, 0x00, 0x00, 
	0x00, 0x00, 0x20, 0x00, 0x00, 0x00, 0x00, 0x00, 0x00, 0x00, 0x00, 0x00, 0x00, 0x00, 0x00, 0x00, 
	0x00, 0x00, 0x00, 0x00, 0x00, 0x00, 0x00, 0x00, 0x00, 0x00, 0x00, 0xB8, 0xFD, 0x00, 0x00, 0x00, 
	0x00, 0x00, 0x00, 0x00, 0x00, 0x80, 0x04, 0x00, 0x00, 0x00, 0x00, 0x00, 0x00, 0x00, 0x01, 0x00, 
	0x00, 0x04, 0x80, 0x00, 0x00, 0x00, 0x00, 0x00, 0x00, 0x00, 0x00, 0x00, 0x00, 0x00, 0x00, 0x00, 
	0x00, 0x00, 0x00, 0x00, 0x00, 0x00, 0x00, 0x00, 0x00, 0x00, 0x00, 0x00, 0x04, 0x00, 0x00, 0x80, 
	0x00, 0x00, 0x00, 0x02, 0x00, 0x00, 0x00, 0x00, 0x00, 0x84, 0x00, 0x00, 0x80, 0x00, 0x02, 0x00, 
	0x00, 0x00, 0x00, 0x00, 0x04, 0x01, 0x24, 0x00, 0x78, 0xFA, 0x00, 0x00, 0x00, 0x40, 0x00, 0x00, 
	0x00, 0x00, 0x00, 0x00, 0x00, 0x00, 0x00, 0x00, 0x20, 0x00, 0x00, 0x00, 0x01, 0x30, 0x00, 0x00, 
	0x80, 0x00, 0x00, 0x00, 0x00, 0x40, 0x00, 0x40, 0x00, 0x00, 0x00, 0x00, 0x00, 0x00, 0x01, 0x00, 
	0x00, 0x00, 0x00, 0x00, 0x00, 0x80, 0x00, 0x00, 0x00, 0x04, 0x00, 0x00, 0x00, 0x00, 0x00, 0x00, 
	0x00, 0x00, 0x00, 0x00, 0x00, 0x00, 0x00, 0x00, 0x00, 0x00, 0x00, 0x03, 0x00, 0x00, 0x80, 0x00, 
	0x00, 0x40, 0x00, 0x00, 0x40, 0x50, 0xFA, 0x00, 0x80, 0x00, 0x00, 0x00, 0x00, 0x00, 0x00, 0x00, 
	0x00, 0x00, 0x08, 0x00, 0x00, 0x00, 0x00, 0x00, 0x01, 0x00, 0x00, 0x00, 0x00, 0x01, 0x20, 0x10, 
	0x01, 0x00, 0x00, 0x10, 0x20, 0x00, 0x00, 0x00, 0x00, 0x00, 0x00, 0x00, 0x00, 0x00, 0x00, 0x00, 
	0x00, 0x00, 0x00, 0x00, 0x20, 0x00, 0x00, 0x00, 0x00, 0x00, 0x00, 0x00, 0x00, 0x01, 0x10, 0x00, 
	0x00, 0x04, 0x00, 0x04, 0x00, 0x00, 0x10, 0x00, 0x04, 0x04, 0x00, 0x00, 0x10, 0x00, 0x00, 0x40, 
	0x10, 0x00, 0x30, 0xFB, 0x00, 0x00, 0x01, 0xA0, 0x80, 0x80, 0x00, 0x08, 0x00, 0x02, 0x02, 0x40, 
	0x04, 0x80, 0x00, 0x00, 0x00, 0x02, 0x00, 0x00, 0x10, 0x04, 0x00, 0x02, 0x40, 0x08, 0x04, 0x20, 
	0x04, 0x00, 0x00, 0x00, 0x00, 0x00, 0x00, 0x00, 0x00, 0x00, 0x00, 0x00, 0x00, 0x00, 0x00, 0x00, 
	0x00, 0x00, 0x00, 0x00, 0x00, 0x00, 0x00, 0x20, 0x00, 0x08, 0x00, 0x10, 0x00, 0x00, 0x00, 0x00, 
	0x09, 0x00, 0x00, 0x22, 0x20, 0x00, 0x40, 0x00, 0x00, 0x00, 0x00, 0x20, 0x00, 0x00, 0x20, 0x79, 
	0xFF, 0x00, 0x80, 0xA1, 0xA0, 0x00, 0x14, 0x14, 0x02, 0x40, 0x0A, 0x02, 0x60, 0x01, 0x20, 0x40, 
	0x00, 0x80, 0x01, 0x01, 0x20, 0x52, 0x90, 0x81, 0x12, 0x60, 0x43, 0x09, 0x00, 0x0D, 0x10, 0x00, 
	0x00, 0x00, 0x04, 0x00, 0x00, 0x00, 0x00, 0x00, 0x00, 0x00, 0x02, 0x00, 0x00, 0x00, 0x40, 0x00, 
	0x00, 0x00, 0x00, 0x00, 0x80, 0x00, 0x90, 0x00, 0x18, 0x00, 0x00, 0x04, 0x00, 0x0D, 0x00, 0x14, 
	0x34, 0x80, 0x04, 0x48, 0x00, 0x00, 0x20, 0x00, 0xA0, 0x80, 0x08, 0x20, 0x50, 0xFA, 0x80, 0x00, 
	0x00, 0x52, 0x02, 0x80, 0x10, 0x42, 0x50, 0x24, 0xC2, 0x0C, 0x00, 0x01, 0x29, 0x00, 0xA0, 0xD0, 
	0x00, 0x58, 0x41, 0x04, 0xC8, 0xC2, 0x0D, 0x00, 0x02, 0x01, 0x20, 0x06, 0x00, 0x00, 0x00, 0x00, 
	0x00, 0x00, 0x00, 0x00, 0x00, 0x00, 0x00, 0x00, 0x00, 0x00, 0x00, 0x00, 0x31, 0x10, 0x04, 0x84, 
	0x50, 0x20, 0x10, 0x10, 0x40, 0x10, 0x00, 0x00, 0x40, 0x42, 0x00, 0x04, 0x04, 0x90, 0x00, 0x24, 
	0x06, 0x00, 0x00, 0x40, 0x00, 0x83, 0x08, 0x00, 0x08, 0x58, 0xFE, 0x80, 0x00, 0x00, 0x00, 0x01, 
	0x00, 0x00, 0x00, 0x00, 0x00, 0x00, 0x00, 0x00, 0x00, 0x00, 0x00, 0x00, 0x00, 0x00, 0x00, 0x00, 
	0x04, 0x00, 0x01, 0x00, 0x00, 0x04, 0x00, 0x00, 0x00, 0x00, 0x00, 0x00, 0x00, 0x00, 0x00, 0x00, 
	0x00, 0x00, 0x00, 0x00, 0x00, 0x00, 0x00, 0x00, 0x00, 0x00, 0x10, 0x00, 0x00, 0x80, 0x40, 0x00, 
	0x00, 0x00, 0x00, 0x00, 0x00, 0x00, 0x80, 0x00, 0x00, 0x00, 0x00, 0x00, 0x00, 0x04, 0x00, 0x00, 
	0x00, 0x00, 0x84, 0x00, 0x00, 0x08, 0x40, 0xFF, 0x00, 0x00, 0x00, 0x00, 0x00, 0x20, 0x10, 0x00, 
	0x00, 0x00, 0x20, 0x10, 0x00, 0x84, 0x40, 0x00, 0x00, 0x00, 0x01, 0x20, 0x00, 0x00, 0x80, 0x20, 
	0x10, 0x00, 0x40, 0x00, 0x04, 0x08, 0x00, 0x00, 0x00, 0x00, 0x00, 0x00, 0x00, 0x00, 0x00, 0x00, 
	0x00, 0x00, 0x00, 0x00, 0x00, 0x40, 0x40, 0x00, 0x20, 0x01, 0x04, 0x00, 0x08, 0x00, 0x80, 0x00, 
	0x00, 0x00, 0x00, 0x00, 0x00, 0xA0, 0x00, 0x80, 0x00, 0x00, 0x02, 0x00, 0x00, 0x00, 0x00, 0x02, 
	0x00, 0x00, 0x00, 0xC8, 0xFA, 0x10, 0x00, 0x00, 0x00, 0x00, 0x00, 0x00, 0x00, 0x00, 0x00, 0x00, 
	0x00, 0x00, 0x00, 0x00, 0x00, 0x00, 0x00, 0x40, 0x00, 0x00, 0x00, 0x00, 0x00, 0x20, 0x00, 0x82, 
	0x00, 0x00, 0x10, 0x00, 0x00, 0x00, 0x00, 0x00, 0x00, 0x00, 0x00, 0x00, 0x00, 0x00, 0x00, 0x00, 
	0x00, 0x00, 0x00, 0x00, 0x00, 0x00, 0x00, 0x00, 0x20, 0x40, 0x00, 0x00, 0x00, 0x00, 0x00, 0x00, 
	0x00, 0x40, 0x00, 0x00, 0x00, 0x00, 0x00, 0x80, 0x00, 0x00, 0x00, 0x00, 0x00, 0x00, 0x80, 0x00, 
	0xAC, 0xFE, 0x00, 0x00, 0x00, 0x00, 0x00, 0x00, 0x00, 0x00, 0x00, 0x00, 0x00, 0x00, 0x00, 0x00, 
	0x00, 0x40, 0x00, 0x00, 0x00, 0x00, 0x00, 0x00, 0x00, 0x08, 0x28, 0x00, 0x00, 0x00, 0x04, 0x00, 
	0x04, 0x00, 0x00, 0x00, 0x00, 0x00, 0x00, 0x00, 0x00, 0x00, 0x08, 0x00, 0x00, 0x00, 0x00, 0x00, 
	0x00, 0x00, 0x00, 0x00, 0x00, 0x00, 0x00, 0x20, 0x04, 0x00, 0x00, 0x00, 0x00, 0x00, 0x00, 0x00, 
	0x00, 0x00, 0x00, 0x00, 0x00, 0x00, 0x00, 0x00, 0x00, 0x00, 0x00, 0x00, 0x00, 0xF8, 0xF9, 0x00, 
	0x00, 0x00, 0x00, 0x00, 0x00, 0x00, 0x00, 0x00, 0x00, 0x00, 0x00, 0x00, 0x04, 0x00, 0x00, 0x00, 
	0x00, 0x00, 0x00, 0x00, 0x00, 0x00, 0x00, 0x00, 0x08, 0x04, 0x00, 0x00, 0x00, 0x00, 0x00, 0x00, 
	0x00, 0x00, 0x00, 0x00, 0x00, 0x00, 0x00, 0x00, 0x00, 0x00, 0x00, 0x00, 0x00, 0x02, 0x00, 0x00, 
	0x00, 0x00, 0x01, 0x04, 0x00, 0x00, 0x80, 0x00, 0x00, 0x00, 0x00, 0x00, 0x00, 0x00, 0x00, 0x00, 
	0x00, 0x00, 0x00, 0x04, 0x00, 0x00, 0x00, 0x80, 0x00, 0x00, 0x88, 0xFC, 0x00, 0x00, 0x00, 0x00, 
	0x00, 0x00, 0x00, 0x00, 0x00, 0x80, 0x00, 0x00, 0x00, 0x40, 0x00, 0x00, 0x00, 0x00, 0x04, 0x80, 
	0x08, 0x00, 0x00, 0x00, 0x00, 0x00, 0x00, 0x00, 0x00, 0x00, 0x00, 0x08, 0x00, 0x00, 0x00, 0x00, 
	0x00, 0x00, 0x02, 0x00, 0x00, 0x00, 0x00, 0x00, 0x00, 0x00, 0x00, 0x00, 0x00, 0x00, 0x00, 0x00, 
	0x00, 0x00, 0x00, 0x00, 0x00, 0x00, 0x00, 0x00, 0x00, 0x04, 0x00, 0x00, 0x00, 0x00, 0x00, 0x00, 
	0x00, 0x00, 0x00, 0x00, 0x00, 0x00, 0x04, 0x78, 0xFB, 0x00, 0x00, 0x00, 0x00, 0x00, 0x00, 0x00, 
	0x00, 0x00, 0x00, 0x00, 0x00, 0x00, 0x00, 0x00, 0x00, 0x00, 0x00, 0x00, 0x00, 0x00, 0x40, 0x80, 
	0x00, 0x00, 0x06, 0x00, 0x00, 0x00, 0x00, 0x04, 0x00, 0x00, 0x00, 0x00, 0x00, 0x00, 0x00, 0x00, 
	0x00, 0x00, 0x00, 0x00, 0x20, 0x00, 0x00, 0x00, 0x00, 0x00, 0x00, 0x00, 0x00, 0x00, 0x00, 0x01, 
	0x00, 0x00, 0x00, 0x00, 0x00, 0x00, 0x00, 0x00, 0x00, 0x00, 0x00, 0x00, 0x00, 0x00, 0x00, 0x00, 
	0x00, 0x00, 0x00, 0x00, 0xA0, 0xFE, 0x00, 0x00, 0x00, 0x00, 0x00, 0x00, 0x00, 0x00, 0x00, 0x04, 
	0x00, 0x00, 0x00, 0x80, 0x02, 0x00, 0x00, 0x08, 0x00, 0x01, 0x20, 0x02, 0x04, 0x00, 0x00, 0x00, 
	0x00, 0x00, 0x00, 0x00, 0x00, 0x00, 0x00, 0x00, 0x00, 0x00, 0x00, 0x00, 0x80, 0x00, 0x00, 0x00, 
	0x00, 0x00, 0x00, 0x00, 0x00, 0x08, 0x00, 0x00, 0x00, 0x00, 0x10, 0x00, 0x00, 0x00, 0x00, 0x00, 
	0x00, 0x00, 0x08, 0x80, 0x00, 0x80, 0x02, 0x04, 0x00, 0x00, 0x00, 0x00, 0x00, 0x00, 0x00, 0x00, 
	0x00, 0x88, 0xFD, 0x00, 0x00, 0x00, 0x08, 0x00, 0x00, 0x00, 0x00, 0x40, 0x00, 0x00, 0x00, 0x00, 
	0x01, 0x00, 0x00, 0x00, 0x00, 0x20, 0x00, 0x00, 0x00, 0x00, 0x40, 0x00, 0x00, 0x40, 0x00, 0x00, 
	0x00, 0x00, 0x00, 0x00, 0x00, 0x00, 0x00, 0x00, 0x00, 0x00, 0x00, 0x00, 0x00, 0x00, 0x00, 0x00, 
	0x00, 0x00, 0x00, 0x00, 0x00, 0x00, 0x00, 0x00, 0x00, 0x00, 0x00, 0x00, 0x00, 0x00, 0x00, 0x10, 
	0x00, 0x00, 0x00, 0x00, 0x00, 0x00, 0x08, 0x00, 0x00, 0x00, 0x00, 0x00, 0x00, 0x00, 0x28, 0xFA, 
	0x20, 0x00, 0x00, 0x00, 0x00, 0x00, 0x00, 0x00, 0x00, 0x00, 0x00, 0x00, 0x00, 0x00, 0x00, 0x00, 
	0x00, 0x00, 0x00, 0x00, 0x00, 0x00, 0x00, 0x00, 0x00, 0x00, 0x00, 0x00, 0x00, 0x04, 0x10, 0x00, 
	0x00, 0x00, 0x00, 0x20, 0x00, 0x00, 0x08, 0x00, 0x00, 0x00, 0x00, 0x40, 0x00, 0x00, 0x00, 0x00, 
	0x00, 0x00, 0x00, 0x00, 0x00, 0x00, 0x00, 0x00, 0x00, 0x00, 0x00, 0x00, 0x00, 0x00, 0x00, 0x00, 
	0x00, 0x00, 0x80, 0x01, 0x40, 0x00, 0x00, 0x00, 0x00, 0x00, 0x00, 0xA8, 0xFC, 0x00, 0x00, 0x00, 
	0x10, 0x00, 0x00, 0x00, 0x00, 0x00, 0x00, 0x00, 0x00, 0x01, 0x00, 0x00, 0x00, 0x00, 0x00, 0x00, 
	0x00, 0x08, 0x00, 0x00, 0x00, 0x00, 0x00, 0x00, 0x00, 0x00, 0x00, 0x00, 0x01, 0x00, 0x00, 0x10, 
	0x20, 0x00, 0x00, 0x80, 0x00, 0x00, 0x00, 0x00, 0x00, 0x00, 0x00, 0x00, 0x00, 0x00, 0x00, 0x00, 
	0x00, 0x00, 0x00, 0x00, 0x00, 0x00, 0x00, 0x00, 0x00, 0x20, 0x00, 0x00, 0x00, 0x00, 0x00, 0x00, 
	0x00, 0x00, 0x00, 0x00, 0x00, 0x00, 0x00, 0x20, 0xA0, 0xFE, 0x00, 0x01, 0x00, 0x00, 0x00, 0x00, 
	0x00, 0x00, 0x00, 0x00, 0x00, 0x00, 0x00, 0x00, 0x00, 0x00, 0x00, 0x01, 0x00, 0x00, 0x00, 0x00, 
	0x00, 0x00, 0x00, 0x00, 0x00, 0x00, 0x00, 0x00, 0x00, 0x00, 0x00, 0x00, 0x00, 0x00, 0x00, 0x00, 
	0x00, 0x00, 0x00, 0x00, 0x00, 0x00, 0x10, 0x00, 0x00, 0x00, 0x04, 0x00, 0x00, 0x00, 0x00, 0x00, 
	0x00, 0x20, 0x00, 0x00, 0x00, 0x00, 0x00, 0x00, 0x00, 0x60, 0x00, 0x00, 0x02, 0x00, 0x00, 0x00, 
	0x00, 0x00, 0x00, 0x80, 0x00, 0xE4, 0xFF, 0x00, 0x02, 0x20, 0x40, 0x00, 0x00, 0x00, 0x00, 0x00, 
	0x00, 0x00, 0x00, 0x10, 0x00, 0x00, 0x08, 0x00, 0x00, 0x00, 0x00, 0x00, 0x00, 0x00, 0x00, 0x00, 
	0x00, 0x00, 0x00, 0x00, 0x00, 0x00, 0x00, 0x00, 0x00, 0x00, 0x80, 0x00, 0x00, 0x00, 0x00, 0x00, 
	0x00, 0x00, 0x10, 0x00, 0x00, 0x00, 0x00, 0x00, 0x00, 0x00, 0x00, 0x20, 0x02, 0x00, 0x00, 0x00, 
	0x00, 0x00, 0x00, 0x00, 0x00, 0x10, 0x00, 0x01, 0x00, 0x00, 0x00, 0x40, 0x00, 0x00, 0x40, 0x00, 
	0x00, 0x00, 0x58, 0xFC, 0x00, 0x00, 0x00, 0x00, 0x00, 0x00, 0x00, 0x00, 0x00, 0x00, 0x00, 0x00, 
	0x04, 0x08, 0x00, 0x80, 0x00, 0x80, 0x00, 0x00, 0x00, 0x00, 0x00, 0x00, 0x00, 0x00, 0x00, 0x00, 
	0x00, 0x00, 0x00, 0x00, 0x00, 0x08, 0x00, 0x00, 0x00, 0x01, 0x00, 0x00, 0x00, 0x01, 0x00, 0x00, 
	0x08, 0x00, 0x00, 0x00, 0x00, 0x00, 0x00, 0x80, 0x00, 0x50, 0x01, 0x02, 0x00, 0x00, 0x00, 0x00, 
	0x00, 0x00, 0x00, 0x00, 0x00, 0x00, 0x00, 0x00, 0x00, 0x00, 0x00, 0x00, 0x00, 0x18, 0x00, 0xD9, 
	0xFC, 0x00, 0x00, 0x04, 0xC0, 0x00, 0x10, 0x00, 0x42, 0x40, 0x00, 0x00, 0x20, 0x25, 0xA2, 0x44, 
	0x00, 0x80, 0x12, 0x11, 0x02, 0x02, 0x40, 0x02, 0x09, 0x24, 0x0C, 0x02, 0x00, 0x00, 0x00, 0x00, 
	0x00, 0x00, 0x00, 0x00, 0x00, 0x00, 0x00, 0x00, 0x00, 0x00, 0x00, 0x00, 0x00, 0x00, 0x20, 0x00, 
	0x34, 0x00, 0x00, 0xD4, 0x02, 0x02, 0x40, 0x03, 0x68, 0x00, 0x01, 0xA8, 0x01, 0x00, 0x80, 0x04, 
	0x50, 0x08, 0x00, 0x00, 0x20, 0x04, 0x00, 0x00, 0x00, 0x00, 0x00, 0x00, 0x50, 0xF9, 0x00, 0x80, 
	0x00, 0x00, 0x00, 0x00, 0x00, 0x10, 0x08, 0x00, 0x00, 0x00, 0x00, 0x00, 0x00, 0x00, 0x00, 0x00, 
	0x80, 0x80, 0x00, 0x00, 0x00, 0x00, 0x00, 0x0C, 0x00, 0x00, 0x00, 0x00, 0x00, 0x00, 0x00, 0x00, 
	0x00, 0x00, 0x00, 0x00, 0x00, 0x00, 0x00, 0x00, 0x00, 0x00, 0x00, 0x00, 0x00, 0x00, 0x00, 0x00, 
	0xC0, 0x40, 0x00, 0x00, 0x00, 0x00, 0x00, 0x00, 0x00, 0x00, 0x00, 0x00, 0x02, 0x02, 0x40, 0x00, 
	0x00, 0x00, 0x00, 0x00, 0x00, 0x00, 0x00, 0x00, 0x00, 0x88, 0xF8, 0xE0, 0x01, 0x10, 0x08, 0x06, 
	0xC1, 0x20, 0x00, 0xC4, 0x00, 0x18, 0x00, 0x00, 0x04, 0x80, 0x00, 0x00, 0x04, 0x80, 0x00, 0x00, 
	0x00, 0x03, 0x60, 0x20, 0x0F, 0x00, 0x00, 0x00, 0x00, 0x00, 0x00, 0x00, 0x00, 0x00, 0x00, 0x00, 
	0x00, 0x00, 0x00, 0x00, 0x00, 0x00, 0x00, 0x00, 0x00, 0x00, 0x30, 0x80, 0x01, 0xC0, 0x00, 0x18, 
	0x08, 0x03, 0x60, 0x10, 0x0C, 0x84, 0x41, 0x00, 0x00, 0x02, 0x00, 0x00, 0x00, 0x80, 0x00, 0x00, 
	0x00, 0x00, 0x00, 0x00, 0x00, 0x00, 0xC8, 0xF9, 0xA0, 0x01, 0x00, 0x02, 0x00, 0x00, 0x00, 0x00, 
	0x40, 0x00, 0x00, 0x00, 0x0C, 0x80, 0x05, 0x00, 0x00, 0x06, 0x44, 0x84, 0x00, 0x00, 0x13, 0x41, 
	0x04, 0x0C, 0x00, 0x00, 0x00, 0x00, 0x00, 0x00, 0x00, 0x00, 0x00, 0x00, 0x00, 0x00, 0x00, 0x00, 
	0x00, 0x00, 0x00, 0x00, 0x00, 0x00, 0x00, 0x00, 0x0A, 0x00, 0xC0, 0x08, 0x41, 0x00, 0x08, 0x01, 
	0x02, 0x08, 0x00, 0x04, 0x00, 0x00, 0x16, 0x44, 0x48, 0x00, 0x40, 0x00, 0x00, 0x00, 0x00, 0x00, 
	0x00, 0x00, 0x00, 0xC8, 0xF9, 0x00, 0x84, 0x00, 0x00, 0x06, 0x00, 0x40, 0x00, 0x08, 0xA3, 0x60, 
	0x0C, 0x20, 0x00, 0x04, 0x00, 0x00, 0x46, 0x42, 0x04, 0x80, 0x10, 0xA0, 0x60, 0x81, 0x00, 0x04, 
	0x00, 0x00, 0x00, 0x00, 0x00, 0x00, 0x00, 0x00, 0x00, 0x00, 0x00, 0x00, 0x00, 0x00, 0x00, 0x00, 
	0x00, 0x00, 0x00, 0x08, 0x01, 0x21, 0xC6, 0xC0, 0x44, 0x40, 0x00, 0x08, 0x00, 0x01, 0x48, 0x04, 
	0x08, 0x01, 0x00, 0x00, 0x02, 0x18, 0x00, 0x00, 0x63, 0x00, 0x00, 0x00, 0x00, 0x00, 0x00, 0x00, 
	0x50, 0xFB, 0x60, 0x00, 0x0C, 0x90, 0x00, 0x30, 0x00, 0x06, 0xC0, 0x03, 0x78, 0x00, 0x0B, 0x62, 
	0x41, 0x00, 0x80, 0x03, 0xB0, 0x80, 0x06, 0xC0, 0x01, 0x18, 0x00, 0x03, 0x00, 0x00, 0x00, 0x00, 
	0x00, 0x00, 0x00, 0x00, 0x00, 0x00, 0x00, 0x00, 0x00, 0x00, 0x00, 0x00, 0x00, 0x00, 0x00, 0x60, 
	0x00, 0x0C, 0x80, 0x07, 0xF0, 0x00, 0x06, 0xC8, 0x00, 0x1A, 0x40, 0x07, 0x60, 0x00, 0x00, 0x80, 
	0x01, 0x30, 0x00, 0x00, 0xC0, 0x03, 0x00, 0x00, 0x00, 0x00, 0x00, 0x00, 0x00, 0xC0, 0xFD, 0x00, 
	0x40, 0x00, 0x00, 0x00, 0x00, 0x00, 0x00, 0x00, 0x03, 0x60, 0x00, 0x0C, 0x80, 0x41, 0x00, 0x00, 
	0x00, 0x00, 0x40, 0x18, 0x04, 0x83, 0x00, 0x00, 0x00, 0x00, 0x00, 0x00, 0x00, 0x00, 0x00, 0x00, 
	0x00, 0x00, 0x00, 0x00, 0x00, 0x00, 0x00, 0x00, 0x00, 0x00, 0x00, 0x00, 0x80, 0x01, 0x30, 0x00, 
	0x06, 0x00, 0x80, 0x00, 0x10, 0x83, 0x60, 0x20, 0x04, 0x80, 0x01, 0x00, 0x00, 0x06, 0x01, 0x00, 
	0x00, 0x00, 0x03, 0x00, 0x00, 0x00, 0x00, 0x00, 0x00, 0x00, 0xA8, 0xF8, 0x00, 0x10, 0x00, 0x0A, 
	0x06, 0x00, 0x20, 0x14, 0x02, 0x03, 0x60, 0x00, 0x8C, 0x82, 0x09, 0x00, 0x00, 0x14, 0x44, 0x08, 
	0x98, 0x00, 0x10, 0x40, 0x41, 0x00, 0x00, 0x00, 0x00, 0x00, 0x00, 0x00, 0x00, 0x00, 0x00, 0x00, 
	0x00, 0x00, 0x00, 0x00, 0x00, 0x00, 0x00, 0x00, 0x00, 0x80, 0x21, 0x30, 0x04, 0x06, 0xA0, 0x00, 
	0x40, 0x00, 0x23, 0x60, 0x04, 0x4C, 0x88, 0x89, 0x00, 0x00, 0x14, 0x00, 0x84, 0x00, 0x00, 0x03, 
	0x00, 0x00, 0x00, 0x00, 0x00, 0x00, 0x00, 0xF0, 0xFF, 0x00, 0x00, 0x84, 0x80, 0x00, 0x10, 0x00, 
	0x02, 0x44, 0x00, 0x00, 0x00, 0x00, 0x00, 0x00, 0x95, 0xA0, 0x12, 0x11, 0x02, 0x00, 0x48, 0x03, 
	0x00, 0x84, 0x00, 0x02, 0x00, 0x04, 0x20, 0x00, 0x00, 0x00, 0x00, 0x00, 0x00, 0x00, 0x02, 0x00, 
	0x00, 0x00, 0x00, 0x00, 0x00, 0x00, 0xA1, 0x04, 0xB4, 0x80, 0x02, 0xD1, 0x22, 0x1A, 0x00, 0x10, 
	0x68, 0x00, 0x01, 0x00, 0x00, 0x00, 0x80, 0x06, 0x50, 0x24, 0x00, 0x00, 0x20, 0x04, 0x00, 0x00, 
	0x00, 0x00, 0x00, 0x00, 0x98, 0xFD, 0x00, 0x80, 0x00, 0x08, 0x00, 0x00, 0x40, 0x10, 0x00, 0x00, 
	0x00, 0x00, 0x00, 0x08, 0x00, 0x20, 0x00, 0x00, 0x00, 0x80, 0x00, 0x00, 0x03, 0x00, 0x00, 0x00, 
	0x00, 0x00, 0x00, 0x00, 0x00, 0x00, 0x00, 0x00, 0x00, 0x00, 0x00, 0x0C, 0x00, 0x00, 0x00, 0x00, 
	0x00, 0x00, 0x00, 0x06, 0x41, 0x00, 0x08, 0x04, 0xC0, 0x00, 0x00, 0x00, 0x00, 0x01, 0x00, 0x00, 
	0x08, 0x00, 0x00, 0x00, 0x06, 0x80, 0x00, 0x00, 0x00, 0x00, 0x00, 0x00, 0x00, 0x00, 0x00, 0x00, 
	0x00, 0x28, 0xFB, 0xE0, 0x01, 0x10, 0x00, 0x06, 0x41, 0x00, 0x00, 0x04, 0x03, 0x00, 0x00, 0x03, 
	0x60, 0x00, 0x10, 0x00, 0x04, 0xC0, 0x00, 0x06, 0x00, 0x03, 0x19, 0x00, 0x03, 0x00, 0x00, 0x00, 
	0x00, 0x00, 0x00, 0x00, 0x00, 0x00, 0x00, 0x00, 0x08, 0x00, 0x00, 0x00, 0x00, 0x00, 0x00, 0x00, 
	0x84, 0x00, 0x30, 0x10, 0x02, 0xC2, 0x00, 0x00, 0xC0, 0x00, 0x60, 0x10, 0x0C, 0x00, 0x00, 0x00, 
	0x00, 0x06, 0x40, 0x00, 0x00, 0x80, 0x00, 0x00, 0x00, 0x00, 0x00, 0x00, 0x00, 0x00, 0xD8, 0xFC, 
	0xA8, 0x01, 0x00, 0x11, 0x20, 0x00, 0x04, 0x01, 0x00, 0x03, 0x00, 0x00, 0x01, 0x00, 0x00, 0x00, 
	0x22, 0x26, 0x82, 0x84, 0x00, 0x00, 0x23, 0x00, 0x00, 0x01, 0x00, 0x00, 0x00, 0x20, 0x00, 0x00, 
	0x00, 0x00, 0x00, 0x00, 0x00, 0x00, 0x00, 0x00, 0x00, 0x00, 0x00, 0x00, 0x00, 0x00, 0x29, 0x00, 
	0x00, 0x24, 0x80, 0x00, 0x81, 0x04, 0x00, 0x00, 0x00, 0x08, 0x10, 0x00, 0x00, 0x00, 0x40, 0x84, 
	0x40, 0x00, 0x40, 0x00, 0x00, 0x00, 0x00, 0x00, 0x00, 0x00, 0x00, 0x39, 0xFC, 0x00, 0x84, 0x80, 
	0x10, 0x06, 0x00, 0x08, 0x00, 0x20, 0x00, 0x00, 0x00, 0x8C, 0x81, 0x51, 0x10, 0x10, 0x46, 0xC2, 
	0x04, 0x98, 0x08, 0x0B, 0x04, 0x11, 0x8C, 0x01, 0x00, 0x20, 0x01, 0x00, 0x00, 0x00, 0x00, 0x00, 
	0x00, 0x00, 0x00, 0x00, 0x00, 0x00, 0x00, 0x00, 0x00, 0x00, 0x80, 0x10, 0x00, 0x02, 0x12, 0xC1, 
	0x04, 0x80, 0x08, 0x13, 0x02, 0x01, 0x48, 0x00, 0x00, 0x00, 0x00, 0x46, 0x42, 0x04, 0x00, 0x00, 
	0x03, 0x01, 0x00, 0x00, 0x00, 0x00, 0x00, 0x00, 0xB1, 0xF8, 0x60, 0x00, 0x0C, 0x80, 0x00, 0x30, 
	0x80, 0x06, 0xC0, 0x80, 0x00, 0x00, 0x0F, 0xE0, 0x01, 0x0C, 0x80, 0x03, 0x30, 0x80, 0x1E, 0xC0, 
	0x00, 0x18, 0x00, 0x0F, 0x00, 0x00, 0x1C, 0x08, 0x00, 0x00, 0x00, 0x00, 0x00, 0x00, 0x00, 0x00, 
	0x00, 0x00, 0x00, 0x00, 0x00, 0x00, 0x00, 0x60, 0x01, 0x3D, 0xA0, 0x05, 0xB0, 0x40, 0x06, 0xC0, 
	0x03, 0x18, 0x40, 0x07, 0x08, 0x00, 0x00, 0x80, 0x01, 0xB0, 0x20, 0x00, 0xC0, 0x03, 0x00, 0x00, 
	0x00, 0x00, 0x00, 0x00, 0x00, 0x00, 0xFF, 0x04, 0x40, 0x00, 0x00, 0x00, 0x00, 0x00, 0x00, 0x00, 
	0x80, 0x00, 0x00, 0x0C, 0x80, 0x01, 0x00, 0x10, 0x00, 0x00, 0x40, 0x18, 0x00, 0x00, 0x60, 0x00, 
	0x0C, 0x00, 0x00, 0x20, 0x20, 0x00, 0x00, 0x00, 0x00, 0x00, 0x00, 0x00, 0x00, 0x00, 0x00, 0x00, 
	0x00, 0x00, 0x00, 0x00, 0x80, 0x40, 0x10, 0x20, 0x02, 0x40, 0x00, 0x00, 0x10, 0x03, 0x60, 0x40, 
	0x04, 0x08, 0x00, 0x00, 0x00, 0x00, 0x00, 0x00, 0x00, 0x00, 0x03, 0x00, 0x00, 0x00, 0x00, 0x00, 
	0x00, 0x00, 0x48, 0xF9, 0x00, 0x00, 0x00, 0x05, 0x06, 0x00, 0x40, 0x90, 0x08, 0x00, 0x00, 0x00, 
	0x0C, 0x80, 0x01, 0x80, 0x00, 0x14, 0x84, 0x08, 0x18, 0x00, 0x00, 0x61, 0x82, 0x0C, 0x00, 0x00, 
	0xA0, 0x00, 0x00, 0x00, 0x00, 0x00, 0x00, 0x00, 0x00, 0x00, 0x00, 0x00, 0x00, 0x00, 0x00, 0x00, 
	0x00, 0x80, 0x01, 0xA0, 0x00, 0x26, 0x88, 0x10, 0x80, 0x00, 0x03, 0x60, 0x04, 0x4C, 0x00, 0x00, 
	0x00, 0x00, 0x40, 0x88, 0x22, 0x00, 0x00, 0x03, 0x00, 0x00, 0x00, 0x00, 0x00, 0x00, 0x00, 0xD0, 
	0xFE, 0x10, 0x00, 0x04, 0xA2, 0x00, 0xD0, 0x28, 0x02, 0x00, 0x23, 0x68, 0x00, 0x29, 0x24, 0x00, 
	0x04, 0x90, 0x80, 0xD0, 0x00, 0x00, 0x40, 0x00, 0x08, 0x00, 0x00, 0x22, 0x00, 0x24, 0x02, 0x00, 
	0x00, 0x00, 0x00, 0x00, 0x00, 0x00, 0x00, 0x00, 0x00, 0x00, 0x00, 0x00, 0x00, 0x00, 0xA0, 0x48, 
	0x04, 0x80, 0x46, 0x51, 0x00, 0x02, 0x44, 0x03, 0x00, 0x02, 0x01, 0xA0, 0x01, 0x00, 0x80, 0x00, 
	0x10, 0x28, 0x00, 0x00, 0x08, 0x02, 0x00, 0x00, 0x00, 0x00, 0x00, 0x00, 0x70, 0xFE, 0x00, 0x80, 
	0x00, 0x00, 0x00, 0xC0, 0x00, 0x00, 0x00, 0x80, 0x60, 0x00, 0x00, 0x00, 0x00, 0x00, 0x00, 0x04, 
	0xC0, 0x00, 0x00, 0x00, 0x00, 0x00, 0x00, 0x00, 0x00, 0x00, 0x20, 0x20, 0x00, 0x00, 0x00, 0x00, 
	0x00, 0x00, 0x00, 0x00, 0x00, 0x00, 0x00, 0x00, 0x00, 0x00, 0x00, 0x00, 0x01, 0x00, 0x00, 0x00, 
	0x00, 0x80, 0x00, 0x00, 0x03, 0x00, 0x20, 0x00, 0x08, 0x00, 0x00, 0x00, 0x00, 0x80, 0x00, 0x00, 
	0x00, 0x00, 0x00, 0x00, 0x00, 0x00, 0x00, 0x00, 0x00, 0xE0, 0xFD, 0xE0, 0x01, 0x10, 0x00, 0x06, 
	0xC1, 0x00, 0x06, 0xC0, 0x03, 0x60, 0x20, 0x00, 0x88, 0x81, 0x30, 0x00, 0x02, 0xC0, 0x00, 0x00, 
	0x00, 0x03, 0x79, 0x00, 0x03, 0x80, 0x41, 0x00, 0x20, 0x00, 0x00, 0x00, 0x00, 0x00, 0x00, 0x00, 
	0x00, 0x00, 0x00, 0x00, 0x00, 0x00, 0x00, 0x00, 0x80, 0x01, 0x30, 0x00, 0x06, 0x04, 0x40, 0x00, 
	0x00, 0x03, 0x18, 0x00, 0x0C, 0x88, 0x41, 0x00, 0x00, 0x00, 0x40, 0x40, 0x00, 0x80, 0x00, 0x00, 
	0x00, 0x00, 0x00, 0x00, 0x00, 0x00, 0xC8, 0xFE, 0xAC, 0x01, 0x00, 0x12, 0x10, 0xC0, 0x20, 0x00, 
	0x40, 0x88, 0x00, 0x04, 0x2C, 0x80, 0x09, 0x20, 0x41, 0x46, 0xC8, 0x84, 0x00, 0x00, 0x23, 0x60, 
	0x40, 0x01, 0x80, 0x09, 0x80, 0x00, 0x00, 0x00, 0x00, 0x00, 0x00, 0x00, 0x00, 0x00, 0x00, 0x00, 
	0x00, 0x00, 0x00, 0x00, 0x00, 0x00, 0x05, 0x32, 0x10, 0x00, 0xC0, 0x04, 0x40, 0x08, 0x08, 0x04, 
	0x00, 0x08, 0x00, 0x08, 0x00, 0x00, 0x80, 0x00, 0x04, 0x00, 0x40, 0x00, 0x00, 0x00, 0x00, 0x00, 
	0x00, 0x00, 0x00, 0xAA, 0xFF, 0x04, 0x84, 0x10, 0x06, 0x06, 0x00, 0x88, 0x18, 0x00, 0x10, 0x01, 
	0x0C, 0x80, 0x00, 0x88, 0x30, 0x00, 0x40, 0xC0, 0x04, 0x00, 0x00, 0x10, 0x00, 0x00, 0x2C, 0x04, 
	0x80, 0x00, 0x10, 0x00, 0x00, 0x00, 0x00, 0x00, 0x00, 0x00, 0x00, 0x00, 0x00, 0x00, 0x00, 0x00, 
	0x00, 0x00, 0x80, 0x50, 0x00, 0x41, 0x20, 0x02, 0x08, 0x40, 0x10, 0x08, 0x61, 0x81, 0x28, 0x00, 
	0x08, 0x01, 0x00, 0x20, 0x01, 0x00, 0x01, 0x00, 0x63, 0x00, 0x00, 0x00, 0x00, 0x00, 0x00, 0x00, 
	0x90, 0xFB, 0x60, 0x00, 0x0C, 0x80, 0x00, 0xB0, 0x00, 0x1E, 0xC4, 0x03, 0x18, 0x00, 0x07, 0xE2, 
	0x01, 0x0C, 0x90, 0x05, 0x31, 0x80, 0x00, 0xC0, 0x03, 0x7A, 0x20, 0x0F, 0xE0, 0x01, 0x0C, 0x00, 
	0x00, 0x00, 0x00, 0x00, 0x00, 0x00, 0x00, 0x02, 0x00, 0x00, 0x00, 0x00, 0x00, 0x00, 0x00, 0x61, 
	0x01, 0x3C, 0x80, 0x07, 0xB0, 0x40, 0x06, 0xC0, 0x00, 0x78, 0x00, 0x07, 0x68, 0x00, 0x00, 0x80, 
	0x01, 0x30, 0x00, 0x00, 0xC0, 0x03, 0x00, 0x00, 0x00, 0x00, 0x00, 0x00, 0x00, 0xC8, 0xF8, 0x04, 
	0x00, 0x00, 0x00, 0x00, 0x00, 0x40, 0x18, 0x00, 0x83, 0x00, 0x40, 0x0C, 0x08, 0x00, 0x00, 0x10, 
	0x00, 0x00, 0x40, 0x00, 0x00, 0x00, 0x00, 0x10, 0x0C, 0x00, 0x00, 0x01, 0x00, 0x00, 0x00, 0x00, 
	0x00, 0x00, 0x00, 0x00, 0x10, 0x00, 0x00, 0x00, 0x00, 0x00, 0x00, 0x00, 0x88, 0x00, 0x00, 0x00, 
	0x02, 0xC0, 0x00, 0x00, 0x08, 0x00, 0x60, 0x00, 0x04, 0x88, 0x01, 0x00, 0x00, 0x00, 0x01, 0x00, 
	0x00, 0x00, 0x03, 0x00, 0x00, 0x00, 0x00, 0x00, 0x00, 0x00, 0x99, 0xFF, 0x00, 0x50, 0x00, 0x21, 
	0x06, 0x00, 0x04, 0x18, 0x00, 0x10, 0x60, 0x04, 0x0C, 0x80, 0x45, 0xA0, 0x00, 0x24, 0x02, 0x08, 
	0x00, 0x00, 0x0B, 0x64, 0x02, 0x0C, 0x80, 0x11, 0x80, 0x10, 0x00, 0x00, 0x00, 0x00, 0x00, 0x00, 
	0x00, 0x00, 0x00, 0x00, 0x00, 0x00, 0x00, 0x00, 0x00, 0x00, 0x01, 0x31, 0x21, 0x04, 0xC2, 0x44, 
	0x50, 0x00, 0x0B, 0x62, 0x00, 0x4C, 0x80, 0x89, 0x00, 0x00, 0x16, 0x00, 0x48, 0x00, 0x00, 0x03, 
	0x00, 0x00, 0x00, 0x00, 0x00, 0x00, 0x00, 0x98, 0xFA, 0xA0, 0x01, 0x94, 0x10, 0x06, 0x10, 0x00, 
	0x42, 0x48, 0x00, 0x00, 0x00, 0x81, 0x24, 0x00, 0x34, 0x90, 0x12, 0xD1, 0x02, 0x00, 0x48, 0x20, 
	0x01, 0x84, 0x01, 0x20, 0x00, 0x34, 0x00, 0x00, 0x00, 0x00, 0x00, 0x00, 0x00, 0x00, 0x10, 0x00, 
	0x00, 0x00, 0x00, 0x00, 0x00, 0x00, 0xA8, 0x01, 0x14, 0x8A, 0x00, 0x10, 0x04, 0x03, 0x40, 0x00, 
	0x68, 0x00, 0x25, 0x10, 0x00, 0x00, 0x80, 0x14, 0x10, 0x00, 0x00, 0x40, 0x10, 0x01, 0x00, 0x00, 
	0x00, 0x00, 0x00, 0x00, 0x54, 0xFF, 0x80, 0x01, 0x00, 0x00, 0x00, 0x02, 0x00, 0x00, 0x00, 0x00, 
	0x00, 0x00, 0x00, 0x00, 0x00, 0x00, 0x00, 0x00, 0x00, 0x80, 0x00, 0x00, 0x02, 0x00, 0x00, 0x00, 
	0x00, 0x00, 0x30, 0x00, 0x00, 0x00, 0x00, 0x00, 0x00, 0x00, 0x00, 0x0A, 0x00, 0x00, 0x00, 0x00, 
	0x00, 0x00, 0x00, 0x05, 0x00, 0x20, 0x00, 0x00, 0x00, 0x00, 0x18, 0x00, 0x00, 0x60, 0x00, 0x00, 
	0x00, 0x00, 0x00, 0x00, 0x00, 0x02, 0x00, 0x00, 0x00, 0x00, 0x00, 0x00, 0x00, 0x00, 0x00, 0x00, 
	0x00, 0x00, 0xFF, 0x00, 0x00, 0x00, 0x80, 0x07, 0x00, 0x20, 0x00, 0xC8, 0x03, 0x00, 0x00, 0x0C, 
	0x80, 0x81, 0x10, 0x00, 0x04, 0x42, 0x00, 0x06, 0x00, 0x02, 0x79, 0x00, 0x0C, 0x82, 0x41, 0x00, 
	0x00, 0x00, 0x00, 0x00, 0x00, 0x00, 0x00, 0x00, 0x00, 0x00, 0x00, 0x00, 0x00, 0x00, 0x00, 0x00, 
	0x80, 0x01, 0x10, 0x00, 0x06, 0xC0, 0x20, 0x18, 0x10, 0x03, 0x60, 0x40, 0x00, 0x08, 0x00, 0x00, 
	0x00, 0x06, 0x00, 0x00, 0x00, 0x00, 0x83, 0x00, 0x00, 0x00, 0x00, 0x00, 0x00, 0x00, 0x68, 0xF9, 
	0x00, 0x00, 0x00, 0x84, 0x40, 0x01, 0x02, 0x00, 0x40, 0x03, 0x00, 0x00, 0x28, 0x88, 0x01, 0x10, 
	0x41, 0x26, 0x40, 0x84, 0x00, 0x00, 0x21, 0x68, 0x00, 0x0C, 0x80, 0x05, 0x00, 0x00, 0x00, 0x00, 
	0x00, 0x00, 0x00, 0x00, 0x00, 0x10, 0x00, 0x00, 0x00, 0x00, 0x00, 0x00, 0x00, 0x02, 0x40, 0x20, 
	0x10, 0x16, 0xC1, 0x02, 0x18, 0x01, 0x53, 0x00, 0x04, 0x4C, 0x00, 0x00, 0x00, 0x00, 0x26, 0x02, 
	0x00, 0x00, 0x00, 0x0A, 0x00, 0x00, 0x00, 0x00, 0x00, 0x00, 0x00, 0xBB, 0xFE, 0x00, 0x04, 0x00, 
	0x04, 0x06, 0x00, 0x00, 0x00, 0x01, 0x13, 0x02, 0x00, 0x48, 0x02, 0x04, 0x30, 0x00, 0x46, 0xC2, 
	0x04, 0x18, 0x03, 0x09, 0x04, 0x82, 0x00, 0x01, 0x80, 0x00, 0x10, 0x00, 0x00, 0x00, 0x00, 0x00, 
	0x00, 0x00, 0x00, 0x00, 0x00, 0x00, 0x00, 0x00, 0x00, 0x00, 0x10, 0x08, 0x11, 0x22, 0x10, 0x00, 
	0x80, 0x18, 0x04, 0x10, 0x04, 0x22, 0x80, 0x00, 0x00, 0x00, 0x00, 0x10, 0x04, 0x18, 0x00, 0x00, 
	0x92, 0x00, 0x00, 0x00, 0x00, 0x00, 0x00, 0x00, 0xB9, 0xFB, 0x20, 0x40, 0x0C, 0x80, 0x01, 0x30, 
	0x40, 0x06, 0xD0, 0x03, 0x00, 0x00, 0x07, 0xE0, 0x81, 0x0C, 0x90, 0x03, 0x30, 0x80, 0x1E, 0xC0, 
	0x02, 0x18, 0x00, 0x0F, 0xE0, 0x01, 0x0C, 0x00, 0x00, 0x00, 0x00, 0x00, 0x00, 0x00, 0x00, 0x00, 
	0x00, 0x00, 0x00, 0x00, 0x00, 0x00, 0x00, 0x60, 0x00, 0x2C, 0x80, 0x07, 0xB4, 0x00, 0x06, 0xC0, 
	0x03, 0x18, 0x00, 0x0B, 0x08, 0x00, 0x00, 0x80, 0x03, 0x30, 0x00, 0x00, 0xC0, 0x01, 0x00, 0x00, 
	0x00, 0x00, 0x00, 0x00, 0x00, 0x10, 0xFF, 0x80, 0x01, 0x00, 0x00, 0x06, 0x00, 0x00, 0x00, 0x10, 
	0x00, 0x00, 0x00, 0x04, 0x00, 0x00, 0x30, 0x10, 0x00, 0xC0, 0x40, 0x18, 0x00, 0x00, 0x00, 0x00, 
	0x00, 0x00, 0x80, 0x00, 0x00, 0x00, 0x00, 0x00, 0x00, 0x00, 0x00, 0x00, 0x08, 0x00, 0x00, 0x00, 
	0x00, 0x00, 0x00, 0x00, 0x84, 0x01, 0x10, 0x00, 0x00, 0x00, 0x20, 0x18, 0x04, 0x00, 0x00, 0x00, 
	0x0C, 0x00, 0x00, 0x00, 0x00, 0x06, 0xC0, 0x00, 0x00, 0x00, 0x01, 0x00, 0x00, 0x00, 0x00, 0x00, 
	0x00, 0x00, 0xB1, 0xF8, 0x80, 0x01, 0x00, 0x21, 0x00, 0xC0, 0x80, 0x54, 0x00, 0xA0, 0x00, 0x00, 
	0x8C, 0x84, 0x51, 0x90, 0x00, 0x14, 0x44, 0x08, 0x18, 0x00, 0x01, 0x01, 0x21, 0x2C, 0x82, 0x11, 
	0x80, 0x10, 0x00, 0x00, 0x00, 0x00, 0x00, 0x00, 0x00, 0x04, 0x00, 0x00, 0x00, 0x00, 0x00, 0x00, 
	0x00, 0x86, 0x91, 0x30, 0x41, 0x06, 0x81, 0x04, 0x00, 0x01, 0x23, 0x62, 0x41, 0x4C, 0x02, 0x00, 
	0x00, 0x00, 0x20, 0xC1, 0x84, 0x00, 0x00, 0x23, 0x01, 0x00, 0x00, 0x00, 0x00, 0x00, 0x00, 0x10, 
	0xFC, 0x20, 0x00, 0x14, 0x82, 0xC2, 0xD0, 0x00, 0x0A, 0x60, 0x03, 0x00, 0x00, 0x05, 0x30, 0x00, 
	0x04, 0x80, 0x40, 0x14, 0x00, 0x00, 0x00, 0x20, 0x04, 0x00, 0x01, 0x00, 0x00, 0x04, 0x40, 0x00, 
	0x00, 0x00, 0x00, 0x00, 0x00, 0x00, 0x08, 0x00, 0x00, 0x00, 0x00, 0x00, 0x00, 0x00, 0x20, 0x04, 
	0x05, 0x91, 0x40, 0x12, 0x00, 0x02, 0x00, 0x10, 0x68, 0x42, 0x05, 0x04, 0x00, 0x00, 0x80, 0x02, 
	0x00, 0x08, 0x01, 0x00, 0x08, 0x01, 0x00, 0x00, 0x00, 0x00, 0x00, 0x00, 0x80, 0xF8, 0x00, 0x00, 
	0x00, 0x20, 0x00, 0x00, 0x00, 0x00, 0x00, 0x03, 0x00, 0x00, 0x00, 0x00, 0x00, 0x00, 0x00, 0x04, 
	0x00, 0x00, 0x00, 0x00, 0x00, 0x00, 0x00, 0x00, 0x00, 0x00, 0x00, 0x00, 0x00, 0x00, 0x00, 0x00, 
	0x00, 0x00, 0x00, 0x22, 0x00, 0x00, 0x00, 0x00, 0x00, 0x00, 0x00, 0x00, 0x00, 0x00, 0x00, 0x00, 
	0x00, 0x00, 0x00, 0x00, 0x00, 0x21, 0x00, 0x00, 0x00, 0x00, 0x00, 0x00, 0x00, 0x04, 0x00, 0x00, 
	0x00, 0x00, 0x00, 0x00, 0x00, 0x00, 0x00, 0x00, 0x00, 0x88, 0xFB, 0x80, 0x01, 0x00, 0x90, 0x01, 
	0x01, 0x20, 0x08, 0xC8, 0x00, 0x00, 0x00, 0x00, 0x88, 0x81, 0x30, 0x00, 0x02, 0xC0, 0x00, 0x00, 
	0xC0, 0x03, 0x00, 0x00, 0x0C, 0x02, 0x00, 0x00, 0x00, 0x00, 0x00, 0x00, 0x00, 0x00, 0x00, 0x00, 
	0x00, 0x00, 0x00, 0x00, 0x00, 0x00, 0x00, 0x00, 0x85, 0x01, 0x00, 0x20, 0x00, 0x00, 0x00, 0x00, 
	0x80, 0x00, 0x20, 0x00, 0x00, 0x00, 0x00, 0x00, 0x00, 0x02, 0xF0, 0x00, 0x00, 0x80, 0x00, 0x00, 
	0x00, 0x00, 0x00, 0x00, 0x00, 0x00, 0x90, 0xFA, 0x08, 0x48, 0x20, 0x01, 0x20, 0x00, 0x02, 0x80, 
	0x00, 0x00, 0x00, 0x00, 0x2C, 0x80, 0x09, 0x30, 0x41, 0x46, 0xC8, 0x82, 0x00, 0x00, 0x03, 0x00, 
	0x00, 0x2C, 0x00, 0x00, 0x00, 0x05, 0x04, 0x00, 0x00, 0x00, 0x00, 0x00, 0x00, 0x00, 0x02, 0x00, 
	0x00, 0x00, 0x00, 0x00, 0x00, 0x80, 0x05, 0x01, 0x01, 0x10, 0x04, 0x00, 0x40, 0x48, 0x00, 0x40, 
	0x44, 0x4C, 0x08, 0x00, 0x00, 0x00, 0x24, 0x12, 0x22, 0x00, 0x40, 0x00, 0x00, 0x00, 0x00, 0x00, 
	0x00, 0x00, 0x00, 0x5A, 0xFD, 0x80, 0x01, 0x80, 0x20, 0x20, 0x00, 0x00, 0x00, 0x21, 0xA0, 0x00, 
	0x00, 0x00, 0x01, 0x04, 0x00, 0x01, 0x20, 0x00, 0x08, 0x01, 0x00, 0x10, 0x04, 0x00, 0x00, 0x01, 
	0x00, 0x20, 0x01, 0x00, 0x00, 0x00, 0x00, 0x00, 0x00, 0x00, 0x12, 0x00, 0x00, 0x00, 0x00, 0x00, 
	0x00, 0x00, 0x09, 0x10, 0x02, 0x02, 0x20, 0x02, 0x88, 0x40, 0x10, 0x0B, 0x41, 0x40, 0x20, 0x00, 
	0x00, 0x00, 0x00, 0x42, 0xC8, 0x08, 0x00, 0x00, 0x03, 0x00, 0x00, 0x00, 0x00, 0x00, 0x00, 0x00, 
	0x60, 0xFC, 0x20, 0x00, 0x0C, 0x80, 0x01, 0x31, 0x40, 0x16, 0xC0, 0x00, 0x00, 0x00, 0x0B, 0xE0, 
	0x81, 0x3C, 0xA0, 0x05, 0xF1, 0x00, 0x00, 0xC0, 0x00, 0x00, 0x00, 0x0F, 0x00, 0x00, 0x1C, 0x08, 
	0x00, 0x00, 0x00, 0x00, 0x00, 0x00, 0x00, 0x04, 0x00, 0x00, 0x00, 0x00, 0x00, 0x00, 0x00, 0x68, 
	0x01, 0x0C, 0xA0, 0x01, 0x30, 0x00, 0x06, 0xC0, 0x03, 0x18, 0x00, 0x0B, 0x04, 0x00, 0x00, 0x80, 
	0x05, 0xF0, 0x20, 0x00, 0xC0, 0x83, 0x00, 0x00, 0x00, 0x00, 0x00, 0x00, 0x00, 0x18, 0xFF, 0x04, 
	0x00, 0x00, 0x00, 0x00, 0x01, 0x00, 0x10, 0x08, 0x03, 0x02, 0x00, 0x0C, 0x04, 0x40, 0x00, 0x00, 
	0x00, 0x02, 0x40, 0x00, 0x00, 0x00, 0x00, 0x00, 0x00, 0x00, 0x00, 0x20, 0x10, 0x04, 0x00, 0x00, 
	0x00, 0x00, 0x00, 0x00, 0x08, 0x02, 0x00, 0x00, 0x00, 0x00, 0x00, 0x00, 0x01, 0x00, 0x00, 0x20, 
	0x00, 0xC0, 0x00, 0x00, 0x08, 0x03, 0x20, 0x00, 0x0C, 0x02, 0x00, 0x00, 0x00, 0x02, 0xC4, 0x00, 
	0x00, 0x00, 0x03, 0x00, 0x00, 0x00, 0x00, 0x00, 0x00, 0x00, 0x59, 0xFA, 0x80, 0x01, 0x00, 0x12, 
	0x10, 0x00, 0x80, 0x04, 0x01, 0x13, 0x00, 0x00, 0x4C, 0x80, 0x11, 0x30, 0x11, 0x24, 0xC0, 0x08, 
	0x00, 0x00, 0x08, 0x01, 0x00, 0x0C, 0x02, 0x00, 0x20, 0x82, 0x00, 0x00, 0x00, 0x00, 0x00, 0x00, 
	0x00, 0x50, 0x00, 0x00, 0x00, 0x00, 0x00, 0x00, 0x00, 0x01, 0x11, 0xA2, 0x00, 0x04, 0xC2, 0x04, 
	0x59, 0x00, 0x03, 0x40, 0x41, 0x0C, 0x00, 0x00, 0x00, 0x00, 0x44, 0xC0, 0x24, 0x00, 0x00, 0x03, 
	0x00, 0x00, 0x00, 0x00, 0x00, 0x00, 0x00, 0x48, 0xFB, 0x20, 0x00, 0x04, 0x00, 0x00, 0x10, 0x28, 
	0x82, 0x48, 0x00, 0x00, 0x00, 0x49, 0x20, 0x00, 0x34, 0x80, 0x06, 0x10, 0x00, 0x00, 0x40, 0x23, 
	0x69, 0x02, 0x00, 0x08, 0x30, 0x04, 0x41, 0x02, 0x00, 0x00, 0x00, 0x00, 0x00, 0x00, 0x02, 0x01, 
	0x00, 0x00, 0x00, 0x00, 0x00, 0x00, 0xA4, 0x08, 0x04, 0x80, 0x42, 0x10, 0x00, 0x1A, 0x40, 0x13, 
	0x68, 0x00, 0x01, 0xB0, 0x01, 0x00, 0x00, 0xC6, 0x10, 0x00, 0x00, 0x00, 0x08, 0x01, 0x00, 0x00, 
	0x00, 0x00, 0x00, 0x00, 0x88, 0xFD, 0x00, 0x00, 0x00, 0x00, 0x00, 0x82, 0x00, 0x00, 0x00, 0x00, 
	0x00, 0x00, 0x00, 0x08, 0x00, 0x30, 0x00, 0x00, 0x00, 0x00, 0x00, 0x00, 0x00, 0x60, 0x20, 0x00, 
	0x00, 0x00, 0x00, 0x00, 0x02, 0x00, 0x00, 0x00, 0x00, 0x00, 0x00, 0x0C, 0x01, 0x00, 0x00, 0x00, 
	0x00, 0x00, 0x00, 0x02, 0x00, 0x01, 0x00, 0x00, 0x02, 0x00, 0x00, 0x00, 0x80, 0x00, 0x00, 0x00, 
	0x80, 0x01, 0x00, 0x00, 0x00, 0x00, 0x00, 0x00, 0x00, 0x00, 0x00, 0x00, 0x00, 0x00, 0x00, 0x00, 
	0x00, 0x98, 0xFD, 0x80, 0x01, 0x08, 0x80, 0x01, 0x00, 0x40, 0x08, 0x00, 0x03, 0x00, 0x00, 0x00, 
	0x88, 0x81, 0x30, 0x00, 0x07, 0xC1, 0x00, 0x00, 0x00, 0x01, 0x61, 0x00, 0x02, 0x40, 0x00, 0x00, 
	0xA0, 0x00, 0x00, 0x00, 0x00, 0x00, 0x00, 0x00, 0x40, 0x00, 0x00, 0x00, 0x00, 0x00, 0x00, 0x00, 
	0x02, 0x80, 0x30, 0x00, 0x00, 0x02, 0x00, 0x18, 0x00, 0x03, 0x60, 0x00, 0x0C, 0x82, 0x01, 0x00, 
	0x80, 0x01, 0x01, 0x20, 0x00, 0x80, 0x00, 0x00, 0x00, 0x00, 0x00, 0x00, 0x00, 0x00, 0x88, 0xFA, 
	0x00, 0x20, 0x04, 0xC1, 0x00, 0x00, 0x04, 0x00, 0x20, 0x03, 0x00, 0x00, 0x2C, 0x80, 0x01, 0x30, 
	0xC1, 0x10, 0xC0, 0x84, 0x00, 0x00, 0x21, 0x60, 0x14, 0x01, 0x20, 0x00, 0x00, 0x00, 0x00, 0x00, 
	0x00, 0x00, 0x00, 0x00, 0x00, 0x12, 0x00, 0x00, 0x00, 0x00, 0x00, 0x00, 0x00, 0x80, 0x09, 0x30, 
	0x08, 0x40, 0x00, 0x00, 0x00, 0x08, 0x00, 0x04, 0x20, 0x8C, 0x00, 0x10, 0x01, 0x80, 0x16, 0x00, 
	0x04, 0x00, 0x40, 0x00, 0x00, 0x00, 0x00, 0x00, 0x00, 0x00, 0x00, 0xEA, 0xFF, 0x80, 0x01, 0x00, 
	0x02, 0x16, 0x00, 0x08, 0x18, 0x00, 0x83, 0x00, 0x00, 0x40, 0x10, 0x88, 0x30, 0x00, 0x00, 0x01, 
	0x08, 0x01, 0x00, 0x0B, 0x64, 0x0C, 0x8C, 0x80, 0x89, 0x20, 0x01, 0x04, 0x00, 0x00, 0x00, 0x00, 
	0x00, 0x00, 0x00, 0x02, 0x00, 0x00, 0x00, 0x00, 0x00, 0x00, 0x00, 0x00, 0x02, 0x20, 0x40, 0x08, 
	0x08, 0x80, 0x10, 0x10, 0x01, 0x01, 0x80, 0x81, 0x09, 0x00, 0x00, 0x10, 0x02, 0x82, 0x00, 0x00, 
	0x23, 0x00, 0x00, 0x00, 0x00, 0x00, 0x00, 0x00, 0x78, 0xFE, 0x20, 0x00, 0x0C, 0x88, 0x07, 0x31, 
	0x40, 0x0E, 0xC8, 0x03, 0x00, 0x00, 0x07, 0xE0, 0x01, 0x0C, 0x90, 0x07, 0xF0, 0x00, 0x00, 0xC0, 
	0x00, 0x78, 0x00, 0x0F, 0xE2, 0x01, 0x1C, 0x08, 0x00, 0x00, 0x00, 0x00, 0x00, 0x00, 0x00, 0x00, 
	0x00, 0x00, 0x00, 0x00, 0x00, 0x00, 0x00, 0x60, 0x01, 0x3C, 0x80, 0x01, 0x30, 0x80, 0x06, 0xC0, 
	0x03, 0x18, 0x40, 0x0B, 0x60, 0x80, 0x00, 0x80, 0x01, 0x30, 0x00, 0x00, 0xC0, 0x83, 0x00, 0x00, 
	0x00, 0x00, 0x00, 0x00, 0x00, 0x10, 0xFE, 0x00, 0x00, 0x00, 0x08, 0x06, 0x00, 0x00, 0x00, 0x00, 
	0x00, 0x00, 0x00, 0x0C, 0x00, 0x40, 0x00, 0x10, 0x06, 0x02, 0x00, 0x00, 0x00, 0x03, 0x60, 0x20, 
	0x0C, 0x80, 0x01, 0x20, 0x10, 0x02, 0x00, 0x00, 0x00, 0x00, 0x00, 0x00, 0x00, 0x01, 0x00, 0x00, 
	0x00, 0x00, 0x00, 0x00, 0x80, 0x01, 0x00, 0x00, 0x00, 0xC0, 0x80, 0x18, 0x04, 0x01, 0x62, 0x20, 
	0x00, 0x00, 0x80, 0x00, 0x00, 0x00, 0x01, 0x40, 0x00, 0x00, 0x03, 0x00, 0x00, 0x00, 0x00, 0x00, 
	0x00, 0x00, 0x41, 0xFF, 0x80, 0x01, 0x30, 0x02, 0x06, 0x00, 0x04, 0x01, 0x02, 0xA0, 0x00, 0x00, 
	0x2C, 0x84, 0x05, 0x80, 0x00, 0x10, 0xC0, 0x88, 0x00, 0x00, 0x01, 0x21, 0x01, 0x0C, 0x80, 0x01, 
	0xA0, 0x00, 0x08, 0x00, 0x00, 0x00, 0x00, 0x00, 0x00, 0x00, 0x04, 0x00, 0x00, 0x00, 0x00, 0x00, 
	0x00, 0x80, 0x09, 0x31, 0x0A, 0x10, 0xC2, 0x02, 0x18, 0x00, 0x0A, 0x60, 0x04, 0x88, 0x10, 0x04, 
	0x00, 0x00, 0x40, 0xC0, 0x04, 0x00, 0x00, 0x03, 0x00, 0x00, 0x00, 0x00, 0x00, 0x00, 0x00, 0x58, 
	0xF8, 0x20, 0x00, 0x14, 0x02, 0x00, 0x10, 0x00, 0x02, 0x40, 0x23, 0x00, 0x20, 0x00, 0x08, 0x10, 
	0x35, 0x80, 0x00, 0x94, 0x80, 0x00, 0x40, 0x00, 0x08, 0x02, 0x00, 0xA8, 0x01, 0x24, 0x04, 0x00, 
	0x00, 0x00, 0x00, 0x00, 0x00, 0x00, 0x06, 0x00, 0x00, 0x00, 0x00, 0x00, 0x00, 0x00, 0xB0, 0x44, 
	0x14, 0x88, 0x00, 0xD0, 0x22, 0x00, 0x01, 0x10, 0x68, 0x00, 0x01, 0xA0, 0x01, 0x00, 0x80, 0x84, 
	0x50, 0x00, 0x00, 0x00, 0x08, 0x01, 0x00, 0x00, 0x00, 0x00, 0x00, 0x00, 0x10, 0xF8, 0x00, 0x00, 
	0x00, 0x10, 0x00, 0x42, 0x80, 0x00, 0x00, 0x00, 0x01, 0x00, 0x00, 0x00, 0x00, 0x00, 0x00, 0x04, 
	0x00, 0x00, 0x00, 0x00, 0x00, 0x40, 0x20, 0x00, 0x80, 0x01, 0x20, 0x00, 0x00, 0x00, 0x00, 0x00, 
	0x00, 0x00, 0x00, 0x08, 0x00, 0x00, 0x00, 0x00, 0x00, 0x00, 0x00, 0x00, 0x01, 0x20, 0x00, 0x00, 
	0xC0, 0x00, 0x00, 0x04, 0x00, 0x61, 0x00, 0x00, 0x88, 0x01, 0x00, 0x00, 0x00, 0x00, 0x40, 0x00, 
	0x00, 0x00, 0x00, 0x00, 0x00, 0x00, 0x00, 0x00, 0x00, 0x00, 0xF9, 0x80, 0x01, 0x3C, 0xA0, 0x07, 
	0x00, 0x00, 0x18, 0x80, 0x83, 0x18, 0x00, 0x02, 0x40, 0x00, 0x30, 0x00, 0x02, 0xC0, 0x40, 0x00, 
	0x00, 0x03, 0x01, 0x20, 0x02, 0x80, 0x01, 0x01, 0x10, 0x01, 0x00, 0x00, 0x00, 0x00, 0x00, 0x00, 
	0x82, 0x00, 0x00, 0x00, 0x00, 0x00, 0x00, 0x00, 0x82, 0x00, 0x30, 0x20, 0x06, 0xC2, 0x00, 0x04, 
	0xC0, 0x00, 0x60, 0x00, 0x0C, 0x80, 0x01, 0x00, 0x00, 0x06, 0x00, 0x40, 0x00, 0x80, 0x00, 0x00, 
	0x00, 0x00, 0x00, 0x00, 0x00, 0x00, 0x30, 0xFD, 0x04, 0x40, 0x34, 0x82, 0x06, 0x00, 0x10, 0x18, 
	0x40, 0x02, 0x00, 0x00, 0x01, 0x20, 0x00, 0xB0, 0x10, 0x46, 0xC8, 0x02, 0x00, 0x00, 0x03, 0x00, 
	0x01, 0x01, 0x00, 0x10, 0x00, 0x02, 0x00, 0x00, 0x00, 0x00, 0x00, 0x00, 0x00, 0x00, 0x00, 0x00, 
	0x00, 0x00, 0x00, 0x00, 0x00, 0x04, 0x85, 0x20, 0x00, 0x26, 0xC0, 0x82, 0x02, 0x00, 0x00, 0x00, 
	0x44, 0x48, 0x01, 0x00, 0x01, 0x00, 0x26, 0x02, 0x02, 0x00, 0x40, 0x00, 0x00, 0x00, 0x00, 0x00, 
	0x00, 0x00, 0x00, 0x90, 0xFD, 0x84, 0x01, 0x80, 0x08, 0x10, 0x02, 0x42, 0x80, 0x08, 0x60, 0x60, 
	0x0C, 0x8C, 0x80, 0x81, 0x00, 0x12, 0x00, 0x00, 0x24, 0x00, 0x00, 0x10, 0x00, 0x0C, 0x2C, 0x00, 
	0x88, 0x00, 0x10, 0x00, 0x00, 0x00, 0x00, 0x00, 0x00, 0x00, 0x00, 0x00, 0x00, 0x00, 0x00, 0x00, 
	0x00, 0x00, 0x81, 0x90, 0x10, 0x40, 0x20, 0x08, 0x00, 0x18, 0x01, 0x03, 0x60, 0x00, 0x48, 0x00, 
	0x00, 0x01, 0x00, 0x20, 0x00, 0x82, 0x00, 0x00, 0x0B, 0x00, 0x00, 0x00, 0x00, 0x00, 0x00, 0x00, 
	0xB8, 0xF9, 0x20, 0x00, 0x2C, 0x80, 0x01, 0x30, 0x00, 0x06, 0xC0, 0x03, 0x78, 0x00, 0x0F, 0xE2, 
	0x01, 0x3C, 0x80, 0x05, 0x71, 0x00, 0x00, 0xC0, 0x03, 0x1A, 0x00, 0x0F, 0x62, 0x00, 0x0C, 0x00, 
	0x00, 0x00, 0x00, 0x00, 0x00, 0x00, 0x00, 0x00, 0x00, 0x00, 0x00, 0x00, 0x00, 0x00, 0x00, 0x60, 
	0x01, 0x2C, 0x80, 0x07, 0x30, 0x20, 0x1E, 0xD0, 0x03, 0x19, 0x40, 0x07, 0x64, 0x00, 0x00, 0x80, 
	0x03, 0x32, 0x00, 0x00, 0xC0, 0x83, 0x00, 0x00, 0x00, 0x00, 0x00, 0x00, 0x00, 0xF0, 0xFE, 0x00, 
	0x00, 0x00, 0x08, 0x00, 0x00, 0x80, 0x00, 0x00, 0x01, 0x60, 0x00, 0x0C, 0x80, 0x01, 0x00, 0x00, 
	0x00, 0xC0, 0x20, 0x00, 0x00, 0x00, 0x00, 0x00, 0x0C, 0x00, 0x00, 0x00, 0x00, 0x00, 0x00, 0x00, 
	0x00, 0x00, 0x00, 0x00, 0x00, 0x00, 0x00, 0x00, 0x00, 0x00, 0x00, 0x00, 0x00, 0x81, 0x10, 0x00, 
	0x00, 0x00, 0x80, 0x18, 0x00, 0x03, 0x00, 0x20, 0x04, 0x08, 0x00, 0x01, 0x00, 0x06, 0x01, 0x00, 
	0x00, 0x00, 0x03, 0x00, 0x00, 0x00, 0x00, 0x00, 0x00, 0x00, 0xD0, 0xFD, 0x80, 0x01, 0x20, 0x00, 
	0x20, 0x01, 0x02, 0x00, 0x20, 0x02, 0x62, 0x00, 0x0C, 0x80, 0x01, 0x30, 0x08, 0x04, 0x04, 0x04, 
	0x00, 0x00, 0x03, 0x01, 0x14, 0x0C, 0x80, 0x05, 0x81, 0x10, 0x00, 0x00, 0x00, 0x00, 0x00, 0x00, 
	0x00, 0x00, 0x00, 0x00, 0x00, 0x00, 0x00, 0x00, 0x00, 0x00, 0x11, 0x20, 0x21, 0x46, 0x82, 0x08, 
	0x18, 0x00, 0x03, 0x00, 0x04, 0x4C, 0x80, 0x11, 0x00, 0x00, 0x20, 0x00, 0x80, 0x00, 0x00, 0x03, 
	0x00, 0x00, 0x00, 0x00, 0x00, 0x00, 0x00, 0x88, 0xFD, 0x20, 0x00, 0x14, 0x02, 0x00, 0xC0, 0x08, 
	0x13, 0x21, 0x20, 0x00, 0x00, 0x01, 0x20, 0x84, 0x04, 0x90, 0x06, 0x90, 0x42, 0x80, 0x40, 0x02, 
	0x60, 0x84, 0x01, 0x00, 0x30, 0x24, 0x22, 0x00, 0x00, 0x00, 0x00, 0x00, 0x00, 0x00, 0x00, 0x00, 
	0x00, 0x00, 0x00, 0x00, 0x00, 0x00, 0x20, 0x00, 0x84, 0x80, 0x82, 0x50, 0x28, 0x18, 0x40, 0x03, 
	0x68, 0x00, 0x85, 0xA0, 0x01, 0x00, 0x80, 0x04, 0x50, 0x08, 0x00, 0x40, 0xA1, 0x00, 0x00, 0x00, 
	0x00, 0x00, 0x00, 0x00, 0x48, 0xFE, 0x00, 0x00, 0x00, 0x20, 0x00, 0x02, 0x00, 0x08, 0x00, 0x80, 
	0x00, 0x00, 0x00, 0x00, 0x00, 0x20, 0x00, 0x06, 0x40, 0x00, 0x00, 0x08, 0x01, 0x01, 0x00, 0x00, 
	0x00, 0x00, 0x20, 0x00, 0x00, 0x00, 0x00, 0x00, 0x00, 0x00, 0x00, 0x00, 0x00, 0x00, 0x00, 0x00, 
	0x00, 0x00, 0x00, 0x00, 0x00, 0x00, 0x20, 0x04, 0x80, 0x00, 0x00, 0x04, 0x03, 0x60, 0x00, 0x00, 
	0x84, 0x01, 0x00, 0x00, 0x02, 0x02, 0x80, 0x00, 0x00, 0x00, 0x00, 0x00, 0x00, 0x00, 0x00, 0x00, 
	0x00, 0x00, 0xFB, 0x80, 0x01, 0x00, 0xA0, 0x01, 0xF0, 0x20, 0x08, 0x88, 0x03, 0x00, 0x00, 0x0C, 
	0x82, 0x41, 0x20, 0x80, 0x07, 0xC0, 0x00, 0x04, 0x00, 0x01, 0x78, 0x10, 0x0C, 0x40, 0x00, 0x00, 
	0x10, 0x00, 0x00, 0x00, 0x00, 0x00, 0x00, 0x00, 0x22, 0x00, 0x00, 0x00, 0x00, 0x00, 0x00, 0x00, 
	0x91, 0x01, 0x30, 0x00, 0x06, 0x41, 0x20, 0x1C, 0x10, 0x03, 0x61, 0x00, 0x00, 0x80, 0x01, 0x00, 
	0x00, 0x02, 0x00, 0x00, 0x00, 0x00, 0x00, 0x01, 0x00, 0x00, 0x00, 0x00, 0x00, 0x00, 0x40, 0xFF, 
	0x00, 0x08, 0x02, 0x80, 0x00, 0xD0, 0x04, 0x00, 0x41, 0x13, 0x02, 0x00, 0x0C, 0x00, 0x11, 0x10, 
	0xC1, 0x06, 0x80, 0x40, 0x02, 0x00, 0x23, 0x69, 0x02, 0x0C, 0x20, 0x00, 0x80, 0x00, 0x00, 0x00, 
	0x00, 0x00, 0x00, 0x00, 0x00, 0x10, 0x00, 0x00, 0x00, 0x00, 0x00, 0x00, 0x00, 0x88, 0x89, 0x30, 
	0x22, 0x14, 0x80, 0x08, 0x82, 0x00, 0x08, 0x00, 0x44, 0x4C, 0x08, 0x10, 0x01, 0x00, 0x06, 0x02, 
	0x44, 0x00, 0x00, 0x23, 0x00, 0x00, 0x00, 0x00, 0x00, 0x00, 0x00, 0x93, 0xFA, 0x80, 0x01, 0x00, 
	0x04, 0x46, 0x00, 0x00, 0x48, 0x08, 0x43, 0x00, 0x00, 0x80, 0x10, 0x09, 0x10, 0x00, 0x00, 0x01, 
	0x02, 0x99, 0x00, 0x40, 0x00, 0x14, 0x40, 0x80, 0x09, 0x01, 0x10, 0x02, 0x00, 0x00, 0x00, 0x00, 
	0x00, 0x00, 0x18, 0x01, 0x00, 0x00, 0x00, 0x00, 0x00, 0x00, 0x0C, 0x00, 0x01, 0x42, 0x02, 0x48, 
	0x48, 0x80, 0x08, 0x10, 0x62, 0x41, 0x20, 0x84, 0x05, 0x00, 0x00, 0x00, 0x08, 0x18, 0x00, 0x00, 
	0x10, 0x00, 0x00, 0x00, 0x00, 0x00, 0x00, 0x00, 0xA1, 0xFF, 0x20, 0x00, 0x0C, 0x80, 0x07, 0x31, 
	0x20, 0x06, 0xC0, 0x00, 0x00, 0x00, 0x0F, 0xE0, 0x40, 0x2C, 0x90, 0x01, 0x30, 0x00, 0x1E, 0xD0, 
	0x00, 0x18, 0x00, 0x03, 0xE4, 0x01, 0x0C, 0x00, 0x07, 0x00, 0x00, 0x00, 0x00, 0x00, 0x00, 0x90, 
	0x03, 0x00, 0x00, 0x00, 0x00, 0x00, 0x00, 0xE8, 0x01, 0x2C, 0x80, 0x05, 0xB0, 0x00, 0x06, 0xC0, 
	0x00, 0x18, 0x00, 0x0B, 0x60, 0x80, 0x00, 0x80, 0x01, 0x30, 0x00, 0x00, 0xC0, 0x02, 0x02, 0x00, 
	0x00, 0x00, 0x00, 0x00, 0x00, 0x90, 0xFE, 0x00, 0x00, 0x00, 0x20, 0x06, 0xC0, 0x20, 0x00, 0x00, 
	0x80, 0x00, 0x00, 0x00, 0x80, 0x00, 0x00, 0x10, 0x00, 0x40, 0x80, 0x18, 0x00, 0x03, 0x60, 0x00, 
	0x00, 0x88, 0x01, 0x00, 0x80, 0x05, 0x00, 0x00, 0x00, 0x00, 0x00, 0x00, 0xD8, 0x02, 0x00, 0x00, 
	0x00, 0x00, 0x00, 0x00, 0x0C, 0x00, 0x00, 0x10, 0x02, 0x40, 0x00, 0x18, 0x04, 0x00, 0x00, 0x00, 
	0x0C, 0x00, 0x00, 0x01, 0x00, 0x06, 0x01, 0x00, 0x00, 0x00, 0x03, 0x00, 0x00, 0x00, 0x00, 0x00, 
	0x00, 0x00, 0xC9, 0xFC, 0x80, 0x01, 0x80, 0x00, 0x06, 0xC0, 0x08, 0x80, 0x10, 0x13, 0x00, 0x00, 
	0x0C, 0x82, 0x81, 0x90, 0x00, 0x00, 0xC0, 0x02, 0x18, 0x00, 0x02, 0x62, 0x0A, 0x20, 0x80, 0x01, 
	0x80, 0x10, 0x04, 0x00, 0x00, 0x00, 0x00, 0x00, 0x00, 0x08, 0x02, 0x00, 0x00, 0x00, 0x00, 0x00, 
	0x00, 0x84, 0x41, 0xA0, 0x00, 0x44, 0xC2, 0x42, 0x98, 0x00, 0x0B, 0x02, 0x81, 0x2C, 0x02, 0x08, 
	0x00, 0x00, 0x14, 0x00, 0x84, 0x00, 0x00, 0xA3, 0x00, 0x00, 0x00, 0x00, 0x00, 0x00, 0x00, 0x58, 
	0xFC, 0x00, 0x00, 0x00, 0x00, 0x00, 0x00, 0x00, 0x00, 0x00, 0x00, 0x00, 0x00, 0x00, 0x00, 0x00, 
	0x00, 0x00, 0x00, 0x00, 0x00, 0x00, 0x00, 0x00, 0x00, 0x00, 0x00, 0x00, 0x00, 0x00, 0x00, 0x04, 
	0x00, 0x00, 0x00, 0x00, 0x00, 0x00, 0x00, 0x02, 0x00, 0x00, 0x00, 0x00, 0x00, 0x00, 0x00, 0x00, 
	0x00, 0x00, 0x00, 0x00, 0x00, 0x00, 0x00, 0x00, 0x00, 0x00, 0x00, 0x00, 0x00, 0x00, 0x00, 0x00, 
	0x00, 0x00, 0x00, 0x00, 0x00, 0x00, 0x00, 0x00, 0x00, 0x00, 0x00, 0x00, 0xF8, 0xFB, 0x20, 0x00, 
	0x04, 0x80, 0x00, 0x10, 0x00, 0x02, 0x40, 0x00, 0x08, 0x00, 0x01, 0x20, 0x00, 0x04, 0x80, 0x00, 
	0x10, 0x00, 0x02, 0x40, 0x00, 0x08, 0x00, 0x01, 0x20, 0x00, 0x04, 0x00, 0x00, 0x00, 0x00, 0x00, 
	0x00, 0x00, 0x00, 0x02, 0x00, 0x00, 0x00, 0x00, 0x00, 0x00, 0x00, 0x21, 0x00, 0x04, 0x80, 0x00, 
	0x10, 0x00, 0x02, 0x40, 0x00, 0x08, 0x00, 0x01, 0x20, 0x00, 0x04, 0x80, 0x00, 0x10, 0x00, 0x02, 
	0x40, 0x00, 0x08, 0x00, 0x01, 0x20, 0x00, 0x04, 0x00, 0x88, 0xFC, 0x00, 0x00, 0x00, 0x00, 0x00, 
	0x00, 0x00, 0x00, 0x00, 0x00, 0x00, 0x00, 0x00, 0x00, 0x00, 0x00, 0x00, 0x00, 0x00, 0x00, 0x00, 
	0x00, 0x00, 0x00, 0x00, 0x00, 0x00, 0x00, 0x00, 0x00, 0x00, 0x00, 0x00, 0x00, 0x00, 0x00, 0x00, 
	0x00, 0x00, 0x00, 0x00, 0x00, 0x00, 0x00, 0x00, 0x00, 0x00, 0x00, 0x00, 0x00, 0x00, 0x00, 0x00, 
	0x00, 0x00, 0x00, 0x00, 0x00, 0x00, 0x00, 0x00, 0x00, 0x00, 0x00, 0x00, 0x00, 0x00, 0x00, 0x00, 
	0x00, 0x00, 0x00, 0x00, 0x00, 0x00, 0x98, 0xFF, 0x28, 0x00, 0x04, 0x80, 0x00, 0x10, 0x00, 0x02, 
	0x40, 0x00, 0x08, 0x00, 0x01, 0x20, 0x00, 0x04, 0x80, 0x00, 0x10, 0x00, 0x02, 0x40, 0x00, 0x08, 
	0x00, 0x01, 0x20, 0x00, 0x04, 0x00, 0x00, 0x00, 0x00, 0x00, 0x00, 0x00, 0x00, 0x00, 0x00, 0x00, 
	0x00, 0x00, 0x00, 0x00, 0x00, 0x20, 0x00, 0x04, 0x80, 0x00, 0x10, 0x00, 0x02, 0x40, 0x00, 0x08, 
	0x00, 0x01, 0x20, 0x00, 0x04, 0x80, 0x00, 0x10, 0x00, 0x02, 0x40, 0x00, 0x08, 0x00, 0x01, 0x20, 
	0x00, 0x04, 0x00, 0x90, 0xFF, 0x00, 0x00, 0x00, 0x00, 0x00, 0x00, 0x00, 0x00, 0x00, 0x00, 0x00, 
	0x00, 0x00, 0x00, 0x00, 0x00, 0x00, 0x00, 0x00, 0x00, 0x00, 0x00, 0x00, 0x00, 0x00, 0x00, 0x00, 
	0x01, 0x00, 0x00, 0x00, 0x00, 0x00, 0x00, 0x00, 0x00, 0x00, 0x00, 0x00, 0x00, 0x00, 0x00, 0x00, 
	0x00, 0x00, 0x00, 0x00, 0x00, 0x00, 0x00, 0x00, 0x00, 0x00, 0x00, 0x00, 0x00, 0x00, 0x00, 0x00, 
	0x00, 0x00, 0x00, 0x00, 0x00, 0x00, 0x00, 0x00, 0x00, 0x00, 0x00, 0x00, 0x00, 0x00, 0x00, 0x00, 
	0x88, 0xFE, 0x00, 0x00, 0x00, 0x00, 0x00, 0x00, 0x00, 0x00, 0x00, 0x00, 0x00, 0x00, 0x00, 0x00, 
	0x00, 0x04, 0x00, 0x00, 0x10, 0x00, 0x00, 0x00, 0x00, 0x00, 0x00, 0x00, 0x00, 0x00, 0x04, 0x00, 
	0x00, 0x00, 0x00, 0x00, 0x00, 0x00, 0x00, 0x00, 0x00, 0x00, 0x00, 0x00, 0x00, 0x00, 0x00, 0x20, 
	0x00, 0x04, 0x00, 0x00, 0x10, 0x00, 0x00, 0x00, 0x00, 0x00, 0x00, 0x01, 0x20, 0x00, 0x04, 0x00, 
	0x00, 0x00, 0x00, 0x02, 0x00, 0x00, 0x08, 0x00, 0x01, 0x20, 0x00, 0x04, 0x00, 0x78, 0xFE, 0x04, 
	0x01, 0x20, 0x00, 0x04, 0x80, 0x00, 0x10, 0x00, 0x02, 0x40, 0x00, 0x08, 0x00, 0x01, 0x00, 0x00, 
	0x04, 0x00, 0x00, 0x10, 0x00, 0x02, 0x40, 0x00, 0x08, 0x00, 0x00, 0x00, 0x00, 0x00, 0x00, 0x00, 
	0x00, 0x00, 0x00, 0x00, 0x00, 0x00, 0x00, 0x00, 0x00, 0x00, 0x00, 0x00, 0x00, 0x00, 0x00, 0x00, 
	0x04, 0x00, 0x00, 0x10, 0x00, 0x02, 0x40, 0x00, 0x00, 0x00, 0x00, 0x00, 0x00, 0x04, 0x80, 0x00, 
	0x00, 0x00, 0x02, 0x00, 0x00, 0x00, 0x00, 0x00, 0x00, 0x00, 0x40, 0xFD, 0x20, 0x00, 0x04, 0x80, 
	0x00, 0x10, 0x00, 0x02, 0x40, 0x00, 0x08, 0x00, 0x01, 0x20, 0x00, 0x04, 0x80, 0x00, 0x10, 0x00, 
	0x02, 0x40, 0x00, 0x08, 0x00, 0x01, 0x20, 0x00, 0x04, 0x00, 0x00, 0x00, 0x00, 0x00, 0x00, 0x00, 
	0x00, 0x00, 0x00, 0x00, 0x00, 0x00, 0x00, 0x00, 0x00, 0x20, 0x00, 0x04, 0x80, 0x00, 0x10, 0x00, 
	0x02, 0x40, 0x00, 0x08, 0x00, 0x01, 0x20, 0x00, 0x04, 0x80, 0x00, 0x10, 0x00, 0x02, 0x40, 0x00, 
	0x08, 0x00, 0x01, 0x20, 0x00, 0x04, 0x00, 0x98, 0xFF, 0x00, 0x00, 0x00, 0x04, 0x00, 0x10, 0x10, 
	0x00, 0x02, 0x04, 0x00, 0x00, 0x02, 0x00, 0x00, 0x00, 0x20, 0x00, 0x00, 0x00, 0x11, 0x00, 0x00, 
	0x00, 0x20, 0x00, 0x00, 0x00, 0x00, 0x00, 0x00, 0x00, 0x00, 0x00, 0x00, 0x00, 0x00, 0x00, 0x00, 
	0x00, 0x00, 0x00, 0x00, 0x00, 0x00, 0x00, 0x00, 0x00, 0x00, 0x00, 0x00, 0x00, 0x08, 0x00, 0x02, 
	0x40, 0x00, 0x00, 0x00, 0x00, 0x00, 0x00, 0x00, 0x10, 0x10, 0x00, 0x00, 0x00, 0x00, 0x00, 0x00, 
	0x00, 0x00, 0x00, 0x00, 0x70, 0xF8, 0x00, 0x00, 0x04, 0x00, 0x00, 0x00, 0x00, 0x00, 0x00, 0x00, 
	0x00, 0x00, 0x00, 0x00, 0x00, 0x00, 0x00, 0x00, 0x00, 0x00, 0x00, 0x00, 0x00, 0x00, 0x00, 0x00, 
	0x00, 0x00, 0x00, 0x00, 0x00, 0x00, 0x00, 0x00, 0x00, 0x00, 0x00, 0x00, 0x00, 0x00, 0x00, 0x00, 
	0x00, 0x00, 0x00, 0x00, 0x00, 0x00, 0x00, 0x10, 0x00, 0x00, 0x00, 0x00, 0x00, 0x00, 0x00, 0x00, 
	0x00, 0x00, 0x00, 0x00, 0x00, 0x00, 0x00, 0x00, 0x00, 0x00, 0x00, 0x00, 0x00, 0x00, 0x00, 0x00, 
	0x00, 0xC8, 0xFE, 0x00, 0x00, 0x00, 0x00, 0x00, 0x00, 0x00, 0x00, 0x00, 0x00, 0x00, 0x00, 0x00, 
	0x00, 0x00, 0x00, 0x00, 0x01, 0x00, 0x00, 0x00, 0x00, 0x00, 0x00, 0x00, 0x00, 0x00, 0x00, 0x00, 
	0x00, 0x00, 0x00, 0x00, 0x00, 0x00, 0x00, 0x00, 0x00, 0x00, 0x00, 0x00, 0x00, 0x00, 0x00, 0x00, 
	0x00, 0x20, 0x00, 0x00, 0x00, 0x00, 0x00, 0x00, 0x00, 0x00, 0x04, 0x80, 0x04, 0x00, 0x00, 0x00, 
	0x00, 0x00, 0x04, 0x00, 0x00, 0x00, 0x00, 0x00, 0x00, 0x00, 0x00, 0x00, 0x00, 0x00, 0x20, 0xF9, 
	0x00, 0x00, 0x00, 0x00, 0x00, 0x00, 0x00, 0x00, 0x00, 0x00, 0x00, 0x00, 0x00, 0x80, 0x00, 0x00, 
	0x00, 0x00, 0x01, 0x00, 0x00, 0x00, 0x00, 0x80, 0x00, 0x00, 0x00, 0x00, 0x04, 0x00, 0x00, 0x00, 
	0x00, 0x00, 0x00, 0x00, 0x00, 0x00, 0x00, 0x00, 0x00, 0x00, 0x00, 0x00, 0x00, 0x80, 0x00, 0x00, 
	0x00, 0x04, 0x00, 0x01, 0x00, 0x00, 0x00, 0x00, 0x20, 0x00, 0x00, 0x00, 0x00, 0x00, 0x80, 0x00, 
	0x00, 0x00, 0x00, 0x00, 0x00, 0x00, 0x00, 0x00, 0x00, 0x00, 0x00, 0x10, 0xFD, 0x00, 0x00, 0x08, 
	0x00, 0x00, 0x20, 0x00, 0x04, 0x00, 0x00, 0x01, 0x00, 0x00, 0x80, 0x00, 0x00, 0x00, 0x00, 0x00, 
	0x00, 0x00, 0x00, 0x00, 0x00, 0x00, 0x00, 0x00, 0x00, 0x00, 0x00, 0x00, 0x00, 0x00, 0x00, 0x00, 
	0x80, 0x00, 0x00, 0x00, 0x00, 0x00, 0x00, 0x00, 0x00, 0x00, 0x00, 0x00, 0x00, 0x00, 0x00, 0x00, 
	0x00, 0x00, 0x00, 0x00, 0x00, 0x00, 0x00, 0x00, 0x00, 0x00, 0x00, 0x00, 0x20, 0x00, 0x00, 0x40, 
	0x00, 0x00, 0x00, 0x00, 0x00, 0x00, 0x00, 0x00, 0xE9, 0xF9, 0x00, 0x00, 0x00, 0x00, 0x00, 0x00, 
	0x00, 0x00, 0x00, 0x00, 0x00, 0x00, 0x00, 0x40, 0x00, 0x00, 0x00, 0x08, 0x00, 0x00, 0x00, 0x00, 
	0x00, 0x00, 0x00, 0x00, 0x00, 0x00, 0x80, 0x00, 0x00, 0x02, 0x00, 0x00, 0x00, 0x00, 0x00, 0x00, 
	0x00, 0x01, 0x00, 0x00, 0x01, 0x20, 0x00, 0x00, 0x00, 0x00, 0x00, 0x00, 0x00, 0x00, 0x00, 0x00, 
	0x00, 0x02, 0x00, 0x00, 0x00, 0x00, 0x00, 0x00, 0x00, 0x00, 0x00, 0x00, 0x00, 0x00, 0x00, 0x00, 
	0x00, 0x00, 0x00, 0x00, 0x00, 0x70, 0xF9, 0x08, 0x00, 0x00, 0x00, 0x00, 0x00, 0x80, 0x02, 0x02, 
	0x01, 0x08, 0x00, 0x00, 0x00, 0x00, 0x08, 0x00, 0x02, 0x40, 0x20, 0x00, 0x00, 0x00, 0x00, 0x00, 
	0x00, 0x00, 0x00, 0x00, 0x00, 0x00, 0x00, 0x00, 0x00, 0x00, 0x00, 0x00, 0x00, 0x00, 0x00, 0x00, 
	0x00, 0x00, 0x00, 0x00, 0x40, 0x00, 0x00, 0x00, 0x00, 0x40, 0x10, 0x08, 0x00, 0x00, 0x20, 0x10, 
	0x00, 0x00, 0x40, 0x00, 0x00, 0x00, 0x40, 0x00, 0x02, 0x00, 0x00, 0x00, 0x08, 0x02, 0x08, 0x00, 
	0x20, 0x00, 0xD0, 0xFD, 0x00, 0x40, 0x04, 0x00, 0x00, 0x40, 0x00, 0x00, 0x00, 0x00, 0x20, 0x00, 
	0x00, 0x00, 0x00, 0x10, 0x00, 0x00, 0x02, 0x00, 0x00, 0x84, 0x00, 0x00, 0x10, 0x04, 0x02, 0x00, 
	0x08, 0x00, 0x00, 0x00, 0x00, 0x00, 0x00, 0x00, 0x00, 0x00, 0x00, 0x00, 0x00, 0x00, 0x00, 0x00, 
	0x00, 0x00, 0x00, 0x00, 0x08, 0x01, 0x01, 0x00, 0x00, 0x04, 0x80, 0x00, 0x00, 0x02, 0x00, 0x80, 
	0x00, 0x00, 0x00, 0x10, 0x00, 0x00, 0x00, 0x00, 0x02, 0x00, 0x00, 0x00, 0x00, 0x00, 0x00, 0xB0, 
	0xFC, 0x00, 0x00, 0x05, 0x05, 0x14, 0x10, 0x40, 0x54, 0x88, 0x50, 0x18, 0x10, 0x80, 0x03, 0x28, 
	0x0C, 0x00, 0x01, 0x24, 0x40, 0x50, 0x50, 0x81, 0x40, 0x41, 0x29, 0x0A, 0x00, 0x14, 0x00, 0x00, 
	0x00, 0x00, 0x00, 0x00, 0x00, 0x00, 0x00, 0x00, 0x00, 0x00, 0x00, 0x00, 0x00, 0x00, 0x40, 0x00, 
	0x00, 0xA0, 0x00, 0x24, 0x40, 0x04, 0x10, 0x00, 0x12, 0x20, 0x01, 0x00, 0x80, 0x01, 0x00, 0x00, 
	0x30, 0x00, 0x04, 0x00, 0x00, 0x02, 0x20, 0x02, 0x04, 0x00, 0x08, 0x00, 0xF0, 0xF9, 0x00, 0x20, 
	0x20, 0x06, 0x1A, 0x20, 0x02, 0x10, 0x02, 0x82, 0x00, 0x00, 0x00, 0x03, 0x20, 0x20, 0x00, 0x02, 
	0x41, 0x20, 0x40, 0x2C, 0x8A, 0x40, 0x50, 0x08, 0x35, 0x90, 0x02, 0x52, 0x00, 0x00, 0x00, 0x00, 
	0x00, 0x00, 0x00, 0x00, 0x00, 0x00, 0x00, 0x00, 0x00, 0x00, 0x00, 0x00, 0x01, 0x50, 0x00, 0x84, 
	0x80, 0x30, 0xC8, 0x05, 0x71, 0x22, 0x18, 0x08, 0x02, 0x01, 0x00, 0x06, 0x8C, 0x81, 0x4A, 0x01, 
	0x00, 0x41, 0x00, 0x08, 0x00, 0x00, 0x21, 0x20, 0x00, 0xF0, 0xF8, 0x00, 0x00, 0x00, 0x00, 0x02, 
	0x00, 0x00, 0x00, 0x00, 0x00, 0x02, 0x00, 0x00, 0x01, 0x00, 0x00, 0x80, 0x00, 0x44, 0x20, 0x00, 
	0x08, 0x80, 0x00, 0x08, 0x00, 0x00, 0x00, 0x00, 0x00, 0x00, 0x00, 0x00, 0x00, 0x00, 0x00, 0x00, 
	0x00, 0x00, 0x00, 0x00, 0x00, 0x00, 0x00, 0x00, 0x00, 0x00, 0x10, 0x00, 0x00, 0x00, 0x40, 0x08, 
	0x44, 0x00, 0x20, 0x10, 0x00, 0x02, 0x00, 0x00, 0x00, 0x00, 0x01, 0x00, 0x00, 0x40, 0x00, 0x00, 
	0x00, 0x00, 0x00, 0x00, 0x00, 0x00, 0x40, 0xFD, 0x08, 0x40, 0x04, 0x08, 0x00, 0x00, 0x00, 0x08, 
	0x08, 0x01, 0x00, 0x00, 0x00, 0x02, 0x40, 0x10, 0x00, 0x00, 0x00, 0x00, 0x00, 0x00, 0x01, 0x20, 
	0x00, 0x04, 0x02, 0x00, 0x00, 0x00, 0x00, 0x00, 0x00, 0x00, 0x00, 0x00, 0x00, 0x00, 0x00, 0x00, 
	0x00, 0x00, 0x00, 0x00, 0x00, 0x80, 0x00, 0x00, 0x00, 0x02, 0x41, 0x80, 0x00, 0x00, 0x00, 0x02, 
	0x20, 0x04, 0x40, 0x00, 0x00, 0x08, 0x02, 0x12, 0x00, 0x00, 0x00, 0x40, 0x00, 0x08, 0x00, 0x20, 
	0x00, 0x21, 0x00, 0x50, 0xFA, 0x00, 0x00, 0x40, 0x00, 0x00, 0x00, 0x00, 0x00, 0x00, 0x00, 0x00, 
	0x00, 0x00, 0x00, 0x00, 0x00, 0x00, 0x10, 0x00, 0x00, 0x00, 0x00, 0x00, 0x00, 0x00, 0x00, 0x00, 
	0x00, 0x00, 0x00, 0x00, 0x00, 0x80, 0x00, 0x00, 0x00, 0x00, 0x00, 0x00, 0x00, 0x40, 0x00, 0x00, 
	0x00, 0x00, 0x00, 0x00, 0x00, 0x04, 0x08, 0x00, 0x10, 0x00, 0x00, 0x40, 0x00, 0x00, 0x00, 0x10, 
	0x00, 0x00, 0x00, 0x00, 0x00, 0x00, 0x00, 0x00, 0x00, 0x00, 0x00, 0x00, 0x00, 0x00, 0x00, 0x00, 
	0xD8, 0xFB, 0x00, 0x00, 0x00, 0x00, 0x00, 0x00, 0x00, 0x00, 0x00, 0x00, 0x00, 0x00, 0x20, 0x00, 
	0x00, 0x00, 0x00, 0x00, 0x00, 0x00, 0x00, 0x00, 0x01, 0x20, 0x00, 0x00, 0x00, 0x00, 0x00, 0x00, 
	0x00, 0x00, 0x00, 0x00, 0x00, 0x00, 0x40, 0x00, 0x00, 0x00, 0x00, 0x00, 0x00, 0x00, 0x20, 0x00, 
	0x00, 0x00, 0x00, 0x00, 0x00, 0x00, 0x00, 0x00, 0x00, 0x00, 0x00, 0x00, 0x10, 0x00, 0x00, 0x00, 
	0x00, 0x00, 0x00, 0x00, 0x00, 0x00, 0x00, 0x00, 0x00, 0x00, 0x00, 0x00, 0x00, 0xE8, 0xFF, 0x00, 
	0x00, 0x00, 0x00, 0x00, 0x00, 0x00, 0x00, 0x00, 0x00, 0x00, 0x00, 0x00, 0x00, 0x00, 0x00, 0x00, 
	0x00, 0x00, 0x00, 0x00, 0x00, 0x00, 0x00, 0x00, 0x01, 0x00, 0x00, 0x80, 0x20, 0x10, 0x00, 0x00, 
	0x20, 0x00, 0x00, 0x00, 0x00, 0x08, 0x00, 0x00, 0x00, 0x00, 0x00, 0x00, 0x20, 0x04, 0x81, 0x00, 
	0x00, 0x00, 0x02, 0x00, 0x00, 0x00, 0x00, 0x00, 0x00, 0x04, 0x00, 0x00, 0x00, 0x00, 0x00, 0x00, 
	0x00, 0x00, 0x00, 0x00, 0x00, 0x00, 0x00, 0x00, 0x00, 0x00, 0xB8, 0xFE, 0x00, 0x00, 0x00, 0x00, 
	0x00, 0x00, 0x00, 0x00, 0x00, 0x00, 0x00, 0x00, 0x00, 0x00, 0x00, 0x00, 0x00, 0x00, 0x00, 0x00, 
	0x00, 0x00, 0x00, 0x08, 0x00, 0x00, 0x00, 0x00, 0x00, 0x00, 0x00, 0x00, 0x00, 0x00, 0x00, 0x20, 
	0x00, 0x00, 0x00, 0x00, 0x00, 0x00, 0x00, 0x00, 0x00, 0x00, 0x00, 0x00, 0x00, 0x00, 0x01, 0x00, 
	0x00, 0x00, 0x04, 0x00, 0x00, 0x00, 0x00, 0x02, 0x00, 0x00, 0x00, 0x00, 0x00, 0x00, 0x00, 0x00, 
	0x00, 0x00, 0x00, 0x00, 0x00, 0x00, 0x00, 0x68, 0xF9, 0x00, 0x00, 0x01, 0x20, 0x00, 0x00, 0x80, 
	0x00, 0x10, 0x00, 0x00, 0x00, 0x00, 0x00, 0x00, 0x00, 0x00, 0x02, 0x00, 0x02, 0x00, 0x00, 0x00, 
	0x00, 0x00, 0x00, 0x00, 0x00, 0x00, 0x00, 0x00, 0x00, 0x40, 0x00, 0x00, 0x00, 0x40, 0x00, 0x00, 
	0x00, 0x20, 0x00, 0x00, 0x00, 0x20, 0x00, 0x00, 0x00, 0x80, 0x00, 0x10, 0x01, 0x00, 0x00, 0x00, 
	0x00, 0x00, 0x00, 0x00, 0x00, 0x00, 0x00, 0x00, 0x00, 0x80, 0x00, 0x00, 0x00, 0x00, 0x00, 0x00, 
	0x00, 0x00, 0x00, 0x00, 0xF0, 0xF8, 0x00, 0x00, 0x00, 0x00, 0x00, 0x00, 0x00, 0x00, 0x00, 0x00, 
	0x00, 0x00, 0x00, 0x00, 0x00, 0x00, 0x00, 0x00, 0x00, 0x40, 0x00, 0x00, 0x00, 0x00, 0x00, 0x00, 
	0x00, 0x00, 0x00, 0x00, 0x00, 0x00, 0x00, 0x00, 0x00, 0x00, 0x00, 0x00, 0x00, 0x00, 0x00, 0x00, 
	0x00, 0x00, 0x00, 0x00, 0x00, 0x08, 0x00, 0x00, 0x00, 0x10, 0x00, 0x00, 0x02, 0x00, 0x00, 0x00, 
	0x00, 0x00, 0x00, 0x00, 0x00, 0x00, 0x00, 0x00, 0x00, 0x00, 0x00, 0x00, 0x00, 0x00, 0x00, 0x00, 
	0x00, 0x68, 0xF9, 0x00, 0x00, 0x00, 0x00, 0x00, 0x00, 0x00, 0x00, 0x00, 0x00, 0x00, 0x00, 0x00, 
	0x00, 0x02, 0x08, 0x00, 0x00, 0x00, 0x00, 0x00, 0x00, 0x00, 0x00, 0x00, 0x00, 0x20, 0x00, 0x00, 
	0x10, 0x00, 0x00, 0x00, 0x00, 0x20, 0x00, 0x00, 0x00, 0x00, 0x00, 0x00, 0x08, 0x00, 0x00, 0x00, 
	0x00, 0x00, 0x00, 0x00, 0x00, 0x00, 0x00, 0x00, 0x00, 0x00, 0x00, 0x00, 0x00, 0x00, 0x00, 0x00, 
	0x00, 0x80, 0x00, 0x00, 0x00, 0x00, 0x00, 0x00, 0x00, 0x00, 0x00, 0x00, 0x00, 0x00, 0x98, 0xFE, 
	0x08, 0x00, 0x00, 0x00, 0x00, 0x00, 0x00, 0x04, 0x00, 0x00, 0x00, 0x08, 0x00, 0x10, 0x00, 0x00, 
	0x00, 0x00, 0x00, 0x00, 0x00, 0x02, 0x00, 0x00, 0x00, 0x00, 0x00, 0x40, 0x00, 0x00, 0x00, 0x00, 
	0x00, 0x00, 0x04, 0x40, 0x00, 0x00, 0x00, 0x00, 0x00, 0x00, 0x02, 0x00, 0x00, 0x00, 0x20, 0x00, 
	0x04, 0x00, 0x00, 0x00, 0x00, 0x02, 0x80, 0x00, 0x10, 0x00, 0x00, 0x20, 0x00, 0x00, 0x00, 0x00, 
	0x00, 0x00, 0x00, 0x00, 0x00, 0x00, 0x00, 0x00, 0x00, 0x00, 0x00, 0x80, 0xFF, 0x00, 0x00, 0x00, 
	0x00, 0x00, 0x00, 0x00, 0x00, 0x00, 0x00, 0x08, 0x00, 0x00, 0x02, 0x00, 0x00, 0x00, 0x00, 0x00, 
	0x01, 0x00, 0x80, 0x00, 0x00, 0x00, 0x00, 0x00, 0x00, 0x00, 0x04, 0x00, 0x00, 0x00, 0x00, 0x10, 
	0x00, 0x00, 0x00, 0x00, 0x00, 0x00, 0x02, 0x08, 0x00, 0x00, 0x40, 0x01, 0x00, 0x00, 0x00, 0x20, 
	0x00, 0x00, 0x00, 0x00, 0x80, 0x08, 0x00, 0x00, 0x00, 0x00, 0x00, 0x00, 0x00, 0x00, 0x00, 0x00, 
	0x00, 0x00, 0x00, 0x00, 0x00, 0x00, 0x00, 0x00, 0x20, 0xFE, 0x00, 0x00, 0x00, 0x00, 0x00, 0x00, 
	0x00, 0x00, 0x00, 0x00, 0x00, 0x00, 0x08, 0x00, 0x00, 0x00, 0x00, 0x10, 0x00, 0x00, 0x00, 0x40, 
	0x00, 0x00, 0x00, 0x00, 0x00, 0x00, 0x00, 0x00, 0x00, 0x00, 0x00, 0x40, 0x00, 0x10, 0x00, 0x00, 
	0x00, 0x00, 0x00, 0x00, 0x10, 0x00, 0x00, 0x00, 0x00, 0x00, 0x00, 0x00, 0x00, 0x00, 0x00, 0x00, 
	0x00, 0x00, 0x00, 0x00, 0x04, 0x00, 0x00, 0x00, 0x00, 0x02, 0x00, 0x00, 0x00, 0x00, 0x00, 0x00, 
	0x00, 0x00, 0x00, 0x00, 0x00, 0xA0, 0xF9, 0x00, 0x00, 0x00, 0x00, 0x00, 0x00, 0x00, 0x00, 0x40, 
	0x00, 0x00, 0x00, 0x00, 0x00, 0x00, 0x00, 0x00, 0x00, 0x00, 0x00, 0x00, 0x00, 0x00, 0x00, 0x00, 
	0x00, 0x00, 0x00, 0x00, 0x00, 0x00, 0x00, 0x00, 0x00, 0x00, 0x40, 0x00, 0x00, 0x00, 0x00, 0x00, 
	0x00, 0x00, 0x20, 0x00, 0x00, 0x00, 0x00, 0x00, 0x00, 0x80, 0x00, 0x00, 0x00, 0x00, 0x00, 0x00, 
	0x00, 0x00, 0x00, 0x00, 0x00, 0x00, 0x00, 0x00, 0x00, 0x00, 0x80, 0x00, 0x00, 0x00, 0x00, 0x00, 
	0x00, 0x00, 0x38, 0xFD, 0x00, 0x00, 0x00, 0x10, 0x00, 0x00, 0x40, 0x00, 0x58, 0x00, 0x00, 0x00, 
	0x00, 0x08, 0x00, 0x00, 0x00, 0x00, 0x40, 0x20, 0x00, 0x80, 0x00, 0x10, 0x00, 0x01, 0x00, 0x00, 
	0x00, 0x00, 0x00, 0x00, 0x00, 0x00, 0x00, 0x00, 0x00, 0x00, 0x00, 0x00, 0x00, 0x00, 0x00, 0x00, 
	0x00, 0x00, 0x00, 0x00, 0x00, 0x00, 0x00, 0x80, 0x00, 0x00, 0x00, 0x00, 0x00, 0x00, 0x00, 0x00, 
	0x00, 0x00, 0x00, 0x00, 0x40, 0x00, 0x00, 0x00, 0x00, 0x00, 0x00, 0x00, 0x00, 0x00, 0x00, 0xE0, 
	0xFC, 0x80, 0x00, 0x00, 0x00, 0x02, 0x00, 0x00, 0x00, 0x00, 0x00, 0x00, 0x00, 0x00, 0x08, 0x00, 
	0x00, 0x00, 0x00, 0x00, 0x20, 0x00, 0x00, 0x00, 0x00, 0x00, 0x00, 0x40, 0x00, 0x00, 0x00, 0x00, 
	0x00, 0x00, 0x00, 0x00, 0x00, 0x00, 0x00, 0x00, 0x00, 0x00, 0x00, 0x00, 0x00, 0x00, 0x00, 0x00, 
	0x00, 0x00, 0x00, 0x00, 0x00, 0x00, 0x00, 0x00, 0x00, 0x00, 0x00, 0x00, 0x00, 0x00, 0x00, 0x00, 
	0x00, 0x00, 0x00, 0x00, 0x00, 0x00, 0x00, 0x00, 0x00, 0x00, 0x00, 0x00, 0xB0, 0xFB, 0x00, 0x00, 
	0x00, 0x00, 0x00, 0x00, 0x00, 0x00, 0x00, 0x00, 0x00, 0x00, 0x00, 0x00, 0x00, 0x00, 0x00, 0x01, 
	0x00, 0x00, 0x00, 0x00, 0x00, 0x04, 0x80, 0x00, 0x00, 0x00, 0x00, 0x00, 0x00, 0x00, 0x00, 0x00, 
	0x00, 0x00, 0x00, 0x00, 0x00, 0x00, 0x00, 0x08, 0x00, 0x00, 0x00, 0x00, 0x00, 0x00, 0x00, 0x00, 
	0x00, 0x00, 0x00, 0x00, 0x00, 0x00, 0x00, 0x00, 0x00, 0x00, 0x00, 0x00, 0x00, 0x01, 0x00, 0x00, 
	0x00, 0x00, 0x00, 0x00, 0x00, 0x00, 0x00, 0x00, 0x00, 0xD8, 0xFE, 0x00, 0x00, 0x00, 0x80, 0x00, 
	0x00, 0x00, 0x00, 0x00, 0x00, 0x00, 0x00, 0x00, 0x00, 0x00, 0x00, 0x00, 0x00, 0x00, 0x00, 0x00, 
	0x00, 0x00, 0x00, 0x00, 0x00, 0x00, 0x00, 0x10, 0x00, 0x00, 0x00, 0x00, 0x00, 0x00, 0x00, 0x00, 
	0x00, 0x00, 0x00, 0x00, 0x00, 0x00, 0x00, 0x00, 0x00, 0x00, 0x00, 0x00, 0x00, 0x00, 0x00, 0x00, 
	0x08, 0x00, 0x00, 0x00, 0x00, 0x00, 0x80, 0x00, 0x00, 0x00, 0x00, 0x00, 0x00, 0x00, 0x00, 0x00, 
	0x00, 0x00, 0x00, 0x00, 0x00, 0x00, 0x00, 0xFE, 0x00, 0x00, 0x80, 0x00, 0x00, 0x00, 0x02, 0x10, 
	0x00, 0x40, 0x00, 0x00, 0x00, 0x00, 0x00, 0x00, 0x00, 0x00, 0x00, 0x00, 0x00, 0x00, 0x00, 0x00, 
	0x00, 0x00, 0x00, 0x00, 0x00, 0x00, 0x00, 0x00, 0x00, 0x00, 0x00, 0x00, 0x00, 0x00, 0x00, 0x00, 
	0x00, 0x00, 0x00, 0x00, 0x00, 0x00, 0x01, 0x00, 0x00, 0x00, 0x80, 0x00, 0x00, 0x00, 0x00, 0x00, 
	0x00, 0x00, 0x00, 0x00, 0x00, 0x00, 0x00, 0x00, 0x00, 0x00, 0x00, 0x00, 0x00, 0x00, 0x00, 0x00, 
	0x00, 0x00, 0x00, 0xE8, 0xFD, 0x00, 0x00, 0x00, 0x00, 0x00, 0x00, 0x00, 0x00, 0x00, 0x00, 0x00, 
	0x00, 0x00, 0x00, 0x00, 0x00, 0x00, 0x00, 0x00, 0x00, 0x00, 0x00, 0x00, 0x00, 0x00, 0x00, 0x00, 
	0x00, 0x00, 0x00, 0x00, 0x00, 0x00, 0x00, 0x00, 0x00, 0x00, 0x00, 0x00, 0x00, 0x00, 0x00, 0x00, 
	0x00, 0x00, 0x00, 0x00, 0x00, 0x00, 0x01, 0x00, 0x00, 0x00, 0x00, 0x00, 0x00, 0x00, 0x02, 0x00, 
	0x00, 0x00, 0x00, 0x0C, 0x00, 0x00, 0x00, 0x00, 0x00, 0x00, 0x00, 0x00, 0x00, 0x00, 0x00, 0x00, 
	0x78, 0xFC, 0x00, 0x00, 0x00, 0x00, 0x00, 0x00, 0x00, 0x00, 0x00, 0x00, 0x00, 0x00, 0x00, 0x00, 
	0x00, 0x00, 0x00, 0x00, 0x00, 0x00, 0x00, 0x00, 0x00, 0x00, 0x00, 0x00, 0x00, 0x00, 0x00, 0x00, 
	0x00, 0x00, 0x00, 0x00, 0x00, 0x00, 0x00, 0x00, 0x00, 0x00, 0x00, 0x00, 0x00, 0x00, 0x00, 0x00, 
	0x00, 0x12, 0x00, 0x00, 0x40, 0x00, 0x00, 0x00, 0x00, 0x00, 0x00, 0x05, 0x0A, 0x00, 0x00, 0x00, 
	0x00, 0x00, 0x00, 0x00, 0x00, 0x00, 0x00, 0x00, 0x00, 0x00, 0x00, 0x00, 0x00, 0x60, 0xFD, 0x00, 
	0x00, 0x10, 0x00, 0x00, 0x40, 0x00, 0x08, 0x00, 0x00, 0x00, 0x00, 0x00, 0x00, 0x00, 0x00, 0x00, 
	0x00, 0x02, 0x00, 0x00, 0x00, 0x00, 0x20, 0x00, 0x00, 0x00, 0x00, 0x00, 0x00, 0x00, 0x10, 0x00, 
	0x00, 0x00, 0x00, 0x00, 0x00, 0x00, 0x08, 0x00, 0x00, 0x00, 0x00, 0x00, 0x00, 0x00, 0x00, 0x08, 
	0x00, 0x00, 0x00, 0x00, 0x00, 0x00, 0x00, 0x00, 0x00, 0x00, 0x00, 0x00, 0x00, 0x00, 0x40, 0x00, 
	0x00, 0x00, 0x00, 0x00, 0x00, 0x00, 0x00, 0x00, 0x00, 0x00, 0x60, 0xFB, 0x00, 0x00, 0x00, 0x00, 
	0x00, 0x00, 0x00, 0x08, 0x00, 0x00, 0x01, 0x00, 0x00, 0x02, 0x00, 0x00, 0x00, 0x00, 0x00, 0x00, 
	0x00, 0x00, 0x00, 0x00, 0x00, 0x00, 0x00, 0x00, 0x00, 0x00, 0x00, 0x00, 0x00, 0x00, 0x00, 0x00, 
	0x00, 0x00, 0x00, 0x00, 0x00, 0x00, 0x00, 0x00, 0x00, 0x00, 0x00, 0x00, 0x00, 0x00, 0x00, 0x00, 
	0x00, 0x00, 0x00, 0x00, 0x00, 0x00, 0x00, 0x00, 0x00, 0x80, 0x08, 0x00, 0x00, 0x00, 0x00, 0x00, 
	0x00, 0x00, 0x00, 0x00, 0x00, 0x00, 0x00, 0x98, 0xFC, 0x00, 0x00, 0x00, 0x00, 0x00, 0x00, 0x00, 
	0x00, 0x00, 0x00, 0x00, 0x00, 0x04, 0x00, 0x00, 0x00, 0x00, 0x00, 0x00, 0x00, 0x00, 0x00, 0x02, 
	0x00, 0x00, 0x02, 0x00, 0x00, 0x00, 0x00, 0x00, 0x20, 0x00, 0x00, 0x00, 0x00, 0x10, 0x00, 0x00, 
	0x10, 0x00, 0x00, 0x00, 0x00, 0x00, 0x00, 0x80, 0x02, 0x00, 0x00, 0x00, 0x00, 0x00, 0x00, 0x80, 
	0x00, 0x00, 0x21, 0x02, 0x00, 0x00, 0x00, 0x00, 0x00, 0x00, 0x00, 0x00, 0x00, 0x00, 0x00, 0x00, 
	0x00, 0x00, 0x00, 0x00, 0x60, 0xFA, 0x00, 0x00, 0x00, 0x00, 0x00, 0x00, 0x00, 0x00, 0x00, 0x00, 
	0x00, 0x00, 0x01, 0x04, 0x00, 0x00, 0x00, 0x00, 0x00, 0x00, 0x00, 0x00, 0x00, 0x40, 0x00, 0x00, 
	0x00, 0x00, 0x00, 0x00, 0x00, 0x00, 0x00, 0x00, 0x00, 0x00, 0x00, 0x00, 0x00, 0x00, 0x00, 0x00, 
	0x00, 0x00, 0x00, 0x00, 0x00, 0x80, 0x10, 0x00, 0x00, 0x02, 0x00, 0x00, 0x00, 0x00, 0x00, 0x08, 
	0x00, 0x00, 0x00, 0x00, 0x00, 0x00, 0x00, 0x00, 0x00, 0x00, 0x00, 0x00, 0x00, 0x00, 0x00, 0x00, 
	0x00, 0x29, 0xFD, 0x00, 0x00, 0x00, 0x00, 0x00, 0x00, 0x00, 0x00, 0x00, 0x00, 0x00, 0x00, 0x00, 
	0x00, 0x00, 0x00, 0x08, 0x00, 0x40, 0x00, 0x00, 0x00, 0x80, 0x00, 0x00, 0x00, 0x00, 0x00, 0x00, 
	0x00, 0x00, 0x00, 0x01, 0x00, 0x00, 0x00, 0x00, 0x00, 0x00, 0x80, 0x00, 0x00, 0x00, 0x00, 0x00, 
	0x00, 0x00, 0x00, 0x00, 0x04, 0x00, 0x00, 0x00, 0x00, 0x00, 0x00, 0x10, 0x08, 0x08, 0x40, 0x00, 
	0x00, 0x00, 0x01, 0x00, 0x00, 0x00, 0x40, 0x00, 0x00, 0x00, 0x00, 0x00, 0x00, 0x00, 0x18, 0xFB, 
	0x00, 0x00, 0x40, 0x00, 0x00, 0x00, 0x01, 0x20, 0x00, 0x00, 0x20, 0x00, 0x02, 0x00, 0x04, 0x00, 
	0x00, 0x00, 0x00, 0x80, 0x08, 0x00, 0x00, 0x00, 0x00, 0x00, 0x80, 0x00, 0x00, 0x00, 0x00, 0x00, 
	0x00, 0x00, 0x00, 0x00, 0x00, 0x00, 0x00, 0x00, 0x00, 0x00, 0x00, 0x00, 0x00, 0x00, 0x40, 0x00, 
	0x88, 0x00, 0x00, 0x20, 0x18, 0x00, 0x00, 0x00, 0x00, 0x00, 0x00, 0x01, 0x00, 0x00, 0x00, 0x08, 
	0x01, 0x00, 0x00, 0x00, 0x00, 0x00, 0x00, 0x00, 0x00, 0x00, 0x00, 0x80, 0xFC, 0x40, 0x00, 0x01, 
	0x04, 0x00, 0x00, 0x00, 0x00, 0x00, 0x00, 0x00, 0x00, 0x00, 0x00, 0x01, 0x00, 0x08, 0x00, 0x40, 
	0x00, 0x00, 0x08, 0x00, 0x00, 0x00, 0x01, 0x00, 0x81, 0x00, 0x00, 0x00, 0x00, 0x00, 0x08, 0x04, 
	0x20, 0x20, 0x00, 0x00, 0x00, 0x00, 0x08, 0x00, 0x20, 0x10, 0x00, 0x00, 0x00, 0x08, 0x00, 0x80, 
	0x20, 0x00, 0x00, 0x01, 0x10, 0x40, 0x00, 0x00, 0x00, 0x04, 0x00, 0x00, 0x22, 0x00, 0x00, 0x02, 
	0x00, 0x00, 0x00, 0x00, 0x01, 0x00, 0x04, 0x00, 0xD4, 0xFE, 0x00, 0x20, 0x20, 0x08, 0x00, 0x81, 
	0x00, 0x08, 0x00, 0x02, 0x10, 0x40, 0x00, 0x00, 0x20, 0x00, 0x10, 0x00, 0x01, 0x00, 0x00, 0x04, 
	0x00, 0x0A, 0x00, 0x08, 0x02, 0x00, 0x05, 0x00, 0x00, 0x00, 0x00, 0x00, 0x04, 0x00, 0x00, 0x00, 
	0x00, 0x00, 0x00, 0x00, 0x02, 0x20, 0x00, 0x80, 0x00, 0x00, 0x00, 0x00, 0x00, 0x10, 0x00, 0x00, 
	0x00, 0x02, 0x00, 0x01, 0x04, 0x00, 0x08, 0x00, 0x02, 0x00, 0x20, 0x00, 0x00, 0x02, 0x00, 0x00, 
	0x00, 0x20, 0x00, 0x00, 0x00, 0x41, 0xFB, 0xC0, 0x80, 0x05, 0x30, 0x00, 0x14, 0x00, 0x02, 0x40, 
	0x50, 0x08, 0x40, 0x00, 0x40, 0x00, 0x11, 0x30, 0x02, 0xA4, 0x01, 0x00, 0x18, 0x00, 0x0A, 0x00, 
	0x03, 0x48, 0x85, 0x05, 0x05, 0x00, 0x00, 0x00, 0x10, 0x06, 0x80, 0x10, 0x00, 0x00, 0x00, 0x00, 
	0x08, 0x02, 0x60, 0x08, 0x20, 0x00, 0x00, 0x10, 0x00, 0x20, 0xC0, 0x80, 0x82, 0x00, 0x12, 0x20, 
	0x01, 0x08, 0x00, 0x0C, 0x80, 0x00, 0x23, 0x80, 0x00, 0x48, 0x00, 0x00, 0x00, 0x00, 0x24, 0x00, 
	0x08, 0x00, 0x68, 0xFD, 0x80, 0x04, 0x10, 0x01, 0x86, 0x40, 0x18, 0x00, 0x05, 0x00, 0x20, 0x00, 
	0x8C, 0x14, 0x30, 0x20, 0x00, 0x50, 0x0A, 0x2A, 0x90, 0x00, 0x40, 0x20, 0x48, 0x04, 0x42, 0x96, 
	0x02, 0x06, 0x00, 0x00, 0x00, 0x10, 0x00, 0xC0, 0x20, 0x00, 0x00, 0x00, 0x00, 0x04, 0x01, 0x00, 
	0x00, 0x00, 0x21, 0x30, 0x04, 0x4A, 0xC1, 0x25, 0x38, 0x02, 0x43, 0xC0, 0x18, 0x14, 0x03, 0x01, 
	0x00, 0x0E, 0x06, 0x8B, 0x10, 0x00, 0x02, 0x02, 0x00, 0x00, 0x08, 0x01, 0x00, 0x00, 0x00, 0x10, 
	0xFD, 0x80, 0x00, 0x10, 0x80, 0x00, 0x40, 0x00, 0x00, 0x04, 0x00, 0x40, 0x00, 0x01, 0x00, 0x00, 
	0x00, 0x00, 0x00, 0x00, 0x20, 0x00, 0x00, 0x00, 0x20, 0x00, 0x04, 0x04, 0x00, 0x00, 0x00, 0x00, 
	0x00, 0x00, 0x00, 0x00, 0x40, 0x10, 0x00, 0x00, 0x00, 0x00, 0x04, 0x00, 0x00, 0x00, 0x00, 0x00, 
	0x04, 0x00, 0x02, 0x41, 0x20, 0x08, 0x00, 0x02, 0x00, 0x10, 0x04, 0x08, 0x00, 0x00, 0x84, 0x00, 
	0x01, 0x00, 0x00, 0x00, 0x00, 0x00, 0x00, 0x00, 0x00, 0x00, 0x00, 0x00, 0xB0, 0xFB, 0x00, 0x00, 
	0x00, 0x00, 0x02, 0x01, 0x20, 0x00, 0x00, 0x00, 0x00, 0x00, 0x04, 0x00, 0x40, 0x10, 0x00, 0x00, 
	0x00, 0x00, 0x02, 0x00, 0x80, 0x00, 0x40, 0x00, 0x00, 0x00, 0x00, 0x08, 0x00, 0x00, 0x00, 0x10, 
	0x00, 0x40, 0x00, 0x00, 0x00, 0x00, 0x00, 0x00, 0x02, 0x00, 0x00, 0x80, 0x40, 0x20, 0x08, 0x00, 
	0x80, 0x00, 0x10, 0x04, 0x82, 0x20, 0x20, 0x00, 0x02, 0x01, 0x00, 0x88, 0x00, 0x80, 0x20, 0x00, 
	0x10, 0x01, 0x00, 0x00, 0x01, 0x01, 0x00, 0x00, 0x00, 0x80, 0xFE, 0x10, 0x00, 0x00, 0x10, 0x00, 
	0x00, 0x40, 0x00, 0x08, 0x00, 0x00, 0x00, 0x00, 0x00, 0x00, 0x00, 0x00, 0x00, 0x00, 0x00, 0x00, 
	0x00, 0x00, 0x04, 0x80, 0x00, 0x00, 0x00, 0x00, 0x00, 0x00, 0x00, 0x00, 0x00, 0x00, 0x00, 0x00, 
	0x00, 0x00, 0x00, 0x00, 0x00, 0x00, 0x00, 0x00, 0x00, 0x00, 0x00, 0x20, 0x00, 0x04, 0x80, 0x40, 
	0x00, 0x00, 0x00, 0x00, 0x00, 0x00, 0x04, 0x00, 0x80, 0x01, 0x00, 0x40, 0x00, 0x00, 0x00, 0x00, 
	0x00, 0x00, 0x00, 0x00, 0x00, 0x00, 0x64, 0xFB, 0x00, 0x00, 0x00, 0x00, 0x00, 0x00, 0x00, 0x00, 
	0x00, 0x00, 0x00, 0x00, 0x00, 0x00, 0x00, 0x40, 0x80, 0x00, 0x00, 0x00, 0x00, 0x00, 0x00, 0x00, 
	0x00, 0x00, 0x00, 0x20, 0x00, 0x00, 0x00, 0x00, 0x00, 0x00, 0x00, 0x00, 0x00, 0x00, 0x00, 0x00, 
	0x00, 0x00, 0x00, 0x00, 0x00, 0x00, 0x00, 0x00, 0x40, 0x00, 0x0C, 0x00, 0x01, 0x00, 0x00, 0x04, 
	0x00, 0x00, 0x00, 0x00, 0x00, 0x00, 0x00, 0x04, 0x00, 0x00, 0x00, 0x00, 0x00, 0x00, 0x00, 0x00, 
	0x00, 0x00, 0x00, 0x30, 0xFE, 0x00, 0x00, 0x00, 0x00, 0x00, 0x00, 0x00, 0x00, 0x00, 0x08, 0x10, 
	0x00, 0x09, 0x00, 0x00, 0x00, 0x00, 0x00, 0x00, 0x00, 0x06, 0x00, 0x00, 0x00, 0x00, 0x00, 0x00, 
	0x00, 0x00, 0x00, 0x00, 0x00, 0x00, 0x40, 0x00, 0x00, 0x00, 0x00, 0x00, 0x00, 0x00, 0x00, 0x00, 
	0x00, 0x00, 0x00, 0x00, 0x44, 0x00, 0x00, 0x00, 0x00, 0x00, 0x00, 0x00, 0x00, 0x00, 0x10, 0x00, 
	0x01, 0x00, 0x00, 0x02, 0x00, 0x00, 0x00, 0x00, 0x01, 0x00, 0x00, 0x00, 0x00, 0x00, 0x00, 0x00, 
	0xD8, 0xFA, 0x00, 0x00, 0x00, 0x00, 0x00, 0x00, 0x00, 0x00, 0x00, 0x00, 0x00, 0x00, 0x00, 0x00, 
	0x00, 0x00, 0x00, 0x00, 0x00, 0x00, 0x00, 0x00, 0x04, 0x00, 0x00, 0x00, 0x00, 0x00, 0x20, 0x00, 
	0x04, 0x00, 0x00, 0x00, 0x00, 0x00, 0x00, 0x00, 0x02, 0x00, 0x00, 0x00, 0x00, 0x00, 0x40, 0x40, 
	0x00, 0x01, 0x20, 0x01, 0x20, 0x00, 0x00, 0x00, 0x00, 0x00, 0x00, 0x02, 0x00, 0x00, 0x00, 0x00, 
	0x00, 0x00, 0x00, 0x00, 0x00, 0x01, 0x00, 0x00, 0x00, 0x00, 0x00, 0x00, 0x00, 0x88, 0xF9, 0x00, 
	0x00, 0x20, 0x00, 0x00, 0x00, 0x00, 0x00, 0x00, 0x00, 0x00, 0x00, 0x00, 0x01, 0x00, 0x00, 0x04, 
	0x00, 0x00, 0x10, 0x00, 0x00, 0x00, 0x01, 0x00, 0x04, 0x00, 0x00, 0x08, 0x00, 0x00, 0x00, 0x00, 
	0x00, 0x00, 0x00, 0x00, 0x00, 0x00, 0x00, 0x00, 0x00, 0x00, 0x08, 0x00, 0x00, 0x40, 0x00, 0x00, 
	0x00, 0x00, 0x00, 0x00, 0x00, 0x01, 0x00, 0x00, 0x00, 0x80, 0x00, 0x00, 0x00, 0x00, 0x80, 0x00, 
	0x00, 0x00, 0x00, 0x00, 0x00, 0x00, 0x00, 0x00, 0x00, 0x00, 0x40, 0xF8, 0x00, 0x02, 0x00, 0x00, 
	0x08, 0x00, 0x80, 0x00, 0x00, 0x01, 0x00, 0x00, 0x00, 0x00, 0x00, 0x20, 0x00, 0x00, 0x00, 0x00, 
	0x00, 0x00, 0x00, 0x02, 0x40, 0x00, 0x00, 0x00, 0x00, 0x00, 0x00, 0x00, 0x00, 0x00, 0x00, 0x00, 
	0x00, 0x00, 0x00, 0x00, 0x00, 0x00, 0x00, 0x08, 0x00, 0x00, 0x00, 0x00, 0x00, 0x00, 0x00, 0x00, 
	0x00, 0x00, 0x00, 0x00, 0x00, 0x00, 0x00, 0x00, 0x00, 0x00, 0x01, 0x00, 0x80, 0x00, 0x00, 0x00, 
	0x00, 0x00, 0x00, 0x00, 0x00, 0x00, 0x00, 0x50, 0xFC, 0x20, 0x00, 0x04, 0x00, 0x00, 0x00, 0x01, 
	0x02, 0x00, 0x00, 0x00, 0x00, 0x00, 0x00, 0x04, 0x00, 0x00, 0x00, 0x00, 0x00, 0x00, 0x00, 0x00, 
	0x48, 0x00, 0x00, 0x01, 0x00, 0x00, 0x00, 0x00, 0x00, 0x00, 0x00, 0x00, 0x00, 0x00, 0x00, 0x00, 
	0x00, 0x00, 0x00, 0x00, 0x00, 0x00, 0x00, 0x00, 0x10, 0x10, 0x00, 0x00, 0x40, 0x00, 0x02, 0x00, 
	0x00, 0x00, 0x00, 0x00, 0x00, 0x00, 0x00, 0x00, 0x00, 0x01, 0x00, 0x00, 0x00, 0x00, 0x00, 0x00, 
	0x00, 0x00, 0x00, 0x00, 0x48, 0xF8, 0x00, 0x00, 0x00, 0x00, 0x00, 0x00, 0x00, 0x00, 0x00, 0x00, 
	0x00, 0x00, 0x00, 0x00, 0x00, 0x00, 0x00, 0x00, 0x00, 0x00, 0x00, 0x00, 0x02, 0x00, 0x00, 0x00, 
	0x00, 0x00, 0x00, 0x40, 0x00, 0x00, 0x00, 0x00, 0x00, 0x00, 0x00, 0x00, 0x00, 0x00, 0x00, 0x00, 
	0x00, 0x00, 0x00, 0x00, 0x82, 0x00, 0x00, 0x02, 0x00, 0x00, 0x00, 0x00, 0x01, 0x00, 0x00, 0x20, 
	0x00, 0x00, 0x00, 0x00, 0x00, 0x00, 0x00, 0x00, 0x00, 0x00, 0x00, 0x00, 0x00, 0x00, 0x00, 0x00, 
	0x00, 0xA0, 0xF8, 0x00, 0x00, 0x00, 0x00, 0x00, 0x00, 0x00, 0x00, 0x00, 0x00, 0x00, 0x00, 0x00, 
	0x00, 0x00, 0x00, 0x00, 0x00, 0x00, 0x00, 0x00, 0x04, 0x00, 0x00, 0x40, 0x08, 0x00, 0x00, 0x00, 
	0x00, 0x00, 0x00, 0x00, 0x00, 0x00, 0x00, 0x00, 0x00, 0x00, 0x00, 0x00, 0x00, 0x00, 0x00, 0x00, 
	0x00, 0x00, 0x00, 0x00, 0x00, 0x00, 0x00, 0x20, 0x00, 0x00, 0x00, 0x01, 0x00, 0x00, 0x00, 0x00, 
	0x00, 0x00, 0x00, 0x00, 0x00, 0x00, 0x02, 0x00, 0x00, 0x00, 0x00, 0x00, 0x00, 0x00, 0x20, 0xFB, 
	0x00, 0x00, 0x00, 0x04, 0x00, 0x00, 0x00, 0x00, 0x00, 0x00, 0x00, 0x00, 0x00, 0x00, 0x01, 0x08, 
	0x00, 0x00, 0x08, 0x00, 0x00, 0x00, 0x00, 0x00, 0x00, 0x00, 0x00, 0x00, 0x00, 0x00, 0x00, 0x00, 
	0x00, 0x00, 0x00, 0x00, 0x00, 0x00, 0x00, 0x00, 0x00, 0x00, 0x00, 0x00, 0x00, 0x00, 0x00, 0x00, 
	0x00, 0x00, 0x00, 0x00, 0x00, 0x00, 0x40, 0x20, 0x08, 0x00, 0x00, 0x00, 0x00, 0x00, 0x00, 0x00, 
	0x00, 0x00, 0x00, 0x00, 0x00, 0x00, 0x00, 0x00, 0x00, 0x00, 0x00, 0x28, 0xF9, 0x00, 0x00, 0x00, 
	0x00, 0x00, 0x00, 0x00, 0x00, 0x00, 0x00, 0x00, 0x00, 0x20, 0x40, 0x00, 0x10, 0x00, 0x00, 0x00, 
	0x00, 0x00, 0x00, 0x04, 0x00, 0x00, 0x20, 0x00, 0x00, 0x00, 0x00, 0x00, 0x00, 0x00, 0x00, 0x00, 
	0x00, 0x00, 0x00, 0x00, 0x00, 0x00, 0x00, 0x00, 0x00, 0x00, 0x00, 0x00, 0x00, 0x00, 0x10, 0x00, 
	0x00, 0x00, 0x00, 0x00, 0x00, 0x00, 0x00, 0x00, 0x00, 0x00, 0x00, 0x00, 0x00, 0x00, 0x00, 0x80, 
	0x00, 0x00, 0x00, 0x00, 0x00, 0x00, 0x00, 0x00, 0x58, 0xFC, 0x00, 0x00, 0x00, 0x00, 0x00, 0x00, 
	0x00, 0x00, 0x00, 0x00, 0x00, 0x00, 0x00, 0x00, 0x00, 0x00, 0x00, 0x00, 0x00, 0x00, 0x00, 0x00, 
	0x00, 0x00, 0x10, 0x00, 0x00, 0x00, 0x10, 0x00, 0x00, 0x00, 0x00, 0x20, 0x00, 0x00, 0x00, 0x00, 
	0x00, 0x00, 0x00, 0x10, 0x00, 0x00, 0x00, 0x20, 0x00, 0x00, 0x00, 0x00, 0x00, 0x40, 0x00, 0x40, 
	0x00, 0x00, 0x00, 0x00, 0x00, 0x00, 0x00, 0x00, 0x04, 0x00, 0x00, 0x00, 0x00, 0x00, 0x02, 0x00, 
	0x00, 0x00, 0x00, 0x00, 0x00, 0xB8, 0xFB, 0xA0, 0x01, 0x34, 0x00, 0x40, 0x04, 0x00, 0x02, 0x40, 
	0x00, 0x08, 0x00, 0x00, 0x00, 0x00, 0x14, 0x0A, 0x80, 0x00, 0x42, 0x00, 0x00, 0x10, 0x01, 0x08, 
	0x80, 0x10, 0x88, 0x00, 0x01, 0x00, 0x00, 0x00, 0x00, 0x00, 0x00, 0x00, 0x00, 0x00, 0x00, 0x00, 
	0x00, 0x00, 0x00, 0x00, 0x00, 0x04, 0x00, 0x42, 0x40, 0x02, 0x42, 0x40, 0x08, 0x20, 0x02, 0x44, 
	0x00, 0x01, 0x08, 0x06, 0x00, 0x20, 0x00, 0x42, 0x0A, 0x44, 0x81, 0x00, 0x41, 0x05, 0x02, 0x88, 
	0x00, 0x11, 0x58, 0xFE, 0x00, 0x00, 0x00, 0x00, 0x00, 0x00, 0x00, 0x00, 0x00, 0x00, 0x00, 0x00, 
	0x00, 0x00, 0x00, 0x00, 0x00, 0x00, 0x00, 0x00, 0x00, 0x00, 0x00, 0x00, 0x00, 0x00, 0x00, 0x00, 
	0x00, 0x10, 0x00, 0x00, 0x00, 0x00, 0x00, 0x00, 0x00, 0x00, 0x00, 0x00, 0x00, 0x00, 0x00, 0x00, 
	0x00, 0x00, 0x00, 0x01, 0x00, 0x00, 0x00, 0x00, 0x00, 0x00, 0x00, 0x00, 0x00, 0x00, 0x00, 0x00, 
	0x00, 0x00, 0x00, 0x02, 0x00, 0x00, 0x00, 0x00, 0x00, 0x00, 0x00, 0x00, 0x00, 0x00, 0x00, 0xA8, 
	0xFC, 0x80, 0x41, 0x00, 0xA0, 0x01, 0x00, 0x00, 0x18, 0x04, 0x03, 0x61, 0x10, 0x00, 0x00, 0x00, 
	0x00, 0x80, 0x01, 0x30, 0x00, 0x00, 0xC0, 0x00, 0x18, 0x00, 0x02, 0x60, 0x00, 0x0C, 0x00, 0x00, 
	0x00, 0x00, 0x00, 0x00, 0x00, 0x00, 0x00, 0x00, 0x00, 0x00, 0x00, 0x00, 0x00, 0x00, 0x60, 0x00, 
	0x08, 0x00, 0x01, 0x20, 0x00, 0x06, 0x80, 0x00, 0x10, 0x00, 0x03, 0x60, 0x00, 0x00, 0x00, 0x01, 
	0x20, 0x00, 0x00, 0x00, 0x80, 0x78, 0x00, 0x00, 0x40, 0x00, 0x08, 0x00, 0x88, 0xFC, 0x80, 0x01, 
	0x00, 0x00, 0x00, 0x00, 0x00, 0x18, 0x00, 0x03, 0x00, 0x02, 0x00, 0x00, 0x00, 0xB0, 0x90, 0x00, 
	0x10, 0x00, 0x00, 0x00, 0x00, 0x08, 0x00, 0x01, 0x00, 0x00, 0x00, 0x00, 0x00, 0x00, 0x00, 0x00, 
	0x00, 0x00, 0x00, 0x00, 0x00, 0x00, 0x00, 0x00, 0x00, 0x00, 0x00, 0x00, 0x00, 0x04, 0x80, 0x00, 
	0x10, 0x00, 0x00, 0x40, 0x00, 0x08, 0x00, 0x01, 0x20, 0x00, 0x00, 0x80, 0x00, 0x10, 0x00, 0x18, 
	0x02, 0x23, 0x68, 0x00, 0x0C, 0x21, 0x00, 0x04, 0x00, 0x50, 0xFC, 0x00, 0x08, 0x00, 0x08, 0x46, 
	0x01, 0x00, 0x00, 0x01, 0x60, 0x60, 0x00, 0x00, 0x00, 0x00, 0x00, 0x02, 0x26, 0x04, 0x10, 0x00, 
	0x00, 0x13, 0x64, 0x01, 0x2C, 0x84, 0x11, 0x30, 0x40, 0x00, 0x00, 0x00, 0x00, 0x00, 0x00, 0x00, 
	0x00, 0x00, 0x00, 0x00, 0x00, 0x00, 0x00, 0x00, 0x80, 0x41, 0x30, 0x00, 0x06, 0xC0, 0x00, 0x58, 
	0x04, 0x13, 0x60, 0x00, 0x4C, 0x84, 0x21, 0x00, 0x11, 0x06, 0xC0, 0x18, 0x80, 0x00, 0x20, 0x00, 
	0x21, 0x40, 0x80, 0x11, 0x31, 0x12, 0x90, 0xF9, 0xE0, 0x81, 0x0C, 0x80, 0x07, 0x00, 0x00, 0x1E, 
	0xC4, 0x03, 0x08, 0x00, 0x00, 0x00, 0x00, 0x2C, 0x88, 0x07, 0x30, 0x00, 0x00, 0xC0, 0x03, 0x78, 
	0x40, 0x0F, 0xE0, 0x41, 0x3C, 0x00, 0x00, 0x00, 0x00, 0x00, 0x00, 0x00, 0x00, 0x00, 0x00, 0x00, 
	0x00, 0x00, 0x00, 0x00, 0x00, 0xE0, 0x01, 0x3C, 0x90, 0x07, 0xF2, 0x80, 0x1E, 0xC0, 0x03, 0x7A, 
	0x40, 0x0F, 0xE0, 0x01, 0x0C, 0x80, 0x07, 0xF2, 0x00, 0x16, 0xC4, 0x82, 0x18, 0x00, 0x0B, 0xE2, 
	0x01, 0x3C, 0x00, 0xD8, 0xFF, 0x00, 0x00, 0x00, 0x08, 0x06, 0x00, 0x00, 0x00, 0x00, 0x00, 0x00, 
	0x00, 0x00, 0x00, 0x00, 0x30, 0x08, 0x06, 0xC0, 0x20, 0x00, 0x00, 0x03, 0x60, 0x00, 0x0C, 0x80, 
	0x01, 0x30, 0x00, 0x00, 0x00, 0x00, 0x00, 0x00, 0x00, 0x00, 0x00, 0x00, 0x00, 0x00, 0x00, 0x00, 
	0x00, 0x00, 0x80, 0x01, 0x30, 0x00, 0x06, 0xC0, 0x00, 0x18, 0x00, 0x03, 0x60, 0x00, 0x0C, 0x80, 
	0x01, 0x30, 0x00, 0x06, 0xC0, 0x00, 0x18, 0x04, 0x03, 0x00, 0x00, 0x0C, 0x82, 0x01, 0x30, 0x00, 
	0x48, 0xF8, 0x80, 0x21, 0x80, 0x00, 0x06, 0x00, 0x00, 0x58, 0x04, 0x93, 0x60, 0x00, 0x00, 0x00, 
	0x00, 0x30, 0x01, 0x06, 0xC0, 0x08, 0x00, 0x00, 0x03, 0x60, 0x00, 0x0C, 0x80, 0x01, 0x30, 0x00, 
	0x00, 0x00, 0x00, 0x00, 0x10, 0x00, 0x00, 0x00, 0x00, 0x00, 0x00, 0x04, 0x98, 0x02, 0x00, 0x80, 
	0x01, 0x30, 0x00, 0x06, 0xC0, 0x00, 0x18, 0x00, 0x03, 0x60, 0x00, 0x0C, 0x80, 0x01, 0x30, 0x42, 
	0x06, 0xC0, 0x00, 0x18, 0x01, 0x8B, 0x00, 0x10, 0x8C, 0x80, 0x01, 0x30, 0x00, 0x70, 0xF8, 0x00, 
	0x00, 0x00, 0x80, 0x00, 0x10, 0x00, 0x58, 0x48, 0x00, 0x08, 0x00, 0x00, 0x00, 0x00, 0x04, 0x00, 
	0x00, 0x10, 0x00, 0x40, 0x48, 0x00, 0x08, 0x00, 0x80, 0x08, 0x20, 0x04, 0x00, 0x00, 0x00, 0x00, 
	0x04, 0x00, 0x00, 0x01, 0x30, 0x00, 0x00, 0x00, 0xC0, 0x23, 0x82, 0xFE, 0x18, 0x00, 0x00, 0x42, 
	0x40, 0x02, 0x44, 0x00, 0x00, 0x20, 0x02, 0x84, 0x00, 0x00, 0x00, 0x00, 0x22, 0x10, 0x02, 0x04, 
	0x40, 0x08, 0x08, 0x68, 0x12, 0x40, 0x04, 0x04, 0x82, 0x10, 0xAC, 0xFF, 0x00, 0x00, 0x00, 0x00, 
	0x00, 0x00, 0x00, 0x18, 0x00, 0x00, 0x00, 0x00, 0x00, 0x00, 0x00, 0x00, 0x00, 0x00, 0x00, 0x00, 
	0x00, 0x00, 0x00, 0x00, 0x00, 0x00, 0x00, 0x00, 0x00, 0x00, 0x00, 0x00, 0x00, 0x00, 0x88, 0x81, 
	0x00, 0x0C, 0x00, 0x00, 0x00, 0x47, 0xD4, 0x42, 0x00, 0x06, 0x00, 0x00, 0x00, 0x00, 0x00, 0x00, 
	0x00, 0x00, 0x00, 0x00, 0x00, 0x00, 0x00, 0x00, 0x00, 0x00, 0x00, 0x00, 0x40, 0x00, 0x00, 0x00, 
	0x42, 0x00, 0x00, 0x00, 0x00, 0x00, 0x00, 0x30, 0xFA, 0x00, 0x00, 0x00, 0x00, 0x06, 0xC0, 0x00, 
	0x1E, 0x00, 0x03, 0x60, 0x20, 0x00, 0x00, 0x00, 0x30, 0x00, 0x00, 0xC0, 0x00, 0x06, 0x00, 0x03, 
	0x60, 0x10, 0x02, 0x60, 0x00, 0x30, 0x00, 0x00, 0x00, 0x00, 0x00, 0x88, 0x11, 0x01, 0x08, 0x00, 
	0x00, 0x00, 0xEF, 0x01, 0x8A, 0xD0, 0x04, 0x00, 0x08, 0x00, 0x01, 0x20, 0x00, 0x00, 0x80, 0x00, 
	0x10, 0x00, 0x00, 0x00, 0x00, 0x08, 0x00, 0x01, 0x20, 0x00, 0x04, 0x80, 0x00, 0x60, 0x00, 0x02, 
	0x40, 0x00, 0x08, 0x00, 0x28, 0xF9, 0x08, 0x00, 0x00, 0x00, 0x26, 0xC2, 0x28, 0x1A, 0x05, 0xA3, 
	0x00, 0x02, 0x00, 0x00, 0x00, 0x30, 0x0A, 0x00, 0xC0, 0x44, 0x00, 0x00, 0x23, 0x62, 0x02, 0x01, 
	0x20, 0x00, 0x30, 0x41, 0x00, 0x00, 0x00, 0x04, 0x88, 0x67, 0x00, 0x00, 0x00, 0x00, 0x00, 0x29, 
	0x00, 0x33, 0x0C, 0x00, 0x00, 0x04, 0x80, 0x00, 0x10, 0x00, 0x00, 0x40, 0x00, 0x08, 0x00, 0x00, 
	0x00, 0x00, 0x04, 0x80, 0x00, 0x10, 0x00, 0x02, 0x40, 0x00, 0x60, 0x21, 0x01, 0x20, 0x00, 0x04, 
	0x00, 0xD3, 0xFE, 0x00, 0x00, 0x00, 0x00, 0xC0, 0x00, 0x44, 0x00, 0x02, 0x20, 0x60, 0x00, 0x00, 
	0x00, 0x00, 0x00, 0x06, 0x00, 0x00, 0x08, 0x58, 0x00, 0x60, 0x00, 0x0C, 0x2C, 0x84, 0x09, 0x02, 
	0x06, 0x00, 0x00, 0x00, 0x00, 0x88, 0xD1, 0x01, 0x01, 0x00, 0x00, 0x00, 0x3F, 0xB0, 0xE8, 0x70, 
	0x00, 0x00, 0x30, 0x01, 0x06, 0xC2, 0x00, 0x00, 0x00, 0x0B, 0x62, 0x00, 0x00, 0x00, 0x00, 0x30, 
	0x21, 0x06, 0xC0, 0x18, 0x18, 0x09, 0x13, 0x41, 0x00, 0x0C, 0x80, 0x01, 0x30, 0x12, 0x61, 0xFF, 
	0x00, 0x00, 0x00, 0x80, 0x07, 0xF0, 0x00, 0x06, 0xC0, 0x03, 0x09, 0x00, 0x00, 0x00, 0x00, 0x3C, 
	0x00, 0x00, 0xF0, 0x80, 0x1E, 0xC4, 0x03, 0x78, 0x00, 0x0F, 0xE0, 0x01, 0x3C, 0x00, 0x00, 0x00, 
	0x00, 0x00, 0x08, 0x40, 0x10, 0x00, 0x00, 0x00, 0x00, 0xFE, 0x03, 0x28, 0x07, 0x00, 0x00, 0x3C, 
	0x90, 0x07, 0xF0, 0x80, 0x00, 0xC0, 0x03, 0x78, 0x20, 0x00, 0x00, 0x00, 0x3C, 0x80, 0x07, 0xF2, 
	0x00, 0x1E, 0xC0, 0x03, 0x18, 0x10, 0x0F, 0xE4, 0x81, 0x3C, 0x00, 0x60, 0xFC, 0x04, 0x00, 0x00, 
	0x00, 0x00, 0x00, 0x00, 0x18, 0x00, 0x00, 0x00, 0x00, 0x00, 0x00, 0x00, 0x00, 0x00, 0x00, 0x00, 
	0x20, 0x18, 0x00, 0x00, 0x00, 0x00, 0x0C, 0x80, 0x01, 0x00, 0x00, 0x00, 0x00, 0x00, 0x14, 0x00, 
	0x40, 0x01, 0x00, 0x00, 0x00, 0x00, 0x08, 0x80, 0xA8, 0x00, 0x00, 0x00, 0x30, 0x00, 0x06, 0xC0, 
	0x00, 0x00, 0x00, 0x03, 0x60, 0x00, 0x00, 0x00, 0x00, 0x30, 0x00, 0x06, 0xC0, 0x00, 0x18, 0x00, 
	0x03, 0x00, 0x00, 0x0C, 0x80, 0x01, 0x30, 0x00, 0xE9, 0xFE, 0x00, 0x00, 0x00, 0x00, 0x06, 0xC1, 
	0x20, 0x00, 0x04, 0x83, 0x60, 0x00, 0x00, 0x00, 0x00, 0x30, 0x08, 0x00, 0xC0, 0x02, 0x18, 0x00, 
	0x83, 0x60, 0x10, 0x0C, 0x80, 0x01, 0x30, 0x08, 0x00, 0x00, 0x00, 0x00, 0x00, 0x00, 0x00, 0x14, 
	0x00, 0x00, 0x00, 0x00, 0x00, 0x24, 0x00, 0x0A, 0x00, 0x30, 0x00, 0x06, 0xC0, 0x00, 0x00, 0x00, 
	0x03, 0x60, 0x00, 0x00, 0x00, 0x00, 0x30, 0x00, 0x06, 0xC0, 0x00, 0x18, 0x00, 0x03, 0x00, 0x41, 
	0x0C, 0x80, 0x01, 0x30, 0x00, 0x50, 0xF8, 0x00, 0x00, 0x00, 0x80, 0x00, 0x10, 0x00, 0x40, 0x48, 
	0x00, 0x08, 0x00, 0x00, 0x00, 0x00, 0x04, 0x00, 0x00, 0x00, 0x42, 0x00, 0x42, 0xA1, 0x08, 0x00, 
	0x80, 0x10, 0x84, 0x04, 0x00, 0x00, 0x00, 0x00, 0x14, 0x00, 0x00, 0x88, 0x00, 0x00, 0x00, 0x00, 
	0x5D, 0x44, 0x24, 0x00, 0x00, 0x88, 0x00, 0x22, 0x10, 0x02, 0x02, 0x00, 0x02, 0x20, 0x04, 0x44, 
	0x00, 0x00, 0x84, 0x00, 0x42, 0x10, 0x00, 0x02, 0x80, 0x40, 0x90, 0x48, 0x04, 0x20, 0x24, 0x40, 
	0x00, 0x20, 0x10, 0xF8, 0x00, 0x00, 0x00, 0x00, 0x00, 0x00, 0x00, 0x00, 0x00, 0x00, 0x00, 0x00, 
	0x00, 0x00, 0x00, 0x00, 0x00, 0x00, 0x00, 0x00, 0x00, 0x00, 0x00, 0x00, 0x00, 0x00, 0x00, 0x00, 
	0x00, 0x00, 0x00, 0x00, 0x00, 0x00, 0x00, 0x00, 0x88, 0x00, 0x00, 0x00, 0x00, 0x8E, 0x00, 0xE4, 
	0x11, 0x00, 0x00, 0x00, 0x00, 0x00, 0x00, 0x80, 0x00, 0x00, 0x00, 0x00, 0x00, 0x00, 0x00, 0x00, 
	0x00, 0x00, 0x00, 0x04, 0x80, 0x00, 0x08, 0x00, 0x00, 0x40, 0x00, 0x00, 0x00, 0x00, 0x00, 0x80, 
	0xF8, 0x00, 0x00, 0x00, 0x00, 0x06, 0xC1, 0x00, 0x04, 0x00, 0x03, 0x61, 0x10, 0x00, 0x00, 0x00, 
	0x30, 0x08, 0x00, 0x30, 0x00, 0x06, 0x00, 0x00, 0x60, 0x00, 0x02, 0x60, 0x00, 0x30, 0x10, 0x00, 
	0x00, 0x00, 0x00, 0x00, 0x14, 0x22, 0x08, 0x00, 0x00, 0x00, 0x9D, 0x13, 0xA6, 0xEC, 0x65, 0x00, 
	0x08, 0x00, 0x01, 0x20, 0x00, 0x06, 0x80, 0x00, 0x10, 0x00, 0x00, 0x60, 0x00, 0x08, 0x00, 0x01, 
	0x20, 0x00, 0x04, 0x00, 0x83, 0x60, 0x10, 0x02, 0x80, 0x41, 0x08, 0x00, 0x20, 0xFE, 0x04, 0x00, 
	0x00, 0x00, 0x06, 0xC0, 0x44, 0x02, 0x00, 0x03, 0x00, 0x01, 0x00, 0x00, 0x00, 0x30, 0x02, 0x00, 
	0x10, 0x00, 0x02, 0x00, 0x0B, 0x61, 0x12, 0x01, 0x00, 0x00, 0x30, 0x00, 0x00, 0x00, 0x00, 0x02, 
	0x00, 0x02, 0x22, 0x08, 0x00, 0x00, 0x00, 0xD9, 0x00, 0xF6, 0x46, 0x08, 0x00, 0x04, 0x80, 0x00, 
	0x10, 0x00, 0x02, 0x40, 0x00, 0x08, 0x00, 0x00, 0x00, 0x00, 0x04, 0x80, 0x00, 0x10, 0x00, 0x02, 
	0x00, 0x02, 0x60, 0x04, 0x01, 0x00, 0x01, 0x04, 0x00, 0x08, 0xFC, 0x04, 0x00, 0x00, 0x00, 0x40, 
	0x00, 0x08, 0x00, 0x02, 0x20, 0x60, 0x00, 0x00, 0x00, 0x00, 0x00, 0x02, 0x00, 0x00, 0x10, 0x18, 
	0x00, 0x20, 0x00, 0x04, 0x8C, 0x81, 0x49, 0x00, 0x02, 0x00, 0x00, 0x00, 0x00, 0x00, 0x14, 0x8A, 
	0x00, 0x00, 0x00, 0x00, 0x0B, 0xA8, 0xA6, 0x10, 0x81, 0x21, 0x30, 0x00, 0x16, 0xC0, 0x00, 0x98, 
	0x00, 0x13, 0x60, 0x00, 0x00, 0x80, 0x01, 0x30, 0x21, 0x46, 0xC2, 0x00, 0x18, 0x09, 0x8A, 0x00, 
	0x44, 0x0C, 0x00, 0x45, 0x30, 0x02, 0x58, 0xF9, 0x00, 0x00, 0x00, 0x80, 0x07, 0xF2, 0x40, 0x06, 
	0xC0, 0x03, 0x09, 0x00, 0x00, 0x00, 0x00, 0x3C, 0x10, 0x00, 0x30, 0x00, 0x1E, 0xD0, 0x82, 0x78, 
	0x20, 0x0F, 0xE0, 0x01, 0x3C, 0x10, 0x00, 0x00, 0x00, 0x00, 0x00, 0x00, 0x08, 0x14, 0x00, 0x00, 
	0x00, 0x51, 0x19, 0x66, 0x01, 0xE1, 0x01, 0x3C, 0x90, 0x07, 0xF4, 0x20, 0x1E, 0xD0, 0x03, 0x7A, 
	0x20, 0x00, 0xE0, 0x41, 0x3C, 0x80, 0x07, 0xF0, 0x20, 0x1E, 0xC0, 0x01, 0x38, 0x00, 0x0F, 0xE4, 
	0x00, 0x3C, 0x10, 0xB8, 0xFC, 0x00, 0x00, 0x00, 0x00, 0x00, 0x00, 0x00, 0x18, 0x00, 0x00, 0x00, 
	0x00, 0x00, 0x00, 0x00, 0x00, 0x00, 0x00, 0xC0, 0x00, 0x18, 0x00, 0x83, 0x00, 0x00, 0x0C, 0x80, 
	0x01, 0x00, 0x00, 0x00, 0x00, 0x00, 0x00, 0x00, 0x00, 0x00, 0x00, 0x00, 0x00, 0x00, 0x02, 0x00, 
	0x26, 0x00, 0x84, 0x01, 0x30, 0x00, 0x06, 0xC0, 0x00, 0x18, 0x00, 0x03, 0x60, 0x00, 0x00, 0x80, 
	0x01, 0x30, 0x00, 0x06, 0xC0, 0x00, 0x18, 0x00, 0x01, 0x62, 0x00, 0x0C, 0x80, 0x00, 0x30, 0x00, 
	0xC0, 0xFC, 0x00, 0x00, 0x00, 0x00, 0x16, 0xC1, 0x22, 0x98, 0x04, 0x8B, 0x60, 0x00, 0x00, 0x00, 
	0x00, 0xB0, 0x08, 0x00, 0xC0, 0x28, 0x18, 0x00, 0x13, 0x60, 0x11, 0x0C, 0x80, 0x01, 0xB0, 0x08, 
	0x00, 0x00, 0x00, 0x00, 0x00, 0x40, 0x00, 0x00, 0x00, 0x00, 0x00, 0x00, 0x00, 0x15, 0x40, 0x80, 
	0x01, 0x30, 0x00, 0x06, 0xC0, 0x00, 0x18, 0x00, 0x03, 0x60, 0x00, 0x00, 0x80, 0x01, 0x30, 0x00, 
	0x06, 0xC0, 0x00, 0x18, 0x00, 0x03, 0x00, 0x14, 0x0C, 0x80, 0x21, 0x30, 0x00, 0xF8, 0xFA, 0xA0, 
	0x01, 0x04, 0x80, 0x00, 0x00, 0x10, 0x02, 0x00, 0x10, 0x44, 0x21, 0x00, 0x00, 0x04, 0x00, 0x41, 
	0x20, 0x12, 0x00, 0x00, 0x00, 0x10, 0x09, 0x00, 0x81, 0x00, 0x84, 0x04, 0x00, 0x00, 0x00, 0x00, 
	0x04, 0x44, 0x40, 0x54, 0x09, 0x00, 0x00, 0x00, 0x45, 0x55, 0x95, 0x9D, 0x04, 0x00, 0x04, 0x92, 
	0xC0, 0x10, 0x48, 0x00, 0x00, 0x08, 0x00, 0x21, 0x80, 0x08, 0x10, 0x82, 0x90, 0x40, 0x14, 0x48, 
	0x00, 0x10, 0x08, 0x48, 0x12, 0x00, 0xA8, 0x00, 0x05, 0x06, 0xDC, 0xF8, 0x00, 0x00, 0x00, 0x00, 
	0x00, 0x00, 0x00, 0x00, 0x00, 0x00, 0x20, 0x00, 0x00, 0x00, 0x00, 0x01, 0x00, 0x00, 0x00, 0x00, 
	0x00, 0x00, 0x00, 0x00, 0x00, 0x00, 0x04, 0x00, 0x00, 0x00, 0x00, 0x00, 0x00, 0x00, 0x44, 0xC0, 
	0x54, 0x01, 0x00, 0x00, 0x00, 0x88, 0x00, 0xD5, 0x40, 0x04, 0x00, 0x00, 0x00, 0x00, 0x00, 0x00, 
	0x00, 0x00, 0x00, 0x02, 0x00, 0x00, 0x00, 0x00, 0x00, 0x00, 0x00, 0x00, 0x00, 0x00, 0x00, 0x00, 
	0x22, 0x00, 0x00, 0x00, 0x00, 0x00, 0x00, 0x00, 0xFD, 0x80, 0x41, 0x30, 0x08, 0x06, 0x30, 0x00, 
	0x18, 0xC0, 0x00, 0x50, 0x00, 0x00, 0x60, 0x00, 0x0C, 0x80, 0x01, 0xC0, 0x80, 0x00, 0xC0, 0x00, 
	0x60, 0x10, 0x0C, 0x62, 0x00, 0x30, 0x00, 0x00, 0x00, 0x00, 0x02, 0x44, 0x52, 0x54, 0x11, 0x00, 
	0x00, 0x00, 0x3C, 0x10, 0xDD, 0x34, 0x00, 0x00, 0x30, 0x08, 0x06, 0xC1, 0x20, 0x00, 0x80, 0x00, 
	0x10, 0x00, 0x02, 0x40, 0x00, 0x08, 0x00, 0x06, 0xC1, 0x20, 0x04, 0xC0, 0x00, 0x20, 0x00, 0x02, 
	0x00, 0x40, 0x30, 0x08, 0x00, 0xFC, 0x80, 0x11, 0x80, 0x00, 0x26, 0x12, 0x00, 0x18, 0x40, 0x00, 
	0x28, 0x0A, 0x00, 0x00, 0x00, 0x04, 0x00, 0x00, 0xC0, 0x00, 0x00, 0x00, 0x00, 0x60, 0x02, 0x08, 
	0x00, 0x00, 0x30, 0x41, 0x00, 0x00, 0x00, 0x12, 0x44, 0x4C, 0x54, 0x03, 0x00, 0x00, 0x00, 0xD9, 
	0x83, 0xD7, 0x03, 0x02, 0x00, 0xA0, 0x00, 0x14, 0x80, 0x02, 0x00, 0x40, 0x00, 0x08, 0x00, 0x01, 
	0x20, 0x00, 0x04, 0x00, 0x14, 0x80, 0x02, 0x02, 0x00, 0x00, 0x60, 0x20, 0x01, 0x80, 0x09, 0xA0, 
	0x00, 0xDB, 0xFF, 0x00, 0x08, 0x00, 0x08, 0x40, 0xC0, 0x18, 0x18, 0x01, 0x43, 0x30, 0x04, 0x00, 
	0x80, 0x51, 0x30, 0x04, 0x06, 0x00, 0x08, 0x00, 0x00, 0x0B, 0x04, 0x04, 0x48, 0x82, 0x11, 0x00, 
	0x02, 0x00, 0x00, 0x00, 0x02, 0x44, 0x52, 0x54, 0x09, 0x00, 0x00, 0x00, 0x0E, 0x30, 0xDD, 0x10, 
	0x08, 0x00, 0x20, 0x09, 0x24, 0x81, 0x24, 0x00, 0x00, 0x03, 0x60, 0x00, 0x0C, 0x80, 0x01, 0x30, 
	0x02, 0x24, 0x81, 0x24, 0x18, 0x01, 0x43, 0x00, 0x0C, 0x2C, 0x08, 0x10, 0x20, 0x09, 0x99, 0xFF, 
	0xE0, 0x81, 0x0C, 0x80, 0x07, 0xF2, 0x00, 0x1A, 0xC4, 0x03, 0x58, 0x40, 0x00, 0xE0, 0x01, 0x3C, 
	0x80, 0x07, 0xF1, 0x80, 0x00, 0xC0, 0x03, 0x78, 0x20, 0x07, 0xE0, 0x41, 0x3C, 0x10, 0x02, 0x00, 
	0x00, 0x00, 0x04, 0x40, 0x14, 0x04, 0x01, 0x00, 0x00, 0x49, 0x01, 0xC5, 0x01, 0x02, 0x00, 0x1C, 
	0x80, 0x03, 0x70, 0x00, 0x00, 0xC0, 0x83, 0x78, 0x10, 0x0F, 0xE2, 0x41, 0x3C, 0x88, 0x03, 0x70, 
	0x00, 0x1E, 0xC4, 0x03, 0x18, 0x00, 0x0F, 0x60, 0x41, 0x1C, 0x00, 0xB0, 0xFB, 0x00, 0x00, 0x00, 
	0x20, 0x00, 0xC0, 0x00, 0x00, 0x00, 0x03, 0x30, 0x00, 0x00, 0x80, 0x01, 0x30, 0x00, 0x06, 0x00, 
	0x00, 0x00, 0x00, 0x03, 0x00, 0x00, 0x04, 0x84, 0x01, 0x00, 0x80, 0x00, 0x00, 0x00, 0x00, 0x00, 
	0x40, 0x00, 0x44, 0x00, 0x00, 0x00, 0x07, 0x00, 0x45, 0x00, 0x02, 0x00, 0x10, 0x00, 0x02, 0x44, 
	0x00, 0x00, 0x00, 0x03, 0x60, 0x00, 0x0C, 0x80, 0x01, 0x30, 0x00, 0x02, 0x40, 0x00, 0x18, 0x00, 
	0x03, 0x60, 0x00, 0x0C, 0x80, 0x01, 0x10, 0x20, 0xF9, 0xFF, 0x80, 0x01, 0x02, 0x00, 0x46, 0xC1, 
	0x00, 0x00, 0x00, 0x03, 0x40, 0x14, 0x00, 0x80, 0x01, 0x30, 0x00, 0x06, 0xC0, 0x22, 0x00, 0x00, 
	0x03, 0x60, 0x14, 0x0C, 0x80, 0x01, 0x30, 0x0A, 0x01, 0x00, 0x00, 0x00, 0x00, 0x40, 0x02, 0x02, 
	0x00, 0x00, 0x00, 0x00, 0x00, 0x61, 0x00, 0x01, 0x00, 0x30, 0x10, 0x06, 0xC0, 0x10, 0x00, 0x00, 
	0x03, 0x60, 0x00, 0x0C, 0x80, 0x01, 0x30, 0x00, 0x86, 0xC0, 0x40, 0x18, 0x00, 0x03, 0x40, 0x84, 
	0x0C, 0x80, 0x45, 0x30, 0x00, 0x58, 0xFE, 0xA0, 0x01, 0x04, 0x80, 0x00, 0x10, 0x00, 0x02, 0x40, 
	0x00, 0x08, 0x00, 0x00, 0x00, 0x00, 0x00, 0x41, 0x00, 0x10, 0x00, 0x00, 0x40, 0x00, 0x08, 0x00, 
	0x20, 0x00, 0x20, 0x04, 0x00, 0x04, 0x00, 0x00, 0x00, 0x00, 0x40, 0x03, 0x20, 0x02, 0x00, 0x00, 
	0x92, 0xF7, 0xE1, 0xDD, 0x10, 0x10, 0x82, 0x10, 0x10, 0x02, 0x02, 0x00, 0x40, 0x20, 0x08, 0x24, 
	0x80, 0x04, 0x10, 0x05, 0x12, 0x10, 0x00, 0x02, 0x02, 0x03, 0x08, 0x02, 0x41, 0x81, 0x01, 0x84, 
	0x00, 0x20, 0x38, 0xFE, 0x00, 0x00, 0x00, 0x00, 0x00, 0x00, 0x00, 0x00, 0x00, 0x00, 0x00, 0x00, 
	0x00, 0x00, 0x00, 0x00, 0x00, 0x00, 0x00, 0x00, 0x00, 0x00, 0x00, 0x00, 0x00, 0x00, 0x08, 0x00, 
	0x00, 0x80, 0x02, 0x00, 0x00, 0x00, 0x00, 0x40, 0x01, 0x12, 0x00, 0x00, 0x00, 0x99, 0xA4, 0xE1, 
	0x44, 0x06, 0x00, 0x00, 0x00, 0x00, 0x00, 0x80, 0x00, 0x00, 0x00, 0x01, 0x00, 0x00, 0x00, 0x00, 
	0x00, 0x00, 0x00, 0x04, 0x80, 0x00, 0x00, 0x00, 0x60, 0x00, 0x00, 0x00, 0x00, 0x00, 0x00, 0xC8, 
	0xF8, 0x80, 0x01, 0x31, 0x20, 0x06, 0xC1, 0x00, 0x18, 0x08, 0x03, 0x60, 0x00, 0x00, 0x00, 0x00, 
	0x0C, 0x00, 0x00, 0xC0, 0x00, 0x00, 0x00, 0x03, 0x60, 0x00, 0x02, 0x60, 0x00, 0x30, 0x10, 0x00, 
	0x00, 0x00, 0x00, 0x00, 0x44, 0x01, 0xC0, 0x00, 0x00, 0x00, 0x53, 0xAC, 0xF3, 0xC4, 0x40, 0x00, 
	0x08, 0x00, 0x01, 0x20, 0x00, 0x00, 0x00, 0x83, 0x60, 0x20, 0x02, 0x40, 0x00, 0x30, 0x08, 0x01, 
	0x20, 0x00, 0x18, 0xC4, 0x03, 0x18, 0x20, 0x0C, 0x62, 0x00, 0x08, 0x00, 0x48, 0xFB, 0x04, 0x08, 
	0x00, 0x00, 0x06, 0xC0, 0x28, 0x80, 0x00, 0xA3, 0x60, 0x11, 0x00, 0x00, 0x00, 0x04, 0x00, 0x00, 
	0xC0, 0x10, 0x00, 0x00, 0x0B, 0x64, 0x12, 0x01, 0x20, 0x00, 0x30, 0x80, 0x00, 0x00, 0x00, 0x02, 
	0x00, 0x0A, 0x01, 0x4A, 0x00, 0x00, 0x00, 0x83, 0xBC, 0xD5, 0x5C, 0x25, 0x00, 0x04, 0x80, 0x00, 
	0x10, 0x00, 0x00, 0x00, 0x0A, 0x40, 0x04, 0x01, 0x20, 0x00, 0x20, 0x80, 0x00, 0x10, 0x00, 0x10, 
	0x40, 0x03, 0x08, 0x01, 0x08, 0x00, 0x00, 0x04, 0x00, 0xA2, 0xFF, 0x04, 0x08, 0x81, 0x08, 0xC0, 
	0x00, 0x08, 0x18, 0x00, 0x60, 0x00, 0x04, 0x00, 0x00, 0x00, 0x30, 0x10, 0x00, 0x00, 0x08, 0x00, 
	0x00, 0x20, 0x00, 0x0C, 0x0C, 0x80, 0x05, 0x00, 0x06, 0x04, 0x00, 0x00, 0x08, 0x00, 0x04, 0x01, 
	0x00, 0x02, 0x00, 0x00, 0x91, 0xE5, 0xD1, 0xE4, 0x80, 0x21, 0x30, 0x00, 0x06, 0xC0, 0x08, 0x00, 
	0x00, 0x0A, 0x41, 0x11, 0x0C, 0x80, 0x01, 0x20, 0x02, 0x06, 0xC0, 0x00, 0x50, 0x04, 0x08, 0x00, 
	0x81, 0x28, 0x82, 0x11, 0x31, 0x00, 0xA8, 0xF8, 0xE0, 0x01, 0x0C, 0x80, 0x07, 0xF0, 0x40, 0x02, 
	0xC0, 0x03, 0x78, 0x40, 0x00, 0x00, 0x00, 0x3C, 0x00, 0x00, 0xF0, 0x80, 0x00, 0xC0, 0x03, 0x79, 
	0x00, 0x0F, 0xE2, 0x81, 0x3C, 0x00, 0x00, 0x00, 0x00, 0x08, 0x00, 0x00, 0x01, 0x80, 0x00, 0x00, 
	0x00, 0x03, 0xA5, 0xD1, 0x1F, 0xE0, 0x01, 0x3C, 0x88, 0x07, 0xF1, 0x80, 0x00, 0xC0, 0x01, 0x38, 
	0x00, 0x0F, 0xE2, 0x41, 0x1C, 0x90, 0x07, 0xF1, 0x40, 0x0E, 0xC0, 0x00, 0x1A, 0x00, 0x07, 0xE0, 
	0x01, 0x3C, 0x08, 0x30, 0xFB, 0x80, 0x01, 0x00, 0x08, 0x00, 0x01, 0x20, 0x00, 0x00, 0x80, 0x00, 
	0x10, 0x00, 0x00, 0x00, 0x30, 0x00, 0x00, 0x00, 0x00, 0x00, 0x00, 0x80, 0x00, 0x10, 0x0C, 0x80, 
	0x01, 0x00, 0x08, 0x01, 0x00, 0x00, 0x00, 0x00, 0x00, 0x01, 0x00, 0x01, 0x00, 0x00, 0x06, 0x00, 
	0x91, 0x00, 0x80, 0x01, 0x30, 0x00, 0x06, 0xC0, 0x00, 0x00, 0x00, 0x01, 0x21, 0x00, 0x0C, 0x80, 
	0x01, 0x10, 0x00, 0x06, 0xC0, 0x00, 0x08, 0x10, 0x00, 0x60, 0x10, 0x04, 0x84, 0x01, 0x30, 0x00, 
	0xD1, 0xFD, 0x80, 0x05, 0x01, 0x01, 0x46, 0xC0, 0x08, 0x18, 0x00, 0x23, 0x60, 0x01, 0x00, 0x00, 
	0x00, 0x30, 0x00, 0x00, 0xC0, 0x24, 0x00, 0x00, 0x23, 0x60, 0x04, 0x0C, 0x80, 0x01, 0x30, 0x02, 
	0x02, 0x00, 0x00, 0x00, 0x00, 0x40, 0x00, 0x00, 0x01, 0x00, 0x00, 0x00, 0x00, 0x25, 0x00, 0x80, 
	0x01, 0x30, 0x00, 0x06, 0xC0, 0x00, 0x00, 0x00, 0x03, 0x60, 0x08, 0x0C, 0x80, 0x01, 0x30, 0x04, 
	0x06, 0xC0, 0x00, 0x18, 0x00, 0x00, 0x02, 0x04, 0x0C, 0x80, 0x01, 0x30, 0x00, 0x58, 0xFD, 0xA0, 
	0x01, 0x94, 0x88, 0x22, 0x11, 0x00, 0x02, 0x40, 0x08, 0x00, 0x21, 0x00, 0x00, 0x88, 0x04, 0x00, 
	0x10, 0x02, 0x42, 0x00, 0x51, 0x00, 0x08, 0x01, 0x05, 0x02, 0x88, 0x14, 0x89, 0x00, 0x00, 0x00, 
	0x04, 0x00, 0x40, 0x10, 0x41, 0x00, 0x00, 0x00, 0x66, 0xDD, 0xE5, 0xDD, 0x00, 0x84, 0x80, 0x10, 
	0x10, 0x02, 0x02, 0x00, 0x21, 0x08, 0x00, 0x21, 0x20, 0x04, 0x04, 0x14, 0x00, 0x10, 0x00, 0x02, 
	0x00, 0x10, 0x08, 0x48, 0x40, 0x00, 0x08, 0x04, 0x02, 0x20, 0xA4, 0xFB, 0x00, 0x00, 0x20, 0x00, 
	0x00, 0x00, 0x00, 0x00, 0x00, 0x00, 0x01, 0x00, 0x00, 0x00, 0x00, 0x00, 0x00, 0x00, 0x00, 0x00, 
	0x00, 0x00, 0x00, 0x00, 0x20, 0x00, 0x00, 0x00, 0x00, 0x80, 0x00, 0x00, 0x00, 0x04, 0x00, 0x40, 
	0x10, 0x01, 0x00, 0x00, 0x00, 0x33, 0xA8, 0xA5, 0x20, 0x00, 0x00, 0x00, 0x00, 0x00, 0x00, 0x80, 
	0x00, 0x00, 0x00, 0x02, 0x00, 0x00, 0x00, 0x00, 0x01, 0x10, 0x00, 0x04, 0x80, 0x00, 0x00, 0x00, 
	0x02, 0x00, 0x00, 0x00, 0x00, 0x00, 0x00, 0x38, 0xFD, 0x80, 0x41, 0x28, 0x20, 0x00, 0xC2, 0x00, 
	0x18, 0x10, 0x03, 0x10, 0x00, 0x00, 0x60, 0x00, 0x30, 0x80, 0x01, 0x30, 0x00, 0x06, 0x00, 0x03, 
	0x60, 0x00, 0x00, 0x60, 0x00, 0x00, 0x00, 0x02, 0x00, 0x00, 0x04, 0x00, 0x54, 0x10, 0x01, 0x02, 
	0x00, 0x00, 0x27, 0xEA, 0xE5, 0x22, 0x60, 0x00, 0x08, 0x00, 0x01, 0x20, 0x00, 0x04, 0x80, 0x00, 
	0x10, 0x00, 0x02, 0x40, 0x00, 0x00, 0x10, 0x01, 0x20, 0x00, 0x04, 0x80, 0x00, 0x60, 0x10, 0x02, 
	0x40, 0x00, 0x08, 0x00, 0x70, 0xF9, 0x80, 0x09, 0x24, 0x00, 0x16, 0xC0, 0x44, 0x80, 0x00, 0x8A, 
	0x08, 0x00, 0x00, 0x00, 0x00, 0x30, 0x0A, 0x00, 0x10, 0x00, 0x00, 0x00, 0x23, 0x42, 0x14, 0x0C, 
	0x04, 0x00, 0xB0, 0x10, 0x08, 0x00, 0x00, 0x02, 0x00, 0x40, 0x10, 0x81, 0x01, 0x00, 0x00, 0x6F, 
	0x2E, 0xB5, 0x22, 0x00, 0x00, 0x04, 0x80, 0x00, 0x10, 0x00, 0x02, 0x40, 0x00, 0x08, 0x00, 0x01, 
	0x20, 0x00, 0x30, 0x80, 0x00, 0x10, 0x00, 0x02, 0x40, 0x00, 0x60, 0x04, 0x01, 0x20, 0x00, 0x04, 
	0x00, 0xAB, 0xFD, 0x00, 0x08, 0x00, 0x12, 0x40, 0x00, 0x44, 0x18, 0x00, 0x22, 0x00, 0x08, 0x00, 
	0x80, 0x09, 0x00, 0x02, 0x06, 0x00, 0x10, 0x58, 0x00, 0x20, 0x40, 0x01, 0x00, 0x81, 0x49, 0x00, 
	0x82, 0x00, 0x00, 0x00, 0x02, 0x00, 0x54, 0x10, 0x01, 0x00, 0x00, 0x00, 0x35, 0xDA, 0xAF, 0x42, 
	0x80, 0x21, 0x30, 0x02, 0x26, 0xC0, 0x08, 0x58, 0x00, 0x23, 0x60, 0x04, 0x4C, 0x80, 0x09, 0x00, 
	0x01, 0x06, 0xC2, 0x08, 0x58, 0x00, 0x0B, 0x01, 0x84, 0x8C, 0x80, 0x01, 0x30, 0x02, 0x81, 0xF8, 
	0xE0, 0x81, 0x0C, 0x80, 0x05, 0xF1, 0x00, 0x02, 0xC0, 0x81, 0x18, 0x00, 0x00, 0xE0, 0x81, 0x3C, 
	0x90, 0x07, 0x31, 0x00, 0x1E, 0xC4, 0x03, 0x39, 0x10, 0x0B, 0xE0, 0x01, 0x2C, 0x08, 0x05, 0x00, 
	0x00, 0x02, 0x00, 0x40, 0x10, 0x80, 0x02, 0x00, 0x00, 0x47, 0x8D, 0xA5, 0x04, 0xE0, 0x01, 0x3C, 
	0x88, 0x07, 0xF2, 0x20, 0x1E, 0xC4, 0x83, 0x78, 0x10, 0x0F, 0xE2, 0x41, 0x2C, 0x88, 0x07, 0xF0, 
	0x20, 0x1E, 0xD0, 0x03, 0x38, 0x00, 0x0F, 0xE2, 0x41, 0x3C, 0x08, 0x30, 0xF9, 0x00, 0x00, 0x01, 
	0x08, 0x06, 0x01, 0x20, 0x00, 0x00, 0x01, 0x60, 0x10, 0x00, 0x80, 0x01, 0x00, 0x08, 0x06, 0xC0, 
	0x00, 0x18, 0x00, 0x80, 0x20, 0x20, 0x0C, 0x80, 0x01, 0x30, 0x08, 0x00, 0x00, 0x00, 0x00, 0x00, 
	0x40, 0x00, 0x00, 0x00, 0x00, 0x00, 0x04, 0x00, 0xE5, 0x00, 0x80, 0x01, 0x30, 0x00, 0x06, 0xC0, 
	0x00, 0x18, 0x00, 0x03, 0x60, 0x00, 0x0C, 0x80, 0x01, 0x30, 0x08, 0x06, 0xC0, 0x00, 0x18, 0x00, 
	0x03, 0x60, 0x10, 0x0C, 0x80, 0x01, 0x30, 0x00, 0xF9, 0xFE, 0x80, 0x05, 0x00, 0x01, 0x26, 0xC0, 
	0x02, 0x18, 0x00, 0x23, 0x62, 0x04, 0x00, 0x80, 0x01, 0xB0, 0x00, 0x06, 0xC0, 0x20, 0x18, 0x00, 
	0x0B, 0x60, 0x01, 0x8C, 0x82, 0x01, 0x30, 0x00, 0x09, 0x00, 0x00, 0x04, 0x00, 0x02, 0x00, 0x40, 
	0x00, 0x00, 0x00, 0x03, 0x20, 0x25, 0x00, 0x80, 0x01, 0x30, 0x00, 0x06, 0xC0, 0x00, 0x18, 0x00, 
	0x03, 0x60, 0x00, 0x0C, 0x80, 0x01, 0x30, 0x02, 0x06, 0xC0, 0x00, 0x18, 0x00, 0x03, 0x00, 0x02, 
	0x0C, 0x80, 0x01, 0x30, 0x00, 0x98, 0xFC, 0xA0, 0x01, 0x04, 0x00, 0x80, 0x50, 0x22, 0x02, 0x40, 
	0x91, 0x08, 0x00, 0x00, 0x00, 0x10, 0x05, 0x00, 0x40, 0xC4, 0x42, 0x80, 0x48, 0x00, 0x28, 0x12, 
	0x20, 0x20, 0x00, 0x84, 0x00, 0x00, 0x00, 0x00, 0x06, 0x00, 0x00, 0x00, 0x00, 0x01, 0x00, 0x00, 
	0x47, 0x9B, 0x64, 0x99, 0x00, 0x04, 0x80, 0x10, 0x10, 0x02, 0x02, 0x40, 0x08, 0x08, 0x28, 0x10, 
	0x05, 0x02, 0x04, 0x80, 0x10, 0x10, 0x00, 0x02, 0x00, 0x10, 0x08, 0x08, 0x00, 0x00, 0x08, 0x04, 
	0x16, 0x08, 0x40, 0xFC, 0x00, 0x00, 0x00, 0x00, 0x00, 0x00, 0x00, 0x00, 0x00, 0x00, 0x00, 0x00, 
	0x00, 0x00, 0x00, 0x00, 0x00, 0x00, 0xC0, 0x00, 0x00, 0x00, 0x00, 0x00, 0x00, 0x00, 0x08, 0x00, 
	0x00, 0x10, 0x04, 0x00, 0x00, 0x06, 0x00, 0x02, 0x00, 0x00, 0x02, 0x00, 0x00, 0x2C, 0x00, 0x25, 
	0x40, 0x00, 0x00, 0x01, 0x00, 0x00, 0x00, 0x80, 0x00, 0x00, 0x00, 0x02, 0x00, 0x00, 0x00, 0x00, 
	0x01, 0x00, 0x00, 0x04, 0x80, 0x00, 0x00, 0x00, 0x02, 0x10, 0x00, 0x00, 0x00, 0x00, 0x00, 0xE0, 
	0xFA, 0x80, 0x01, 0x01, 0x88, 0x01, 0x00, 0x00, 0x18, 0x00, 0x00, 0x60, 0x00, 0x00, 0x40, 0x00, 
	0x30, 0x08, 0x01, 0xF0, 0x00, 0x06, 0x00, 0x03, 0x00, 0x00, 0x02, 0x80, 0x01, 0x31, 0x00, 0x00, 
	0x00, 0x00, 0x06, 0x00, 0x10, 0x00, 0x00, 0x00, 0x00, 0x00, 0x63, 0x84, 0xAC, 0xA4, 0x60, 0x00, 
	0x08, 0x00, 0x01, 0x20, 0x00, 0x06, 0x80, 0x00, 0x00, 0x20, 0x00, 0x40, 0x00, 0x08, 0x00, 0x01, 
	0x20, 0x00, 0x04, 0x80, 0x00, 0x60, 0x10, 0x02, 0x40, 0x00, 0x00, 0x00, 0x90, 0xFC, 0x04, 0x08, 
	0x80, 0x80, 0x00, 0xC0, 0x42, 0x40, 0x04, 0x0B, 0x61, 0x12, 0x00, 0x20, 0x00, 0x30, 0x82, 0x00, 
	0xC0, 0x00, 0x00, 0x00, 0x0B, 0x64, 0x21, 0x01, 0x80, 0x09, 0x20, 0x0A, 0x00, 0x00, 0x00, 0x06, 
	0x00, 0x2A, 0x00, 0x00, 0x00, 0x00, 0x00, 0x2B, 0x99, 0x75, 0x1B, 0x00, 0x00, 0x04, 0x80, 0x00, 
	0x10, 0x00, 0x00, 0x40, 0x00, 0x60, 0x00, 0x0C, 0x21, 0x00, 0x04, 0x80, 0x00, 0x10, 0x00, 0x02, 
	0x40, 0x00, 0x40, 0x01, 0x01, 0x20, 0x00, 0x30, 0x04, 0x50, 0xFB, 0x04, 0x10, 0x00, 0x08, 0x16, 
	0x00, 0x08, 0x18, 0x00, 0x00, 0x00, 0x04, 0x00, 0x80, 0x09, 0x00, 0x06, 0x06, 0x00, 0x20, 0x58, 
	0x00, 0x60, 0x00, 0x04, 0x8C, 0x00, 0x10, 0xA0, 0x00, 0x00, 0x00, 0x00, 0x06, 0x00, 0x10, 0x00, 
	0x22, 0x00, 0x00, 0x00, 0x04, 0xC8, 0x40, 0xE0, 0x88, 0x49, 0xB0, 0x00, 0x46, 0xC0, 0x04, 0x18, 
	0x04, 0x0B, 0x00, 0x02, 0x20, 0x82, 0x49, 0xB0, 0x00, 0x46, 0xC0, 0x84, 0x18, 0x01, 0x63, 0x40, 
	0x01, 0x2C, 0x80, 0x09, 0x81, 0x00, 0x30, 0xFA, 0xE0, 0x81, 0x0C, 0x80, 0x07, 0xB2, 0x20, 0x02, 
	0xC0, 0x82, 0x78, 0x40, 0x00, 0xE0, 0x81, 0x3C, 0x80, 0x07, 0x31, 0x00, 0x1E, 0xC4, 0x03, 0x58, 
	0x10, 0x0F, 0xE2, 0x01, 0x1D, 0x08, 0x00, 0x00, 0x00, 0x06, 0x00, 0x02, 0x00, 0x00, 0x00, 0x00, 
	0x00, 0x5F, 0x0D, 0x41, 0x1F, 0xE0, 0x01, 0x3C, 0x88, 0x07, 0xF1, 0x80, 0x1E, 0xC0, 0x83, 0x58, 
	0x10, 0x0B, 0xE0, 0x01, 0x3C, 0x88, 0x07, 0xF1, 0x00, 0x1E, 0xC8, 0x03, 0x38, 0x10, 0x0F, 0xE2, 
	0x01, 0x2C, 0x08, 0x78, 0xFA, 0x80, 0x01, 0x00, 0x20, 0x06, 0xC0, 0x20, 0x00, 0x00, 0x83, 0x00, 
	0x10, 0x00, 0x80, 0x01, 0x00, 0x08, 0x06, 0x00, 0x00, 0x18, 0x00, 0x80, 0x60, 0x10, 0x0C, 0x00, 
	0x80, 0x10, 0x10, 0x00, 0x00, 0x00, 0x04, 0x00, 0x00, 0x00, 0x00, 0x00, 0x00, 0x00, 0x03, 0x00, 
	0x00, 0x00, 0x80, 0x01, 0x30, 0x00, 0x06, 0xC0, 0x00, 0x18, 0x00, 0x03, 0x60, 0x10, 0x0C, 0x80, 
	0x01, 0x30, 0x00, 0x06, 0xC0, 0x00, 0x18, 0x00, 0x03, 0x20, 0x20, 0x0C, 0x80, 0x01, 0x30, 0x00, 
	0xA0, 0xFE, 0x80, 0x05, 0x31, 0x00, 0x06, 0xC0, 0x04, 0x18, 0x00, 0x0B, 0x60, 0x02, 0x00, 0x80, 
	0x01, 0x30, 0x00, 0x06, 0x00, 0x00, 0x18, 0x00, 0x03, 0x60, 0x01, 0x0C, 0x80, 0x01, 0xB0, 0x00, 
	0x00, 0x00, 0x00, 0x00, 0x00, 0x02, 0x00, 0x00, 0x00, 0x00, 0x00, 0x01, 0x80, 0x11, 0x00, 0x80, 
	0x01, 0x30, 0x00, 0x06, 0xC0, 0x00, 0x18, 0x00, 0x03, 0x60, 0x04, 0x2C, 0x88, 0x01, 0x30, 0x00, 
	0x06, 0xC0, 0x00, 0x18, 0x00, 0x03, 0x60, 0x04, 0x0C, 0x80, 0x01, 0x30, 0x0A, 0xD8, 0xFE, 0xA0, 
	0x01, 0x34, 0x80, 0x10, 0x12, 0x02, 0x02, 0x00, 0x10, 0x01, 0x21, 0x00, 0x00, 0x84, 0x84, 0x00, 
	0x10, 0xD0, 0x04, 0x00, 0x40, 0x08, 0x00, 0x08, 0x20, 0x00, 0x00, 0x00, 0x11, 0x00, 0x00, 0x00, 
	0x02, 0x00, 0x00, 0x10, 0x01, 0x00, 0x00, 0x00, 0xC0, 0x3E, 0x50, 0x10, 0x00, 0x10, 0x15, 0x8A, 
	0x42, 0x51, 0x28, 0x00, 0x61, 0xA1, 0x00, 0x21, 0x20, 0x24, 0x30, 0x04, 0x81, 0x42, 0x51, 0x28, 
	0x00, 0x10, 0x08, 0x48, 0x12, 0x00, 0x88, 0x05, 0x01, 0x20, 0xA0, 0xFA, 0x00, 0x00, 0x00, 0x00, 
	0x00, 0x00, 0x40, 0x00, 0x00, 0x00, 0x00, 0x00, 0x00, 0x00, 0x00, 0x00, 0x10, 0x00, 0xC4, 0x80, 
	0x00, 0x00, 0x00, 0x01, 0x00, 0x00, 0x08, 0x00, 0x00, 0x80, 0x04, 0x00, 0x00, 0x02, 0x00, 0x02, 
	0x10, 0x49, 0x02, 0x00, 0x00, 0x4F, 0xE2, 0x11, 0x88, 0x01, 0x00, 0x00, 0x00, 0x00, 0x00, 0x00, 
	0x00, 0x00, 0x00, 0x00, 0x00, 0x00, 0x00, 0x00, 0x00, 0x20, 0x00, 0x00, 0x00, 0x00, 0x00, 0x00, 
	0x22, 0x00, 0x00, 0x00, 0x00, 0x00, 0x00, 0xD8, 0xFE, 0x80, 0x01, 0x09, 0x20, 0x06, 0xC0, 0x20, 
	0x18, 0xC8, 0x00, 0x18, 0x00, 0x00, 0x60, 0x00, 0x30, 0x88, 0x01, 0xC0, 0x00, 0x00, 0x00, 0x83, 
	0x18, 0x00, 0x02, 0x00, 0x00, 0x0C, 0x00, 0x00, 0x00, 0x00, 0x02, 0x00, 0x24, 0x10, 0x03, 0x00, 
	0x00, 0x00, 0xCC, 0x3B, 0x50, 0x7D, 0x48, 0x00, 0x00, 0x10, 0x00, 0x00, 0x40, 0x04, 0x00, 0x00, 
	0x10, 0x00, 0x02, 0x80, 0x41, 0x30, 0x10, 0x00, 0x04, 0x40, 0x04, 0x80, 0x00, 0x20, 0x00, 0x02, 
	0x60, 0x40, 0x08, 0x00, 0xA0, 0xF8, 0x00, 0x08, 0x34, 0x00, 0x44, 0x81, 0x08, 0x00, 0x00, 0x00, 
	0x08, 0x00, 0x00, 0x00, 0x00, 0xA0, 0x00, 0x00, 0xC0, 0x24, 0x00, 0x00, 0x0A, 0x08, 0x00, 0x01, 
	0x00, 0x00, 0x00, 0x00, 0x00, 0x00, 0x00, 0x0A, 0x00, 0x4A, 0x10, 0x11, 0x00, 0x00, 0x00, 0x44, 
	0x22, 0xA5, 0x02, 0x28, 0x00, 0x30, 0x00, 0x86, 0xC0, 0x00, 0x02, 0x00, 0x03, 0x09, 0x00, 0x01, 
	0x00, 0x01, 0x30, 0x00, 0x06, 0xC0, 0x00, 0x02, 0x40, 0x00, 0x60, 0x82, 0x01, 0xA0, 0x09, 0x04, 
	0x00, 0x72, 0xFE, 0x00, 0x80, 0x00, 0x12, 0x14, 0x80, 0x02, 0x18, 0x00, 0x13, 0x00, 0x08, 0x00, 
	0x80, 0x09, 0xA0, 0x00, 0x46, 0xC1, 0x08, 0x00, 0x00, 0x92, 0x60, 0x42, 0x2C, 0x00, 0x00, 0x30, 
	0x40, 0x02, 0x00, 0x00, 0x02, 0x00, 0x24, 0x10, 0x11, 0x01, 0x00, 0x00, 0x47, 0x52, 0xFC, 0x50, 
	0x88, 0x21, 0x00, 0x06, 0x10, 0x00, 0x02, 0x18, 0x00, 0x10, 0x60, 0x01, 0x4C, 0x02, 0x45, 0x20, 
	0x00, 0x10, 0x00, 0x02, 0x58, 0x00, 0x23, 0x01, 0x08, 0x0C, 0x01, 0x04, 0xB2, 0x00, 0x40, 0xFC, 
	0xE0, 0x01, 0x0C, 0x80, 0x03, 0x71, 0x20, 0x02, 0xC0, 0x83, 0x18, 0x00, 0x00, 0xE0, 0x81, 0x1C, 
	0x88, 0x07, 0xF0, 0x80, 0x00, 0xC0, 0x01, 0x78, 0x00, 0x0F, 0x02, 0x00, 0x3C, 0x00, 0x04, 0x00, 
	0x00, 0x02, 0x00, 0x02, 0x10, 0x10, 0x02, 0x00, 0x00, 0xC4, 0x27, 0xA5, 0x05, 0xE8, 0x01, 0x2C, 
	0x80, 0x05, 0xB1, 0x20, 0x1E, 0xD0, 0x82, 0x78, 0x10, 0x0F, 0xE0, 0x00, 0x3C, 0x88, 0x05, 0xB1, 
	0x20, 0x1E, 0xC4, 0x03, 0x18, 0x00, 0x0F, 0x60, 0x00, 0x3C, 0x20, 0x68, 0xFF, 0x80, 0x01, 0x00, 
	0x08, 0x02, 0x40, 0x00, 0x00, 0x00, 0x03, 0x60, 0x10, 0x00, 0x80, 0x01, 0x10, 0x10, 0x06, 0x00, 
	0x00, 0x00, 0x00, 0x01, 0x61, 0x00, 0x0C, 0x00, 0x00, 0x30, 0x80, 0x04, 0x00, 0x00, 0x00, 0x00, 
	0x00, 0x00, 0x58, 0x02, 0x00, 0x00, 0x01, 0x00, 0x24, 0x00, 0x8C, 0x01, 0x30, 0x00, 0x06, 0xC0, 
	0x00, 0x18, 0x00, 0x83, 0x60, 0x00, 0x0C, 0x80, 0x80, 0x10, 0x00, 0x06, 0xC0, 0x00, 0x18, 0x00, 
	0x03, 0x60, 0x00, 0x0C, 0x00, 0x80, 0x30, 0x00, 0x49, 0xFC, 0x80, 0x05, 0x01, 0x01, 0x46, 0xC4, 
	0x88, 0x18, 0x00, 0x03, 0x60, 0x00, 0x00, 0x80, 0x01, 0xB0, 0x00, 0x06, 0x80, 0x40, 0x00, 0x00, 
	0x0B, 0x60, 0x00, 0x0C, 0x00, 0x00, 0x30, 0x00, 0x04, 0x00, 0x00, 0x04, 0x00, 0x02, 0x00, 0x08, 
	0x02, 0x00, 0x00, 0x02, 0x00, 0x23, 0x00, 0x84, 0x01, 0x30, 0x0A, 0x46, 0xC1, 0x28, 0x18, 0x00, 
	0x23, 0x60, 0x00, 0x0C, 0x80, 0x01, 0x00, 0x04, 0x46, 0xC1, 0x28, 0x18, 0x00, 0x03, 0x40, 0x84, 
	0x0C, 0x00, 0x08, 0x30, 0x00, 0x28, 0xFA, 0x00, 0x00, 0x00, 0x00, 0x00, 0x00, 0x00, 0x00, 0x00, 
	0x00, 0x00, 0x00, 0x00, 0x00, 0x00, 0x00, 0x00, 0x00, 0x00, 0x00, 0x00, 0x00, 0x00, 0x00, 0x00, 
	0x00, 0x00, 0x00, 0x00, 0x00, 0x04, 0x00, 0x00, 0x0C, 0x00, 0x00, 0x22, 0x00, 0x02, 0x00, 0x00, 
	0xC2, 0x01, 0x62, 0x99, 0x00, 0x00, 0x00, 0x00, 0x00, 0x00, 0x00, 0x00, 0x00, 0x00, 0x00, 0x00, 
	0x00, 0x00, 0x00, 0x00, 0x00, 0x00, 0x00, 0x00, 0x00, 0x00, 0x00, 0x00, 0x00, 0x00, 0x00, 0x00, 
	0x00, 0x00, 0x70, 0xFD, 0x20, 0x00, 0x04, 0x80, 0x00, 0x10, 0x00, 0x02, 0x40, 0x00, 0x08, 0x00, 
	0x01, 0x20, 0x00, 0x04, 0x80, 0x00, 0x10, 0x00, 0x02, 0x40, 0x00, 0x08, 0x00, 0x01, 0x20, 0x00, 
	0x04, 0x00, 0x00, 0x00, 0x00, 0x0C, 0x00, 0x02, 0x22, 0x10, 0x00, 0x00, 0x00, 0x20, 0x40, 0x23, 
	0x11, 0x28, 0x00, 0x04, 0x80, 0x00, 0x10, 0x00, 0x02, 0x40, 0x00, 0x08, 0x00, 0x01, 0x20, 0x00, 
	0x04, 0x80, 0x00, 0x10, 0x00, 0x02, 0x40, 0x00, 0x08, 0x00, 0x01, 0x20, 0x00, 0x04, 0x00, 0x98, 
	0xFA, 0x00, 0x00, 0x00, 0x00, 0x00, 0x00, 0x00, 0x00, 0x00, 0x00, 0x00, 0x00, 0x00, 0x00, 0x00, 
	0x00, 0x00, 0x00, 0x00, 0x00, 0x00, 0x00, 0x00, 0x00, 0x00, 0x00, 0x00, 0x00, 0x00, 0x00, 0x00, 
	0x00, 0x00, 0x0C, 0x00, 0x44, 0x22, 0x00, 0x00, 0x00, 0x00, 0x24, 0x85, 0x2A, 0xB1, 0x00, 0x00, 
	0x00, 0x00, 0x00, 0x00, 0x00, 0x00, 0x00, 0x00, 0x00, 0x00, 0x00, 0x00, 0x00, 0x00, 0x00, 0x00, 
	0x00, 0x00, 0x00, 0x00, 0x00, 0x00, 0x00, 0x00, 0x00, 0x00, 0x00, 0x00, 0x30, 0xF9, 0x24, 0x00, 
	0x04, 0x80, 0x00, 0x10, 0x00, 0x02, 0x40, 0x00, 0x08, 0x00, 0x01, 0x20, 0x00, 0x04, 0x80, 0x00, 
	0x10, 0x00, 0x02, 0x40, 0x00, 0x08, 0x00, 0x01, 0x20, 0x00, 0x04, 0x00, 0x00, 0x00, 0x00, 0x0C, 
	0x00, 0x22, 0x22, 0x00, 0x00, 0x00, 0x00, 0xE4, 0x2B, 0xD7, 0x1B, 0x20, 0x00, 0x04, 0x80, 0x00, 
	0x10, 0x00, 0x02, 0x40, 0x00, 0x08, 0x00, 0x01, 0x20, 0x00, 0x04, 0x80, 0x00, 0x10, 0x00, 0x02, 
	0x40, 0x00, 0x08, 0x00, 0x01, 0x20, 0x00, 0x04, 0x00, 0x88, 0xF9, 0x04, 0x00, 0x00, 0x00, 0x00, 
	0x00, 0x00, 0x00, 0x00, 0x00, 0x00, 0x00, 0x00, 0x00, 0x00, 0x00, 0x00, 0x00, 0x00, 0x00, 0x00, 
	0x00, 0x00, 0x00, 0x00, 0x00, 0x00, 0x00, 0x00, 0x00, 0x00, 0x00, 0x00, 0x0C, 0x00, 0x44, 0x22, 
	0x00, 0x00, 0x00, 0x00, 0x2C, 0x50, 0x26, 0x51, 0x00, 0x00, 0x00, 0x00, 0x00, 0x00, 0x00, 0x00, 
	0x00, 0x00, 0x00, 0x00, 0x00, 0x00, 0x00, 0x00, 0x00, 0x00, 0x00, 0x00, 0x00, 0x00, 0x00, 0x00, 
	0x00, 0x00, 0x00, 0x00, 0x00, 0x00, 0x70, 0xFA, 0x20, 0x00, 0x00, 0x00, 0x00, 0x00, 0x00, 0x00, 
	0x00, 0x00, 0x00, 0x00, 0x01, 0x00, 0x00, 0x00, 0x00, 0x00, 0x00, 0x00, 0x00, 0x00, 0x00, 0x00, 
	0x00, 0x00, 0x00, 0x00, 0x00, 0x00, 0x00, 0x00, 0x00, 0x0C, 0x00, 0x02, 0x02, 0x00, 0x00, 0x00, 
	0x00, 0xCA, 0x05, 0xE5, 0x05, 0x00, 0x00, 0x00, 0x00, 0x00, 0x00, 0x00, 0x00, 0x00, 0x00, 0x00, 
	0x00, 0x00, 0x00, 0x00, 0x00, 0x00, 0x00, 0x00, 0x00, 0x00, 0x00, 0x00, 0x00, 0x00, 0x00, 0x00, 
	0x00, 0x00, 0x00, 0xA0, 0xFA, 0x00, 0x00, 0x20, 0x00, 0x04, 0x80, 0x00, 0x10, 0x00, 0x02, 0x40, 
	0x00, 0x00, 0x00, 0x01, 0x20, 0x00, 0x04, 0x80, 0x00, 0x10, 0x00, 0x02, 0x40, 0x00, 0x08, 0x00, 
	0x01, 0x20, 0x00, 0x00, 0x00, 0x00, 0x0C, 0x00, 0x00, 0x00, 0x00, 0x00, 0x00, 0x00, 0x02, 0x00, 
	0x24, 0x00, 0x00, 0x01, 0x20, 0x00, 0x04, 0x80, 0x00, 0x10, 0x00, 0x02, 0x40, 0x00, 0x08, 0x00, 
	0x01, 0x20, 0x00, 0x04, 0x80, 0x00, 0x10, 0x00, 0x02, 0x40, 0x00, 0x08, 0x00, 0x01, 0x20, 0x00, 
	0xD8, 0xFC, 0x20, 0x00, 0x04, 0x80, 0x00, 0x10, 0x00, 0x02, 0x40, 0x00, 0x08, 0x00, 0x01, 0x20, 
	0x00, 0x04, 0x80, 0x00, 0x10, 0x00, 0x02, 0x40, 0x00, 0x08, 0x00, 0x01, 0x20, 0x00, 0x04, 0x00, 
	0x00, 0x00, 0x00, 0x00, 0x00, 0x00, 0x00, 0x00, 0x00, 0x00, 0x00, 0x00, 0x00, 0x00, 0x00, 0x20, 
	0x00, 0x04, 0x80, 0x00, 0x10, 0x00, 0x02, 0x40, 0x00, 0x08, 0x00, 0x01, 0x20, 0x00, 0x04, 0x80, 
	0x00, 0x10, 0x00, 0x02, 0x40, 0x00, 0x08, 0x00, 0x01, 0x20, 0x00, 0x04, 0x00, 0x98, 0xFF, 0x00, 
	0x00, 0x00, 0x00, 0x00, 0x00, 0x00, 0x00, 0x00, 0x00, 0x00, 0x00, 0x00, 0x80, 0x00, 0x00, 0x00, 
	0x02, 0x00, 0x00, 0x08, 0x00, 0x00, 0x00, 0x00, 0x00, 0x80, 0x00, 0x00, 0x00, 0x00, 0x00, 0x00, 
	0x00, 0x20, 0x00, 0x00, 0x00, 0x00, 0x00, 0x00, 0x00, 0x10, 0x00, 0x00, 0x80, 0x00, 0x00, 0x00, 
	0x00, 0x40, 0x20, 0x00, 0x00, 0x00, 0x00, 0x00, 0x00, 0x80, 0x00, 0x00, 0x00, 0x02, 0x40, 0x00, 
	0x08, 0x00, 0x00, 0x00, 0x00, 0x04, 0x80, 0x00, 0x10, 0x00, 0x58, 0xFC, 0x00, 0x00, 0x00, 0x00, 
	0x00, 0x00, 0x00, 0x00, 0x00, 0x01, 0x00, 0x00, 0x00, 0x00, 0x00, 0x00, 0x00, 0x00, 0x00, 0x00, 
	0x00, 0x00, 0x00, 0x00, 0x00, 0x00, 0x00, 0x00, 0x10, 0x00, 0x00, 0x00, 0x00, 0x00, 0x00, 0x00, 
	0x00, 0x00, 0x00, 0x00, 0x00, 0x00, 0x00, 0x00, 0x00, 0x00, 0x00, 0x00, 0x00, 0x00, 0x00, 0x00, 
	0x00, 0x00, 0x00, 0x00, 0x00, 0x00, 0x00, 0x00, 0x00, 0x00, 0x00, 0x00, 0x00, 0x00, 0x00, 0x00, 
	0x00, 0x00, 0x00, 0x00, 0x00, 0x00, 0x00, 0x98, 0xFF, 0x00, 0x20, 0x00, 0x80, 0x00, 0x00, 0x00, 
	0x00, 0x40, 0x00, 0x10, 0x00, 0x00, 0x00, 0x00, 0x04, 0x00, 0x00, 0x00, 0x00, 0x00, 0x40, 0x00, 
	0x08, 0x00, 0x00, 0x00, 0x00, 0x04, 0x00, 0x00, 0x50, 0x00, 0x00, 0x00, 0x00, 0x00, 0x00, 0x00, 
	0x40, 0x00, 0x00, 0x00, 0x00, 0x00, 0x00, 0x00, 0x00, 0x00, 0x00, 0x00, 0x00, 0x00, 0x00, 0x00, 
	0x00, 0x00, 0x00, 0x00, 0x00, 0x00, 0x00, 0x00, 0x00, 0x00, 0x00, 0x00, 0x00, 0x00, 0x00, 0x00, 
	0x00, 0x00, 0x00, 0x00, 0xB8, 0xFD, 0x00, 0x40, 0x00, 0x00, 0x00, 0x40, 0x00, 0x00, 0x00, 0x00, 
	0x00, 0x00, 0x00, 0x00, 0x00, 0x00, 0x00, 0x00, 0x00, 0x00, 0x00, 0x00, 0x00, 0x00, 0x00, 0x00, 
	0x00, 0x00, 0x00, 0x00, 0x00, 0x00, 0x00, 0x00, 0x00, 0x00, 0x00, 0x40, 0x00, 0x00, 0x00, 0x00, 
	0x00, 0x00, 0x00, 0x00, 0x00, 0x00, 0x00, 0x00, 0x00, 0x00, 0x00, 0x00, 0x00, 0x00, 0x00, 0x00, 
	0x00, 0x00, 0x00, 0x00, 0x00, 0x00, 0x00, 0x00, 0x00, 0x00, 0x40, 0x00, 0x00, 0x00, 0x00, 0x00, 
	0x00, 0x98, 0xFF, 0x00, 0x00, 0x00, 0x00, 0x02, 0x00, 0x00, 0x00, 0x00, 0x00, 0x00, 0x00, 0x00, 
	0x00, 0x00, 0x00, 0x00, 0x00, 0x00, 0x00, 0x00, 0x00, 0x00, 0x00, 0x00, 0x01, 0x00, 0x00, 0x20, 
	0x00, 0x00, 0x00, 0x10, 0x00, 0x00, 0x00, 0x01, 0x00, 0x00, 0x00, 0x08, 0x00, 0x00, 0x80, 0x00, 
	0x00, 0x00, 0x00, 0x00, 0x00, 0x00, 0x40, 0x00, 0x00, 0x00, 0x00, 0x00, 0x00, 0x00, 0x00, 0x00, 
	0x00, 0x04, 0x80, 0x00, 0x10, 0x00, 0x00, 0x00, 0x00, 0x00, 0x00, 0x00, 0x00, 0x00, 0xEC, 0xFB, 
	0x00, 0x00, 0x00, 0x00, 0x00, 0x80, 0x00, 0x00, 0x80, 0x02, 0x00, 0x00, 0x00, 0x80, 0x00, 0x20, 
	0x00, 0x02, 0x00, 0x00, 0x08, 0x00, 0x03, 0x40, 0x00, 0x00, 0x80, 0x00, 0x20, 0x00, 0x00, 0x00, 
	0x00, 0x00, 0x00, 0x00, 0x00, 0x00, 0x00, 0x00, 0x00, 0x00, 0x00, 0x00, 0x00, 0x80, 0x00, 0x00, 
	0x00, 0x00, 0x40, 0x40, 0x00, 0x08, 0x00, 0x00, 0x20, 0x00, 0x00, 0x00, 0x00, 0x00, 0x00, 0x00, 
	0x11, 0x00, 0x00, 0x00, 0x00, 0x00, 0x04, 0x80, 0x00, 0x10, 0x00, 0x50, 0xFB, 0x00, 0x00, 0x00, 
	0x00, 0x00, 0x00, 0x80, 0x00, 0x40, 0x00, 0x00, 0x00, 0x00, 0x00, 0x00, 0x00, 0x00, 0x00, 0x00, 
	0x20, 0x08, 0x00, 0x01, 0x00, 0x00, 0x00, 0x00, 0x00, 0x00, 0x00, 0x00, 0x00, 0x00, 0x00, 0x00, 
	0x00, 0x00, 0x00, 0x00, 0x00, 0x00, 0x00, 0x00, 0x00, 0x00, 0x00, 0x00, 0x00, 0x00, 0x00, 0x00, 
	0x00, 0x00, 0x10, 0x00, 0x00, 0x00, 0x00, 0x00, 0x00, 0x00, 0x00, 0x00, 0x00, 0x00, 0x00, 0x00, 
	0x80, 0x00, 0x00, 0x00, 0x02, 0x00, 0x00, 0x00, 0x90, 0xF9, 0x00, 0x00, 0x00, 0x08, 0x00, 0x01, 
	0x00, 0x00, 0x00, 0x00, 0x01, 0x00, 0x00, 0x04, 0x00, 0x04, 0x00, 0x02, 0x00, 0x00, 0x08, 0x04, 
	0x00, 0x10, 0x10, 0x00, 0x80, 0x40, 0x10, 0x08, 0x00, 0x00, 0x00, 0x00, 0x00, 0x00, 0x00, 0x00, 
	0x00, 0x00, 0x00, 0x00, 0x00, 0x00, 0x00, 0x80, 0x40, 0x00, 0x00, 0x01, 0x00, 0x00, 0x08, 0x00, 
	0x00, 0x00, 0x10, 0x00, 0x00, 0x40, 0x00, 0x00, 0x00, 0x10, 0x00, 0x00, 0x00, 0x80, 0x00, 0x00, 
	0x00, 0x02, 0x00, 0x00, 0x00, 0x18, 0xFA, 0x00, 0x28, 0x00, 0x20, 0x00, 0x04, 0x40, 0x00, 0x80, 
	0x00, 0xC2, 0x00, 0x00, 0x08, 0x28, 0x04, 0x80, 0x00, 0x00, 0x40, 0x06, 0x90, 0x00, 0x08, 0x40, 
	0x00, 0x20, 0x00, 0x05, 0x20, 0x00, 0x00, 0x00, 0x00, 0x00, 0x00, 0x00, 0x00, 0x00, 0x00, 0x00, 
	0x00, 0x00, 0x00, 0x00, 0x20, 0x03, 0x01, 0x86, 0x00, 0x80, 0x01, 0x02, 0x08, 0x00, 0x00, 0x40, 
	0x00, 0x00, 0x00, 0x01, 0x00, 0x00, 0x10, 0x00, 0x30, 0x00, 0x80, 0x03, 0x0A, 0x00, 0x0E, 0x00, 
	0x00, 0x00, 0xD8, 0xFE, 0x20, 0x00, 0x20, 0x00, 0x00, 0x80, 0x20, 0x30, 0x02, 0x00, 0x00, 0x08, 
	0x00, 0x00, 0x09, 0x20, 0x00, 0x14, 0xC0, 0x01, 0x80, 0x02, 0x02, 0x00, 0x08, 0x00, 0x01, 0x08, 
	0xE0, 0x01, 0x00, 0x00, 0x00, 0x00, 0x00, 0x00, 0x00, 0x00, 0x00, 0x00, 0x00, 0x00, 0x00, 0x00, 
	0x00, 0x00, 0x00, 0x00, 0x00, 0x00, 0x00, 0x00, 0x00, 0x00, 0x07, 0x00, 0x02, 0x00, 0x00, 0x00, 
	0x00, 0x06, 0x00, 0x40, 0x10, 0x30, 0x40, 0x05, 0x00, 0x00, 0x00, 0xA0, 0x01, 0x00, 0x00, 0xA8, 
	0xFD, 0x02, 0x00, 0x00, 0x00, 0x00, 0x00, 0x80, 0x00, 0x00, 0x00, 0x00, 0x00, 0x00, 0x00, 0x00, 
	0x00, 0x00, 0x00, 0x20, 0x00, 0x00, 0x00, 0x00, 0x00, 0x00, 0x00, 0x00, 0x00, 0x00, 0x00, 0x00, 
	0x00, 0x00, 0x00, 0x00, 0x00, 0x00, 0x00, 0x00, 0x00, 0x00, 0x00, 0x00, 0x00, 0x00, 0x00, 0x00, 
	0x00, 0x00, 0x00, 0x00, 0x00, 0x00, 0x40, 0x00, 0x00, 0x00, 0x00, 0x00, 0x00, 0x00, 0x00, 0x00, 
	0x10, 0x00, 0x00, 0x00, 0x01, 0x00, 0x00, 0x00, 0x80, 0x00, 0x00, 0x00, 0x80, 0xF8, 0x00, 0x00, 
	0x10, 0x00, 0x00, 0x40, 0x00, 0x08, 0x04, 0x00, 0x00, 0x10, 0x00, 0x80, 0x00, 0x10, 0x00, 0x02, 
	0x40, 0x00, 0x00, 0x04, 0x01, 0x00, 0x20, 0x00, 0x08, 0x00, 0x10, 0x00, 0x00, 0x00, 0x00, 0x00, 
	0x00, 0x00, 0x00, 0x00, 0x00, 0x00, 0x00, 0x00, 0x00, 0x00, 0x00, 0x00, 0x00, 0x00, 0x00, 0x00, 
	0x00, 0x00, 0x00, 0x00, 0x01, 0x00, 0x00, 0x00, 0x00, 0x00, 0x00, 0x08, 0x00, 0x00, 0x10, 0x08, 
	0x00, 0x00, 0x00, 0x00, 0x00, 0x80, 0x00, 0x00, 0x00, 0x0D, 0xFA, 0x00, 0x00, 0x00, 0x00, 0x00, 
	0x00, 0x00, 0x04, 0x00, 0x00, 0x00, 0x00, 0x00, 0x00, 0x01, 0x00, 0x00, 0x00, 0x00, 0x01, 0x00, 
	0x00, 0x00, 0x00, 0x00, 0x00, 0x00, 0x00, 0x00, 0x00, 0x00, 0x00, 0x00, 0x00, 0x00, 0x00, 0x00, 
	0x00, 0x00, 0x00, 0x00, 0x00, 0x00, 0x00, 0x00, 0x00, 0x00, 0x20, 0x00, 0x00, 0x00, 0x00, 0x00, 
	0x00, 0x00, 0x00, 0x00, 0x00, 0x00, 0x00, 0x00, 0x00, 0x00, 0x00, 0x00, 0x00, 0x00, 0x00, 0x00, 
	0x20, 0x00, 0x00, 0x00, 0x00, 0x00, 0xA8, 0xF8, 0x00, 0x00, 0x00, 0x00, 0x00, 0x00, 0x01, 0x00, 
	0x00, 0x00, 0x00, 0x00, 0x00, 0x00, 0x00, 0x00, 0x00, 0x00, 0x00, 0x00, 0x00, 0x00, 0x00, 0x00, 
	0x00, 0x00, 0x00, 0x00, 0x00, 0x00, 0x00, 0x00, 0x00, 0x00, 0x00, 0x00, 0x00, 0x00, 0x00, 0x00, 
	0x00, 0x00, 0x00, 0x00, 0x00, 0x00, 0x00, 0x00, 0x00, 0x00, 0x00, 0x00, 0x00, 0x00, 0x00, 0x80, 
	0x00, 0x00, 0x00, 0x00, 0x00, 0x00, 0x00, 0x00, 0x00, 0x00, 0x00, 0x00, 0x08, 0x00, 0x00, 0x00, 
	0x00, 0x00, 0x00, 0x00, 0xFE, 0x00, 0x04, 0x00, 0x00, 0x00, 0x00, 0x00, 0x00, 0x00, 0x00, 0x00, 
	0x00, 0x00, 0x00, 0x00, 0x00, 0x00, 0x00, 0x00, 0x00, 0x00, 0x00, 0x00, 0x00, 0x00, 0x00, 0x00, 
	0x00, 0x00, 0x00, 0x00, 0x20, 0x00, 0x00, 0x00, 0x00, 0x00, 0x00, 0x00, 0x10, 0x00, 0x00, 0x00, 
	0x00, 0x00, 0x00, 0x00, 0x00, 0x00, 0x00, 0x00, 0x00, 0x00, 0x00, 0x00, 0x00, 0x00, 0x00, 0x00, 
	0x00, 0x00, 0x00, 0x00, 0x00, 0x00, 0x00, 0x00, 0x00, 0x00, 0x00, 0x00, 0x00, 0x00, 0x00, 0x00, 
	0xA8, 0xF9, 0x00, 0x00, 0x00, 0x00, 0x08, 0x00, 0x00, 0x00, 0x00, 0x00, 0x00, 0x00, 0x00, 0x00, 
	0x00, 0x00, 0x00, 0x00, 0x00, 0x00, 0x00, 0x00, 0x00, 0x00, 0x00, 0x00, 0x00, 0x00, 0x00, 0x00, 
	0x00, 0x00, 0x00, 0x00, 0x00, 0x00, 0x00, 0x00, 0x00, 0x00, 0x00, 0x00, 0x00, 0x00, 0x00, 0x00, 
	0x00, 0x00, 0x00, 0x00, 0x00, 0x00, 0x00, 0x00, 0x00, 0x00, 0x00, 0x00, 0x00, 0x00, 0x00, 0x00, 
	0x00, 0x00, 0x00, 0x00, 0x00, 0x00, 0x00, 0x00, 0x00, 0x00, 0x00, 0x00, 0x00, 0x10, 0xFF, 0x00, 
	0x00, 0x00, 0x00, 0x00, 0x00, 0x00, 0x00, 0x00, 0x00, 0x00, 0x20, 0x00, 0x00, 0x00, 0x00, 0x00, 
	0x00, 0x00, 0x40, 0x00, 0x00, 0x00, 0x00, 0x00, 0x00, 0x00, 0x80, 0x00, 0x00, 0x00, 0x00, 0x00, 
	0x00, 0x00, 0x00, 0x00, 0x00, 0x00, 0x00, 0x00, 0x00, 0x00, 0x00, 0x00, 0x00, 0x00, 0x00, 0x00, 
	0x00, 0x00, 0x00, 0x00, 0x00, 0x01, 0x00, 0x00, 0x00, 0x00, 0x00, 0x00, 0x00, 0x00, 0x00, 0x00, 
	0x00, 0x00, 0x00, 0x88, 0x00, 0x00, 0x00, 0x00, 0x00, 0x00, 0x40, 0xF8, 0x00, 0x00, 0x08, 0x00, 
	0x00, 0x00, 0x00, 0x00, 0x00, 0x00, 0x00, 0x00, 0x00, 0x00, 0x00, 0x00, 0x00, 0x00, 0x00, 0x00, 
	0x00, 0x00, 0x00, 0x00, 0x00, 0x00, 0x00, 0x00, 0x00, 0x00, 0x00, 0x00, 0x00, 0x00, 0x00, 0x00, 
	0x00, 0x00, 0x00, 0x00, 0x00, 0x00, 0x00, 0x00, 0x00, 0x00, 0x00, 0x00, 0x00, 0x00, 0x00, 0x00, 
	0x00, 0x00, 0x00, 0x00, 0x00, 0x00, 0x00, 0x00, 0x00, 0x00, 0x00, 0x00, 0x00, 0x00, 0x00, 0x00, 
	0x00, 0x00, 0x00, 0x00, 0x02, 0x00, 0x00, 0x38, 0xFD, 0x00, 0x00, 0x00, 0x00, 0x00, 0x01, 0x20, 
	0x00, 0x00, 0x80, 0x00, 0x00, 0x00, 0x00, 0x00, 0x10, 0x00, 0x00, 0x00, 0x00, 0x00, 0x00, 0x01, 
	0x20, 0x00, 0x00, 0x00, 0x00, 0x10, 0x00, 0x00, 0x00, 0x00, 0x08, 0x00, 0x00, 0x00, 0x00, 0x00, 
	0x00, 0x00, 0x04, 0x00, 0x00, 0x00, 0x00, 0x00, 0x04, 0x00, 0x01, 0x00, 0x00, 0x00, 0x00, 0x00, 
	0x00, 0x00, 0x00, 0x00, 0x00, 0x00, 0x00, 0x00, 0x00, 0x00, 0x00, 0x00, 0x00, 0x00, 0x00, 0x00, 
	0x01, 0x00, 0x00, 0x00, 0x30, 0xFC, 0x0A, 0x00, 0x00, 0x00, 0x00, 0x00, 0x00, 0x00, 0x00, 0x00, 
	0x00, 0x00, 0x00, 0x00, 0x00, 0x00, 0x00, 0x00, 0x00, 0x00, 0x00, 0x00, 0x00, 0x00, 0x00, 0x00, 
	0x00, 0x00, 0x00, 0x00, 0x00, 0x00, 0x00, 0x00, 0x00, 0x00, 0x00, 0x00, 0x00, 0x00, 0x00, 0x00, 
	0x00, 0x00, 0x00, 0x20, 0x00, 0x00, 0x00, 0x00, 0x00, 0x00, 0x00, 0x00, 0x00, 0x00, 0x00, 0x00, 
	0x00, 0x00, 0x00, 0x00, 0x00, 0x00, 0x00, 0x00, 0x80, 0x00, 0x00, 0x00, 0x00, 0x00, 0x00, 0x00, 
	0x00, 0x10, 0xFD, 0x00, 0x00, 0x00, 0x00, 0x00, 0x00, 0x00, 0x00, 0x00, 0x00, 0x00, 0x00, 0x00, 
	0x00, 0x00, 0x00, 0x00, 0x00, 0x00, 0x00, 0x00, 0x00, 0x00, 0x00, 0x00, 0x00, 0x00, 0x00, 0x00, 
	0x00, 0x00, 0x00, 0x40, 0x00, 0x00, 0x00, 0x00, 0x00, 0x00, 0x00, 0x00, 0x00, 0x00, 0x10, 0x00, 
	0x00, 0x00, 0x00, 0x00, 0x00, 0x00, 0x00, 0x00, 0x00, 0x00, 0x00, 0x00, 0x00, 0x00, 0x00, 0x00, 
	0x00, 0x00, 0x00, 0x00, 0x00, 0x00, 0x00, 0x00, 0x00, 0x00, 0x00, 0x00, 0x00, 0x00, 0x88, 0xFA, 
	0x00, 0x00, 0x80, 0x00, 0x00, 0x00, 0x00, 0x00, 0x00, 0x00, 0x00, 0x00, 0x00, 0x00, 0x00, 0x00, 
	0x00, 0x00, 0x00, 0x00, 0x00, 0x00, 0x00, 0x00, 0x00, 0x00, 0x00, 0x00, 0x00, 0x00, 0x00, 0x00, 
	0x00, 0x00, 0x00, 0x00, 0x40, 0x00, 0x00, 0x01, 0x00, 0x00, 0x00, 0x00, 0x00, 0x00, 0x00, 0x00, 
	0x00, 0x00, 0x00, 0x00, 0x00, 0x00, 0x00, 0x00, 0x00, 0x00, 0x00, 0x00, 0x00, 0x00, 0x00, 0x00, 
	0x00, 0x00, 0x00, 0x00, 0x00, 0x00, 0x00, 0x00, 0x04, 0x00, 0x00, 0x00, 0xFA, 0x00, 0x00, 0x00, 
	0x00, 0x00, 0x00, 0x00, 0x00, 0x00, 0x00, 0x00, 0x00, 0x00, 0x00, 0x00, 0x00, 0x00, 0x00, 0x10, 
	0x00, 0x00, 0x00, 0x00, 0x00, 0x00, 0x00, 0x00, 0x00, 0x00, 0x00, 0x00, 0x00, 0x00, 0x00, 0x00, 
	0x00, 0x00, 0x00, 0x00, 0x00, 0x00, 0x00, 0x02, 0x00, 0x00, 0x00, 0x00, 0x00, 0x00, 0x04, 0x00, 
	0x00, 0x00, 0x00, 0x40, 0x00, 0x00, 0x00, 0x00, 0x00, 0x00, 0x00, 0x00, 0x00, 0x00, 0x00, 0x00, 
	0x01, 0x00, 0x00, 0x00, 0x00, 0x04, 0x00, 0x00, 0xA8, 0xFC, 0x00, 0x00, 0x00, 0x00, 0x00, 0x00, 
	0x00, 0x00, 0x00, 0x00, 0x00, 0x00, 0x00, 0x00, 0x00, 0x00, 0x00, 0x00, 0x00, 0x00, 0x00, 0x00, 
	0x00, 0x00, 0x00, 0x00, 0x00, 0x00, 0x08, 0x00, 0x00, 0x00, 0x00, 0x10, 0x00, 0x00, 0x00, 0x00, 
	0x00, 0x00, 0x00, 0x00, 0x00, 0x00, 0x00, 0x00, 0x00, 0x00, 0x00, 0x00, 0x00, 0x00, 0x00, 0x00, 
	0x00, 0x00, 0x00, 0x00, 0x00, 0x00, 0x40, 0x00, 0x00, 0x00, 0x00, 0x00, 0x04, 0x00, 0x00, 0x40, 
	0x00, 0x00, 0x00, 0x08, 0x00, 0xC8, 0xFB, 0x00, 0x00, 0x00, 0x00, 0x00, 0x00, 0x00, 0x00, 0x00, 
	0x00, 0x00, 0x00, 0x00, 0x00, 0x00, 0x00, 0x00, 0x00, 0x00, 0x00, 0x00, 0x00, 0x80, 0x04, 0x00, 
	0x04, 0x00, 0x00, 0x00, 0x00, 0x00, 0x00, 0x00, 0x00, 0x00, 0x00, 0x00, 0x00, 0x00, 0x00, 0x00, 
	0x00, 0x00, 0x00, 0x00, 0x00, 0x00, 0x00, 0x00, 0x00, 0x00, 0x00, 0x00, 0x00, 0x00, 0x00, 0x00, 
	0x00, 0x00, 0x00, 0x00, 0x00, 0x00, 0x10, 0x00, 0x00, 0x00, 0x00, 0x00, 0x00, 0x00, 0x00, 0x00, 
	0x00, 0x00, 0xC0, 0xFB, 0x00, 0x00, 0x00, 0x00, 0x00, 0x00, 0x00, 0x04, 0x00, 0x00, 0x00, 0x00, 
	0x00, 0x00, 0x00, 0x00, 0x00, 0x00, 0x00, 0x00, 0x00, 0x00, 0x00, 0x04, 0x00, 0x00, 0x40, 0x00, 
	0x00, 0x00, 0x00, 0x00, 0x00, 0x00, 0x00, 0x00, 0x00, 0x00, 0x00, 0x00, 0x00, 0x00, 0x00, 0x00, 
	0x00, 0x00, 0x00, 0x00, 0x00, 0x00, 0x00, 0x00, 0x00, 0x00, 0x00, 0x00, 0x00, 0x00, 0x00, 0x00, 
	0x00, 0x00, 0x00, 0x00, 0x00, 0x00, 0x00, 0x00, 0x00, 0x00, 0x00, 0x00, 0x00, 0x00, 0x08, 0x58, 
	0xFF, 0x00, 0x00, 0x00, 0x00, 0x00, 0x00, 0x00, 0x40, 0x00, 0x00, 0x00, 0x00, 0x00, 0x00, 0x00, 
	0x00, 0x00, 0x00, 0x00, 0x00, 0x00, 0x00, 0x00, 0x00, 0x00, 0x00, 0x00, 0x00, 0x00, 0x00, 0x00, 
	0x00, 0x00, 0x00, 0x00, 0x00, 0x00, 0x00, 0x00, 0x00, 0x20, 0x00, 0x04, 0x00, 0x00, 0x00, 0x00, 
	0x00, 0x00, 0x00, 0x00, 0x00, 0x00, 0x00, 0x00, 0x00, 0x00, 0x00, 0x00, 0x00, 0x00, 0x00, 0x00, 
	0x00, 0x00, 0x00, 0x00, 0x00, 0x00, 0x00, 0x00, 0x00, 0x00, 0x00, 0x00, 0xA9, 0xFC, 0x00, 0x20, 
	0x00, 0x00, 0x04, 0x00, 0x00, 0x00, 0x00, 0x00, 0x00, 0x00, 0x00, 0x00, 0x00, 0x00, 0x00, 0x00, 
	0x00, 0x00, 0x00, 0x00, 0x00, 0x00, 0x00, 0x00, 0x00, 0x00, 0x00, 0x00, 0x04, 0x00, 0x00, 0x00, 
	0x00, 0x00, 0x00, 0x00, 0x00, 0x00, 0x00, 0x00, 0x00, 0x00, 0x00, 0x00, 0x00, 0x00, 0x00, 0x00, 
	0x00, 0x00, 0x00, 0x00, 0x00, 0x00, 0x00, 0x00, 0x00, 0x00, 0x00, 0x00, 0x00, 0x00, 0x00, 0x00, 
	0x00, 0x00, 0x00, 0x00, 0x00, 0x00, 0x00, 0x00, 0x00, 0xF8, 0xFD, 0x00, 0x00, 0x00, 0x00, 0x00, 
	0x00, 0x00, 0x00, 0x00, 0x00, 0x00, 0x00, 0x00, 0x00, 0x00, 0x00, 0x00, 0x00, 0x00, 0x00, 0x00, 
	0x00, 0x00, 0x00, 0x00, 0x00, 0x00, 0x00, 0x00, 0x00, 0x00, 0x00, 0x00, 0x00, 0x00, 0x00, 0x10, 
	0x00, 0x00, 0x00, 0x00, 0x00, 0x00, 0x00, 0x00, 0x00, 0x00, 0x00, 0x00, 0x00, 0x00, 0x00, 0x00, 
	0x00, 0x00, 0x00, 0x00, 0x00, 0x00, 0x00, 0x00, 0x08, 0x00, 0x00, 0x00, 0x00, 0x40, 0x00, 0x00, 
	0x00, 0x00, 0x00, 0x00, 0x00, 0x00, 0x40, 0xFF, 0x00, 0x00, 0x00, 0x00, 0x00, 0x00, 0x00, 0x00, 
	0x00, 0x00, 0x00, 0x00, 0x00, 0x00, 0x00, 0x00, 0x00, 0x00, 0x00, 0x00, 0x00, 0x00, 0x00, 0x00, 
	0x00, 0x00, 0x00, 0x00, 0x00, 0x00, 0x00, 0x00, 0x00, 0x00, 0x00, 0x00, 0x00, 0x00, 0x00, 0x00, 
	0x00, 0x00, 0x00, 0x10, 0x00, 0x00, 0x00, 0x00, 0x00, 0x00, 0x00, 0x00, 0x00, 0x00, 0x00, 0x00, 
	0x00, 0x00, 0x20, 0x00, 0x00, 0x00, 0x00, 0x00, 0x00, 0x00, 0x00, 0x00, 0x20, 0x00, 0x00, 0x00, 
	0x00, 0x00, 0x00, 0xA8, 0xFE, 0x00, 0x00, 0x00, 0x00, 0x00, 0x10, 0x00, 0x00, 0x00, 0x00, 0x00, 
	0x00, 0x00, 0x00, 0x00, 0x00, 0x00, 0x00, 0x00, 0x20, 0x00, 0x00, 0x00, 0x00, 0x00, 0x00, 0x00, 
	0x00, 0x00, 0x00, 0x00, 0x00, 0x00, 0x02, 0x00, 0x00, 0x00, 0x00, 0x00, 0x00, 0x00, 0x01, 0x00, 
	0x00, 0x00, 0x00, 0x00, 0x00, 0x00, 0x00, 0x00, 0x00, 0x00, 0x00, 0x00, 0x00, 0x00, 0x00, 0x00, 
	0x00, 0x00, 0x00, 0x00, 0x00, 0x00, 0x00, 0x00, 0x00, 0x01, 0x00, 0x00, 0x00, 0x00, 0x40, 0x00, 
	0xD8, 0xFA, 0x00, 0x00, 0x00, 0x00, 0x00, 0x00, 0x00, 0x00, 0x00, 0x00, 0x00, 0x00, 0x00, 0x00, 
	0x00, 0x00, 0x00, 0x00, 0x00, 0x00, 0x00, 0x08, 0x00, 0x00, 0x10, 0x01, 0x00, 0x00, 0x00, 0x00, 
	0x00, 0x00, 0x00, 0x00, 0x00, 0x00, 0x00, 0x00, 0x00, 0x00, 0x00, 0x00, 0x00, 0x00, 0x00, 0x00, 
	0x00, 0x00, 0x00, 0x00, 0x00, 0x00, 0x00, 0x00, 0x00, 0x00, 0x00, 0x00, 0x00, 0x00, 0x00, 0x04, 
	0x00, 0x00, 0x00, 0x04, 0x00, 0x00, 0x00, 0x00, 0x00, 0x00, 0x00, 0x00, 0x00, 0xC0, 0xFA, 0x40, 
	0x00, 0x00, 0x00, 0x00, 0x00, 0x00, 0x08, 0x00, 0x00, 0x20, 0x00, 0x00, 0x00, 0x00, 0x00, 0x00, 
	0x00, 0x40, 0x00, 0x00, 0x00, 0x00, 0x00, 0x00, 0x00, 0x00, 0x00, 0x00, 0x00, 0x00, 0x00, 0x00, 
	0x00, 0x00, 0x00, 0x00, 0x00, 0x00, 0x00, 0x00, 0x00, 0x00, 0x00, 0x00, 0x00, 0x00, 0x00, 0x00, 
	0x00, 0x00, 0x00, 0x00, 0x00, 0x00, 0x00, 0x00, 0x00, 0x00, 0x00, 0x00, 0x00, 0x00, 0x00, 0x00, 
	0x00, 0x00, 0x00, 0x00, 0x00, 0x00, 0x40, 0x00, 0x00, 0x00, 0x30, 0xF9, 0x00, 0x00, 0x00, 0x00, 
	0x00, 0x00, 0x00, 0x00, 0x00, 0x00, 0x00, 0x00, 0x00, 0x00, 0x00, 0x04, 0x00, 0x00, 0x00, 0x00, 
	0x00, 0x00, 0x00, 0x00, 0x00, 0x00, 0x00, 0x01, 0x00, 0x00, 0x00, 0x01, 0x00, 0x00, 0x00, 0x00, 
	0x00, 0x00, 0x80, 0x00, 0x00, 0x00, 0x00, 0x00, 0x00, 0x00, 0x00, 0x00, 0x00, 0x00, 0x00, 0x00, 
	0x00, 0x00, 0x00, 0x00, 0x00, 0x00, 0x00, 0x00, 0x00, 0x00, 0x00, 0x00, 0x00, 0x00, 0x40, 0x00, 
	0x00, 0x00, 0x00, 0x00, 0x00, 0x00, 0x00, 0x44, 0xFF, 0x00, 0x00, 0x00, 0x00, 0x00, 0x00, 0x00, 
	0x00, 0x00, 0x00, 0x00, 0x00, 0x00, 0x00, 0x00, 0x00, 0x00, 0x00, 0x00, 0x00, 0x00, 0x00, 0x00, 
	0x00, 0x00, 0x00, 0x00, 0x00, 0x00, 0x00, 0x00, 0x00, 0x00, 0x00, 0x00, 0x00, 0x80, 0x00, 0x00, 
	0x00, 0x00, 0x00, 0x00, 0x00, 0x00, 0x00, 0x00, 0x00, 0x00, 0x00, 0x00, 0x00, 0x00, 0x04, 0x00, 
	0x00, 0x00, 0x00, 0x00, 0x00, 0x40, 0x00, 0x00, 0x00, 0x00, 0x00, 0x00, 0x00, 0x00, 0x00, 0x00, 
	0x00, 0x00, 0x00, 0x00, 0x18, 0xFF, 0x00, 0x00, 0x00, 0x00, 0x10, 0x00, 0x00, 0x00, 0x00, 0x00, 
	0x00, 0x00, 0x00, 0x00, 0x04, 0x00, 0x00, 0x10, 0x00, 0x00, 0x40, 0x00, 0x00, 0x00, 0x00, 0x20, 
	0x00, 0x00, 0x00, 0x00, 0x00, 0x00, 0x00, 0x00, 0x00, 0x00, 0x00, 0x00, 0x00, 0x00, 0x00, 0x00, 
	0x00, 0x00, 0x00, 0x00, 0x04, 0x80, 0x00, 0x08, 0x00, 0x00, 0x00, 0x00, 0x08, 0x00, 0x01, 0x20, 
	0x02, 0x04, 0x80, 0x00, 0x01, 0x00, 0x00, 0x00, 0x00, 0x00, 0x00, 0x00, 0x10, 0x00, 0x20, 0x00, 
	0x00, 0x30, 0xFE, 0x08, 0x00, 0x04, 0x00, 0x00, 0x00, 0x00, 0x00, 0x00, 0x01, 0x00, 0x00, 0x00, 
	0x00, 0x20, 0x08, 0x00, 0x00, 0x00, 0x10, 0x00, 0x00, 0x00, 0x00, 0x00, 0x00, 0x00, 0x00, 0x00, 
	0x00, 0x00, 0x00, 0x00, 0x00, 0x00, 0x00, 0x20, 0x00, 0x00, 0x00, 0x00, 0x00, 0x00, 0x00, 0x00, 
	0x00, 0x00, 0x00, 0x20, 0x00, 0x00, 0x00, 0x00, 0x00, 0x00, 0x00, 0x40, 0x00, 0x00, 0x00, 0x08, 
	0x00, 0x00, 0x22, 0x00, 0x04, 0x00, 0x02, 0x00, 0x00, 0x00, 0x80, 0x00, 0x00, 0x00, 0x18, 0xF9, 
	0x00, 0x40, 0x10, 0x20, 0x01, 0x80, 0x00, 0x00, 0x84, 0x00, 0x01, 0x00, 0x00, 0x00, 0x40, 0x10, 
	0x04, 0x00, 0x00, 0x20, 0x00, 0x00, 0x00, 0x08, 0x00, 0x00, 0x00, 0x00, 0x00, 0x08, 0x00, 0x00, 
	0x00, 0x00, 0x00, 0x00, 0x00, 0x00, 0x00, 0x00, 0x00, 0x00, 0x00, 0x00, 0x08, 0x20, 0x00, 0x00, 
	0x00, 0x00, 0x00, 0x10, 0x08, 0x00, 0x00, 0x00, 0x00, 0x00, 0x00, 0x00, 0x00, 0x80, 0x80, 0x00, 
	0x00, 0x00, 0x44, 0x00, 0x00, 0x00, 0x00, 0x81, 0x00, 0x10, 0x00, 0xB8, 0xFD, 0x00, 0x28, 0xAD, 
	0xA6, 0x00, 0x50, 0x00, 0x00, 0xD0, 0x00, 0x02, 0x00, 0x00, 0x10, 0x80, 0x0D, 0x20, 0x00, 0x40, 
	0xC0, 0x00, 0x00, 0x00, 0x48, 0x01, 0x00, 0x00, 0x75, 0x00, 0x20, 0x00, 0x00, 0x00, 0x00, 0x00, 
	0x00, 0x50, 0x00, 0x00, 0x00, 0x00, 0x00, 0x00, 0x00, 0x10, 0x20, 0x00, 0x00, 0x10, 0x00, 0x80, 
	0x82, 0x02, 0x00, 0x00, 0x00, 0x20, 0x04, 0x00, 0x00, 0x08, 0x80, 0x00, 0x26, 0x00, 0x84, 0xD2, 
	0x00, 0x00, 0x00, 0x00, 0xE8, 0x00, 0x14, 0x00, 0x10, 0xFB, 0x00, 0x89, 0x12, 0x00, 0x02, 0x01, 
	0x18, 0x18, 0x02, 0x02, 0x60, 0x00, 0x04, 0x84, 0x28, 0x80, 0x08, 0x06, 0x80, 0x24, 0x10, 0x02, 
	0x61, 0x40, 0xAC, 0x00, 0x00, 0x90, 0x22, 0x01, 0x00, 0x00, 0x00, 0x00, 0x00, 0x00, 0x00, 0x00, 
	0x00, 0x00, 0x00, 0x00, 0x00, 0x40, 0x08, 0x00, 0x20, 0x28, 0x06, 0x00, 0x60, 0x02, 0x00, 0x80, 
	0x00, 0x00, 0x00, 0x80, 0x94, 0x01, 0x20, 0xA4, 0x82, 0x60, 0x10, 0x80, 0x04, 0x02, 0x00, 0x00, 
	0x91, 0x08, 0x04, 0xD0, 0x00, 0x78, 0xFB, 0x00, 0x00, 0x08, 0x80, 0x00, 0x01, 0x00, 0x08, 0x00, 
	0x00, 0x10, 0x00, 0x02, 0x40, 0x00, 0x00, 0x20, 0x01, 0x00, 0x20, 0x00, 0x80, 0x00, 0x00, 0x00, 
	0x00, 0x00, 0x00, 0x00, 0x00, 0x00, 0x00, 0x00, 0x00, 0x00, 0x00, 0x00, 0x00, 0x00, 0x00, 0x00, 
	0x00, 0x00, 0x00, 0x00, 0x00, 0x00, 0x00, 0x00, 0x00, 0x40, 0x00, 0x00, 0x00, 0x00, 0x00, 0x00, 
	0x00, 0x00, 0x01, 0x00, 0x00, 0x02, 0x40, 0x00, 0x00, 0x02, 0x00, 0x00, 0x00, 0x00, 0x00, 0x00, 
	0x10, 0x00, 0xA0, 0xFF, 0x40, 0x00, 0x00, 0x00, 0x00, 0x00, 0x20, 0x04, 0x04, 0x01, 0x20, 0x00, 
	0x00, 0x00, 0x40, 0x00, 0x00, 0x02, 0x20, 0x00, 0x04, 0x04, 0x80, 0x20, 0x20, 0x00, 0x00, 0x00, 
	0x10, 0x00, 0x00, 0x00, 0x00, 0x00, 0x00, 0x00, 0x00, 0x00, 0x00, 0x00, 0x00, 0x00, 0x00, 0x10, 
	0x10, 0x00, 0x40, 0x04, 0x08, 0x00, 0x00, 0x00, 0x00, 0x00, 0x00, 0x00, 0x00, 0x00, 0x80, 0x00, 
	0x10, 0x20, 0x80, 0x00, 0x40, 0x00, 0x40, 0x00, 0x00, 0x00, 0x00, 0x00, 0x00, 0x00, 0x00, 0x18, 
	0xF9, 0x10, 0x00, 0x00, 0x00, 0x00, 0x00, 0x00, 0x00, 0x00, 0x00, 0x00, 0x00, 0x00, 0x00, 0x00, 
	0x00, 0x00, 0x00, 0x00, 0x00, 0x00, 0x00, 0x00, 0x00, 0x00, 0x00, 0x00, 0x00, 0x00, 0x00, 0x00, 
	0x00, 0x00, 0x00, 0x00, 0x00, 0x00, 0x00, 0x00, 0x00, 0x00, 0x00, 0x00, 0x00, 0x00, 0x00, 0x00, 
	0x00, 0x00, 0x00, 0x00, 0x00, 0x00, 0x00, 0x00, 0x00, 0x00, 0x00, 0x00, 0x00, 0x00, 0x00, 0x00, 
	0x00, 0x00, 0x20, 0x00, 0x40, 0x00, 0x08, 0x00, 0x00, 0x20, 0x00, 0x00, 0xA4, 0xFD, 0x00, 0x00, 
	0x00, 0x00, 0x00, 0x00, 0x00, 0x00, 0x00, 0x00, 0x00, 0x00, 0x00, 0x00, 0x00, 0x00, 0x00, 0x80, 
	0x00, 0x00, 0x00, 0x00, 0x00, 0x00, 0x00, 0x00, 0x00, 0x00, 0x00, 0x00, 0x10, 0x04, 0x00, 0x00, 
	0x00, 0x00, 0x00, 0x00, 0x0A, 0x00, 0x00, 0x00, 0x00, 0x00, 0x00, 0x00, 0x00, 0x00, 0x00, 0x00, 
	0x00, 0x00, 0x00, 0x00, 0x00, 0x00, 0x00, 0x04, 0x00, 0x00, 0x00, 0x00, 0x00, 0x00, 0x00, 0x00, 
	0x00, 0x00, 0x00, 0x00, 0x01, 0x00, 0x00, 0x00, 0x00, 0xE0, 0xFE, 0x20, 0x02, 0x00, 0x00, 0x00, 
	0x00, 0x00, 0x00, 0x00, 0x00, 0x00, 0x00, 0x00, 0x00, 0x00, 0x08, 0x00, 0x00, 0x00, 0x00, 0x00, 
	0x00, 0x00, 0x00, 0x00, 0x00, 0x00, 0x04, 0x00, 0x00, 0x00, 0x00, 0x00, 0x00, 0x00, 0x00, 0x00, 
	0x00, 0x00, 0x00, 0x00, 0x08, 0x00, 0x00, 0x00, 0x00, 0x00, 0x00, 0x00, 0x00, 0x00, 0x00, 0x00, 
	0x00, 0x00, 0x00, 0x00, 0x00, 0x00, 0x00, 0x00, 0x00, 0x00, 0x00, 0x00, 0x00, 0x00, 0x00, 0x00, 
	0x00, 0x00, 0x00, 0x00, 0x00, 0x00, 0x70, 0xF9, 0x00, 0x00, 0x01, 0x00, 0x00, 0x00, 0x00, 0x00, 
	0x00, 0x00, 0x00, 0x00, 0x00, 0x00, 0x00, 0x00, 0x00, 0x00, 0x00, 0x00, 0x00, 0x00, 0x00, 0x00, 
	0x00, 0x00, 0x00, 0x00, 0x02, 0x00, 0x80, 0x08, 0x00, 0x20, 0x00, 0x00, 0x00, 0x80, 0x40, 0x00, 
	0x00, 0x00, 0x00, 0x00, 0x00, 0x00, 0x00, 0x00, 0x00, 0x00, 0x00, 0x00, 0x00, 0x00, 0x00, 0x00, 
	0x00, 0x00, 0x00, 0x00, 0x00, 0x00, 0x00, 0x00, 0x00, 0x00, 0x00, 0x00, 0x00, 0x10, 0x00, 0x00, 
	0x00, 0x00, 0x00, 0xB8, 0xF9, 0x08, 0x00, 0x00, 0x00, 0x00, 0x00, 0x00, 0x00, 0x00, 0x00, 0x00, 
	0x00, 0x00, 0x00, 0x00, 0x00, 0x00, 0x00, 0x00, 0x00, 0x00, 0x00, 0x00, 0x00, 0x00, 0x00, 0x00, 
	0x00, 0x00, 0x20, 0x00, 0x00, 0x00, 0x00, 0x00, 0x00, 0x00, 0x00, 0x00, 0x00, 0x00, 0x00, 0x00, 
	0x00, 0x00, 0x00, 0x00, 0x00, 0x00, 0x00, 0x00, 0x00, 0x00, 0x00, 0x80, 0x00, 0x00, 0x00, 0x00, 
	0x00, 0x00, 0x00, 0x00, 0x00, 0x00, 0x00, 0x00, 0x00, 0x00, 0x00, 0x00, 0x00, 0x00, 0x00, 0x00, 
	0x10, 0xFD, 0x00, 0x00, 0x00, 0x80, 0x00, 0x10, 0x00, 0x00, 0x00, 0x00, 0x04, 0x00, 0x00, 0x00, 
	0x00, 0x00, 0xC0, 0x00, 0x00, 0x00, 0x02, 0x00, 0x00, 0x08, 0x00, 0x02, 0x20, 0x00, 0x00, 0x00, 
	0x00, 0x00, 0x00, 0x00, 0x00, 0x00, 0x00, 0x00, 0x00, 0x00, 0x00, 0x00, 0x00, 0x00, 0x00, 0x00, 
	0x00, 0x48, 0x00, 0x10, 0x21, 0x00, 0x02, 0x80, 0x00, 0x30, 0x00, 0x01, 0x40, 0x00, 0x0A, 0x00, 
	0x18, 0x20, 0x00, 0x40, 0x00, 0x08, 0x00, 0x00, 0x02, 0x00, 0x00, 0x80, 0x00, 0x90, 0xF8, 0x00, 
	0x01, 0x00, 0x00, 0x00, 0x00, 0x00, 0x00, 0x00, 0x00, 0x00, 0x00, 0x00, 0x00, 0x00, 0x00, 0x00, 
	0x00, 0x00, 0x00, 0x00, 0x00, 0x00, 0x00, 0x00, 0x10, 0x00, 0x00, 0x00, 0x00, 0x00, 0x00, 0x00, 
	0x00, 0x00, 0x00, 0x00, 0x00, 0x00, 0x00, 0x00, 0x00, 0x00, 0x00, 0x00, 0x00, 0x00, 0x50, 0x80, 
	0x02, 0x10, 0x00, 0x08, 0x00, 0x04, 0x28, 0x00, 0x05, 0x20, 0x00, 0x14, 0x80, 0x01, 0x00, 0x01, 
	0x42, 0x00, 0x00, 0x20, 0x40, 0x21, 0x20, 0x00, 0x86, 0x00, 0x18, 0xFC, 0x00, 0x00, 0x00, 0x00, 
	0x00, 0x00, 0x00, 0x00, 0x00, 0x00, 0x00, 0x00, 0x00, 0x00, 0x40, 0x00, 0x00, 0x00, 0x01, 0x00, 
	0x00, 0x00, 0x00, 0x00, 0x00, 0x00, 0x02, 0x00, 0x00, 0x00, 0x00, 0x00, 0x00, 0x00, 0x00, 0x00, 
	0x02, 0x00, 0x00, 0x00, 0x00, 0x00, 0x00, 0x40, 0x00, 0x00, 0x40, 0x00, 0x00, 0x00, 0x00, 0x20, 
	0x00, 0x00, 0x80, 0x00, 0x00, 0x00, 0x00, 0x40, 0x00, 0x00, 0x00, 0x01, 0x20, 0x00, 0x00, 0x81, 
	0x00, 0x01, 0x00, 0x00, 0x00, 0x00, 0x00, 0x00, 0xFF, 0x00, 0x00, 0x00, 0x00, 0x08, 0x00, 0x01, 
	0x00, 0x00, 0x04, 0x00, 0x00, 0x00, 0x00, 0x00, 0x40, 0x00, 0x00, 0x00, 0x00, 0x00, 0x00, 0x04, 
	0x80, 0x00, 0x00, 0x00, 0x00, 0x40, 0x00, 0x00, 0x00, 0x00, 0x00, 0x00, 0x20, 0x00, 0x00, 0x00, 
	0x00, 0x00, 0x00, 0x00, 0x00, 0x01, 0x00, 0x00, 0x00, 0x00, 0x00, 0x00, 0x00, 0x00, 0x00, 0x00, 
	0x00, 0x00, 0x00, 0x00, 0x00, 0x00, 0x00, 0x00, 0x00, 0x00, 0x00, 0x00, 0x00, 0x00, 0x80, 0x00, 
	0x00, 0x00, 0x00, 0x00, 0x58, 0xF8, 0x00, 0x00, 0x00, 0x00, 0x00, 0x00, 0x00, 0x00, 0x40, 0x00, 
	0x00, 0x00, 0x00, 0x00, 0x00, 0x00, 0x00, 0x00, 0x00, 0x00, 0x00, 0x00, 0x00, 0x00, 0x08, 0x00, 
	0x00, 0x00, 0x00, 0x00, 0x02, 0x00, 0x00, 0x00, 0x02, 0x20, 0x00, 0x00, 0x01, 0x00, 0x00, 0x00, 
	0x01, 0x00, 0x10, 0x00, 0x00, 0x00, 0x00, 0x00, 0x00, 0x00, 0x00, 0x00, 0x00, 0x00, 0x00, 0x00, 
	0x00, 0x00, 0x00, 0x00, 0x00, 0x00, 0x00, 0x00, 0x00, 0x00, 0x00, 0x00, 0x00, 0x00, 0x00, 0x00, 
	0x00, 0xB0, 0xF9, 0x00, 0x00, 0x00, 0x00, 0x00, 0x00, 0x00, 0x00, 0x00, 0x00, 0x00, 0x00, 0x00, 
	0x00, 0x00, 0x00, 0x00, 0x00, 0x00, 0x00, 0x00, 0x00, 0x00, 0x00, 0x00, 0x00, 0x00, 0x00, 0x00, 
	0x00, 0x00, 0x00, 0x00, 0x00, 0x00, 0x00, 0x00, 0x00, 0x00, 0x00, 0x00, 0x00, 0x00, 0x00, 0x00, 
	0x00, 0x00, 0x00, 0x00, 0x00, 0x00, 0x00, 0x00, 0x00, 0x00, 0x00, 0x00, 0x00, 0x00, 0x00, 0x00, 
	0x00, 0x00, 0x00, 0x00, 0x00, 0x00, 0x00, 0x00, 0x01, 0x00, 0x00, 0x00, 0x00, 0x00, 0x88, 0xFE, 
	0x00, 0x00, 0x00, 0x00, 0x00, 0x00, 0x00, 0x02, 0x00, 0x00, 0x08, 0x00, 0x00, 0x00, 0x00, 0x00, 
	0x00, 0x00, 0x10, 0x03, 0x00, 0x00, 0x00, 0x00, 0x00, 0x00, 0x08, 0x00, 0x00, 0x00, 0x00, 0x00, 
	0x00, 0x00, 0x00, 0x00, 0x00, 0x00, 0x00, 0x00, 0x00, 0x00, 0x00, 0x00, 0x00, 0x00, 0x00, 0x01, 
	0x20, 0x01, 0x00, 0x00, 0x00, 0x10, 0x00, 0x02, 0x40, 0x02, 0x00, 0x00, 0x11, 0x60, 0x00, 0x00, 
	0x00, 0x00, 0x00, 0x00, 0x00, 0x80, 0x00, 0x00, 0x00, 0x00, 0x00, 0x70, 0xFD, 0x80, 0x09, 0x24, 
	0x01, 0x00, 0x00, 0x00, 0x0A, 0x43, 0x00, 0x28, 0x00, 0x20, 0x24, 0x00, 0x04, 0x42, 0x40, 0x11, 
	0x00, 0x02, 0x00, 0x0B, 0x0C, 0x00, 0x01, 0x80, 0x21, 0x04, 0x06, 0x00, 0x00, 0x00, 0x00, 0x00, 
	0x00, 0x00, 0x00, 0x00, 0x00, 0x00, 0x00, 0x00, 0x00, 0x00, 0x00, 0x00, 0x24, 0x81, 0x06, 0xC0, 
	0x10, 0x4A, 0x08, 0x13, 0x01, 0x00, 0x01, 0xA0, 0x40, 0x84, 0x80, 0x26, 0x01, 0x00, 0x1A, 0x40, 
	0x63, 0x08, 0x01, 0x21, 0x20, 0x00, 0x00, 0x00, 0xF0, 0xFE, 0x80, 0x81, 0x10, 0x20, 0x00, 0x00, 
	0x00, 0x00, 0x00, 0x00, 0x00, 0x40, 0x00, 0x00, 0x00, 0x00, 0x00, 0x00, 0x00, 0x00, 0x00, 0x00, 
	0x03, 0x00, 0x00, 0x00, 0x80, 0x01, 0x00, 0x00, 0x00, 0x00, 0x00, 0x00, 0x00, 0x00, 0x00, 0x00, 
	0x00, 0x00, 0x00, 0x00, 0x00, 0x00, 0x00, 0x00, 0x00, 0x10, 0x10, 0x06, 0xC0, 0x00, 0x10, 0x00, 
	0x03, 0x00, 0x00, 0x00, 0x00, 0x00, 0x00, 0x10, 0x06, 0x00, 0x00, 0x18, 0x10, 0x03, 0x00, 0x20, 
	0x00, 0x08, 0x00, 0x00, 0x00, 0x50, 0xFB, 0xE0, 0x01, 0x30, 0x00, 0x00, 0x00, 0x00, 0x00, 0x08, 
	0x83, 0x00, 0x00, 0x03, 0x80, 0x01, 0x10, 0x80, 0x01, 0xC0, 0x00, 0x18, 0x90, 0x03, 0x00, 0x00, 
	0x00, 0xC0, 0x01, 0x10, 0x20, 0x00, 0x00, 0x00, 0x00, 0x00, 0x00, 0x00, 0x00, 0x00, 0x00, 0x00, 
	0x00, 0x00, 0x00, 0x00, 0x00, 0x00, 0x30, 0x20, 0x06, 0xE2, 0x00, 0x00, 0x80, 0x03, 0x00, 0x00, 
	0x0C, 0x00, 0x00, 0x30, 0x88, 0x07, 0x00, 0x00, 0x1C, 0x88, 0x03, 0x60, 0x00, 0x0C, 0x00, 0x80, 
	0x00, 0x00, 0xC8, 0xFD, 0x80, 0x01, 0x20, 0x41, 0x00, 0x00, 0x00, 0x18, 0x01, 0x0B, 0x60, 0x84, 
	0x00, 0x80, 0x11, 0x81, 0x90, 0x00, 0xC0, 0x28, 0x18, 0x40, 0x03, 0x00, 0x00, 0x80, 0xA2, 0x01, 
	0x00, 0x02, 0x00, 0x00, 0x00, 0x00, 0x00, 0x00, 0x00, 0x00, 0x00, 0x00, 0x00, 0x00, 0x00, 0x00, 
	0x00, 0x00, 0x00, 0x20, 0x00, 0x00, 0xD0, 0x00, 0x90, 0x50, 0x03, 0x00, 0x00, 0x8C, 0x88, 0x05, 
	0x22, 0x00, 0x06, 0x04, 0x00, 0x5A, 0x40, 0x23, 0x44, 0x10, 0x08, 0x02, 0x00, 0x00, 0x00, 0x58, 
	0xF9, 0x00, 0x04, 0x00, 0x01, 0x00, 0x00, 0x00, 0x40, 0x04, 0x40, 0x00, 0x42, 0x2C, 0x00, 0x00, 
	0x01, 0x04, 0x46, 0x02, 0x10, 0x00, 0x02, 0x60, 0x00, 0x41, 0x20, 0x00, 0x00, 0x00, 0x04, 0x00, 
	0x00, 0x00, 0x00, 0x00, 0x00, 0x00, 0x00, 0x00, 0x00, 0x00, 0x00, 0x00, 0x00, 0x00, 0x00, 0x00, 
	0x80, 0x40, 0x10, 0x08, 0x84, 0x40, 0x20, 0x08, 0x00, 0x00, 0x00, 0x08, 0x04, 0xA0, 0x08, 0xC2, 
	0x00, 0x00, 0x00, 0x03, 0x00, 0x41, 0x08, 0x48, 0x00, 0x20, 0x00, 0x00, 0xE8, 0xFF, 0x60, 0x00, 
	0x0D, 0x10, 0x00, 0x00, 0x00, 0x16, 0xC0, 0x03, 0x58, 0x00, 0x0E, 0xE8, 0x01, 0x0C, 0x80, 0x07, 
	0xF0, 0x00, 0x1E, 0xC0, 0x00, 0x18, 0x00, 0x03, 0x64, 0x80, 0x0C, 0x00, 0x00, 0x00, 0x00, 0x00, 
	0x00, 0x00, 0x00, 0x00, 0x00, 0x00, 0x00, 0x00, 0x00, 0x00, 0x00, 0x00, 0x00, 0x0C, 0x80, 0x01, 
	0x30, 0x00, 0x06, 0xC0, 0x00, 0x02, 0x00, 0x0F, 0x60, 0x41, 0x1C, 0x80, 0x07, 0x00, 0x00, 0x1E, 
	0xC0, 0x03, 0x38, 0x00, 0x07, 0x68, 0x00, 0x00, 0x00, 0x38, 0xFC, 0x00, 0x00, 0x10, 0x00, 0x00, 
	0x00, 0x00, 0x18, 0x04, 0x00, 0x60, 0x00, 0x0C, 0x00, 0x40, 0x00, 0x20, 0x06, 0x00, 0x00, 0x00, 
	0x00, 0x00, 0x60, 0x00, 0x00, 0x04, 0x00, 0x00, 0x00, 0x00, 0x00, 0x00, 0x00, 0x00, 0x00, 0x00, 
	0x00, 0x00, 0x00, 0x00, 0x00, 0x00, 0x00, 0x00, 0x00, 0x00, 0x10, 0x20, 0x00, 0x01, 0x00, 0x00, 
	0x00, 0x00, 0x00, 0x00, 0x00, 0x82, 0x01, 0x10, 0x00, 0x06, 0x04, 0x00, 0x08, 0x00, 0x01, 0x20, 
	0x00, 0x04, 0x00, 0x80, 0x00, 0x00, 0x70, 0xFD, 0x00, 0x00, 0xB0, 0x10, 0x00, 0x00, 0x00, 0x18, 
	0x00, 0xA3, 0x60, 0x10, 0x0C, 0x80, 0x09, 0x80, 0x00, 0x06, 0xC0, 0x22, 0x58, 0x04, 0x00, 0x60, 
	0x84, 0x8C, 0x00, 0x00, 0x80, 0x10, 0x00, 0x00, 0x00, 0x08, 0x30, 0x05, 0x00, 0x00, 0x00, 0x00, 
	0x00, 0x04, 0x98, 0x15, 0x00, 0x00, 0x00, 0xB0, 0x00, 0x26, 0x00, 0x00, 0x00, 0x11, 0x00, 0x00, 
	0x00, 0x4C, 0x80, 0x51, 0xB0, 0x20, 0x46, 0x00, 0x00, 0x10, 0x21, 0x12, 0x61, 0x41, 0x2C, 0x84, 
	0x11, 0x00, 0x00, 0xC8, 0xFE, 0x00, 0x00, 0x04, 0x00, 0x00, 0x00, 0x00, 0x02, 0x40, 0x0A, 0x09, 
	0x82, 0x20, 0x24, 0x51, 0x00, 0x00, 0x00, 0x91, 0x82, 0x02, 0x40, 0x22, 0x28, 0x10, 0x00, 0x20, 
	0x00, 0x00, 0x00, 0x00, 0x00, 0x00, 0xDC, 0x47, 0x04, 0xFC, 0x31, 0x00, 0x00, 0x00, 0x00, 0x77, 
	0x15, 0xFE, 0xB8, 0x05, 0x26, 0x89, 0x16, 0x91, 0x82, 0x9A, 0x10, 0x03, 0x01, 0x00, 0x49, 0x00, 
	0x00, 0xB4, 0xC0, 0x26, 0x50, 0x02, 0x1A, 0x40, 0x00, 0x68, 0x22, 0x4D, 0x80, 0x01, 0x00, 0x00, 
	0xD8, 0xF9, 0x00, 0x00, 0x00, 0x00, 0x00, 0x00, 0x00, 0x00, 0x00, 0x01, 0x00, 0x00, 0x00, 0x00, 
	0x00, 0x00, 0x08, 0x00, 0x40, 0x00, 0x00, 0x00, 0x01, 0x02, 0x00, 0x00, 0x00, 0x00, 0x00, 0x08, 
	0x00, 0x00, 0x00, 0xDE, 0x20, 0x85, 0x01, 0x0C, 0x00, 0x00, 0x00, 0x02, 0x77, 0xD5, 0xEE, 0x86, 
	0x01, 0x00, 0x00, 0x06, 0x40, 0x00, 0x00, 0x00, 0x03, 0x00, 0x00, 0x04, 0x04, 0x00, 0x00, 0x00, 
	0x00, 0x82, 0x20, 0x18, 0x10, 0x00, 0x60, 0x00, 0x0C, 0x04, 0x80, 0x00, 0x00, 0xE0, 0xFA, 0x00, 
	0x00, 0x30, 0x08, 0x00, 0x00, 0x00, 0x00, 0x00, 0x03, 0x60, 0x40, 0x03, 0x00, 0x00, 0x0D, 0x80, 
	0x01, 0x40, 0x20, 0x18, 0x04, 0x81, 0x00, 0x00, 0x00, 0x80, 0x41, 0x0C, 0x00, 0x00, 0x00, 0x00, 
	0x5A, 0x89, 0x94, 0xA0, 0x09, 0x00, 0x00, 0x00, 0xC7, 0x77, 0x5D, 0xFE, 0xE4, 0x41, 0x00, 0x00, 
	0x06, 0x41, 0x00, 0x18, 0x80, 0x03, 0x00, 0x00, 0x0C, 0x00, 0x00, 0x10, 0x00, 0x02, 0x42, 0x20, 
	0x1C, 0x10, 0x03, 0x72, 0x00, 0x0E, 0xE4, 0x01, 0x00, 0x00, 0x50, 0xFE, 0x08, 0x00, 0x30, 0x01, 
	0x00, 0x00, 0x00, 0x00, 0x00, 0x12, 0x42, 0x02, 0x00, 0x80, 0x05, 0x00, 0x80, 0x00, 0xC0, 0x00, 
	0x18, 0x01, 0x0B, 0x60, 0x84, 0x00, 0x80, 0x09, 0x04, 0x00, 0x00, 0x00, 0x00, 0x5A, 0x00, 0x66, 
	0x19, 0x00, 0x00, 0x00, 0x00, 0xC3, 0x76, 0xB5, 0x7E, 0x80, 0x05, 0x30, 0x12, 0x46, 0xC0, 0x22, 
	0x00, 0x48, 0x03, 0x00, 0x00, 0x08, 0x01, 0x00, 0xA0, 0x08, 0x14, 0x80, 0x04, 0x1A, 0x01, 0x08, 
	0x68, 0x22, 0x0D, 0xA0, 0x41, 0x00, 0x00, 0x8A, 0xF8, 0x00, 0x00, 0x00, 0x04, 0x00, 0x00, 0x00, 
	0x00, 0x00, 0x10, 0x40, 0x0C, 0x4C, 0x08, 0x04, 0x32, 0x12, 0x46, 0x02, 0x04, 0x00, 0x02, 0x10, 
	0x00, 0x01, 0x00, 0x00, 0x00, 0x31, 0x12, 0x00, 0x00, 0x00, 0x1A, 0x60, 0xD1, 0xE0, 0x00, 0x00, 
	0x00, 0x00, 0xEE, 0x77, 0x7C, 0x76, 0x80, 0x80, 0x00, 0x01, 0x16, 0x02, 0x20, 0x40, 0x10, 0x08, 
	0x00, 0x00, 0x00, 0x02, 0x00, 0x00, 0x22, 0x00, 0xC1, 0x40, 0x00, 0x03, 0x08, 0x00, 0x0C, 0x80, 
	0x01, 0x04, 0x00, 0x00, 0xF0, 0xFA, 0x00, 0x00, 0x3C, 0x00, 0x00, 0x00, 0x00, 0x06, 0xC0, 0x00, 
	0x39, 0x00, 0x0E, 0xE0, 0x00, 0x3C, 0x80, 0x07, 0x30, 0x20, 0x1E, 0xC0, 0x00, 0x59, 0x10, 0x00, 
	0xE0, 0x01, 0x3C, 0x00, 0x00, 0x00, 0x00, 0xBC, 0x07, 0xD0, 0x0F, 0x00, 0x00, 0x00, 0x00, 0xEA, 
	0x07, 0xF4, 0x07, 0xE0, 0x01, 0x1C, 0xA0, 0x03, 0x30, 0x00, 0x1E, 0xC0, 0x00, 0x02, 0x00, 0x03, 
	0x00, 0x00, 0x0C, 0x80, 0x01, 0x30, 0x00, 0x1E, 0xC0, 0x00, 0x79, 0x00, 0x0F, 0x60, 0x80, 0x00, 
	0x00, 0xD8, 0xFC, 0x04, 0x00, 0x00, 0x00, 0x00, 0x00, 0x00, 0x00, 0x00, 0x01, 0x20, 0x20, 0x0C, 
	0x80, 0x01, 0x30, 0x00, 0x06, 0xC0, 0x40, 0x00, 0x00, 0x03, 0x61, 0x10, 0x00, 0x00, 0x40, 0x30, 
	0x00, 0x00, 0x00, 0x00, 0x1C, 0x00, 0x51, 0x00, 0x00, 0x00, 0x00, 0x00, 0x08, 0x80, 0x34, 0x00, 
	0x80, 0x00, 0x30, 0x00, 0x00, 0xC0, 0x00, 0x08, 0x00, 0x00, 0x00, 0x00, 0x04, 0x08, 0x00, 0x00, 
	0x10, 0x00, 0x02, 0x80, 0x08, 0x10, 0x00, 0x20, 0x20, 0x04, 0x84, 0x41, 0x00, 0x00, 0x29, 0xFC, 
	0x00, 0x00, 0x30, 0x0A, 0x00, 0x00, 0x00, 0x00, 0x00, 0x0B, 0x61, 0x02, 0x0C, 0x80, 0x45, 0x30, 
	0x00, 0x06, 0x80, 0x02, 0x18, 0x05, 0x0A, 0x60, 0x01, 0x00, 0x80, 0x01, 0x30, 0x00, 0x00, 0x00, 
	0x00, 0x00, 0x00, 0x08, 0x20, 0x0C, 0x00, 0x00, 0x00, 0x00, 0x00, 0x39, 0x00, 0x06, 0x44, 0x30, 
	0x09, 0x41, 0x81, 0x48, 0x50, 0x10, 0x00, 0x00, 0x00, 0x2C, 0x00, 0x00, 0x00, 0x02, 0x40, 0x00, 
	0x02, 0x50, 0x00, 0x08, 0x42, 0x02, 0x88, 0x80, 0x09, 0x00, 0x00, 0x70, 0xFA, 0x80, 0x09, 0x24, 
	0x81, 0x20, 0x02, 0x00, 0x00, 0x40, 0x0A, 0x29, 0x02, 0x20, 0x24, 0x05, 0x05, 0xA0, 0x00, 0xC0, 
	0x02, 0x59, 0x60, 0x22, 0x68, 0x00, 0x41, 0x20, 0x00, 0x04, 0x04, 0x00, 0x00, 0x00, 0xFA, 0xA9, 
	0x08, 0xAA, 0x00, 0x00, 0x00, 0x00, 0x4E, 0x20, 0x39, 0xEE, 0xA0, 0x21, 0x04, 0x80, 0x06, 0xC1, 
	0x44, 0x02, 0x43, 0x00, 0x00, 0x00, 0x4C, 0xB0, 0x01, 0x05, 0x80, 0x26, 0xD4, 0x00, 0x9A, 0x40, 
	0x91, 0x68, 0x02, 0x0D, 0x80, 0x09, 0x04, 0x10, 0x90, 0xF9, 0x80, 0x81, 0x10, 0x20, 0x00, 0x00, 
	0x00, 0x00, 0x00, 0x01, 0x00, 0x40, 0x00, 0x80, 0x00, 0x00, 0x00, 0x00, 0xC0, 0x00, 0x18, 0x00, 
	0x01, 0x02, 0x00, 0x00, 0x02, 0x00, 0x00, 0x00, 0x00, 0x00, 0x00, 0x1A, 0x21, 0x88, 0xAB, 0x00, 
	0x00, 0x00, 0x00, 0x5E, 0x66, 0xB9, 0xFF, 0x80, 0x01, 0x00, 0x00, 0x06, 0xC0, 0x00, 0x00, 0x00, 
	0x00, 0x00, 0x00, 0x0C, 0x80, 0x01, 0x00, 0x00, 0x06, 0xC0, 0x00, 0x18, 0x10, 0x00, 0x60, 0x20, 
	0x0C, 0x04, 0x80, 0x00, 0x00, 0xC8, 0xFA, 0xE0, 0x01, 0x10, 0x00, 0x06, 0x01, 0x00, 0x00, 0x00, 
	0x03, 0x01, 0x00, 0x03, 0x80, 0x00, 0x11, 0x00, 0x06, 0xE0, 0x00, 0x1C, 0x00, 0x81, 0x60, 0x20, 
	0x00, 0x80, 0x41, 0x00, 0x00, 0x00, 0x00, 0x00, 0x1A, 0x22, 0x0C, 0xFB, 0x09, 0x00, 0x00, 0x00, 
	0xDD, 0x66, 0xBD, 0xFF, 0x89, 0x01, 0x30, 0x08, 0x06, 0xE0, 0x00, 0x18, 0x04, 0x03, 0x00, 0x00, 
	0x0E, 0xC0, 0x01, 0x30, 0x80, 0x07, 0xC1, 0x00, 0x1C, 0x00, 0x00, 0x70, 0x00, 0x0E, 0xE4, 0x01, 
	0x10, 0x00, 0x00, 0xF8, 0x84, 0x01, 0xB0, 0x40, 0x44, 0x00, 0x00, 0x00, 0x00, 0x12, 0x00, 0x24, 
	0x00, 0x80, 0x11, 0x80, 0x10, 0x06, 0xD1, 0x00, 0x1A, 0x00, 0x23, 0x00, 0x02, 0x20, 0x84, 0x05, 
	0x00, 0x04, 0x00, 0x00, 0x00, 0xB2, 0x25, 0xAC, 0xAF, 0x08, 0x00, 0x00, 0x00, 0x41, 0x6E, 0xF1, 
	0xFF, 0x80, 0x09, 0x31, 0x01, 0x06, 0xD2, 0x00, 0x50, 0x00, 0x83, 0x00, 0x00, 0x0D, 0xA0, 0x09, 
	0x31, 0x42, 0x26, 0x00, 0x42, 0x5A, 0x10, 0x0B, 0x69, 0x42, 0x4D, 0xA0, 0x45, 0xA0, 0x20, 0x30, 
	0xF8, 0x04, 0x00, 0x00, 0x02, 0x24, 0x00, 0x00, 0x00, 0x00, 0x08, 0x04, 0x08, 0x8C, 0x00, 0x08, 
	0x00, 0x04, 0x80, 0x00, 0x04, 0x41, 0x08, 0x00, 0x00, 0x22, 0x20, 0x08, 0x00, 0x81, 0x00, 0x00, 
	0x00, 0x00, 0x36, 0x71, 0x0D, 0xAB, 0x02, 0x00, 0x00, 0x00, 0x13, 0x7E, 0xAD, 0xFF, 0x90, 0x91, 
	0x00, 0x04, 0x16, 0x02, 0x84, 0x90, 0x04, 0x00, 0x02, 0x00, 0x00, 0x80, 0x81, 0x00, 0x04, 0xC6, 
	0x00, 0x42, 0x00, 0x03, 0x00, 0x00, 0x0C, 0x80, 0x01, 0x04, 0x00, 0x04, 0x80, 0xFD, 0x60, 0x80, 
	0x0C, 0x90, 0x03, 0x01, 0x00, 0x00, 0xC0, 0x00, 0x18, 0x00, 0x0E, 0x64, 0x00, 0x0D, 0x80, 0x07, 
	0x30, 0x00, 0x06, 0xC0, 0x80, 0x78, 0x00, 0x03, 0xE0, 0x01, 0x0C, 0x10, 0x00, 0x00, 0x00, 0xB2, 
	0x32, 0x8D, 0x0A, 0x04, 0x00, 0x00, 0x00, 0x40, 0x97, 0x29, 0x0F, 0x65, 0x01, 0x3C, 0x80, 0x03, 
	0x30, 0x00, 0x0E, 0xC0, 0x03, 0x00, 0x00, 0x03, 0x64, 0x01, 0x3C, 0x80, 0x05, 0x30, 0x00, 0x1E, 
	0xC0, 0x82, 0x78, 0x00, 0x0F, 0x60, 0x80, 0x2C, 0x00, 0xF0, 0xFB, 0x00, 0x00, 0x30, 0x00, 0x02, 
	0x02, 0x00, 0x00, 0x00, 0x01, 0x00, 0x20, 0x0C, 0x80, 0x01, 0x00, 0x20, 0x00, 0x00, 0x00, 0x00, 
	0x00, 0x03, 0x61, 0x40, 0x00, 0x04, 0x00, 0x00, 0x20, 0x00, 0x00, 0x00, 0x16, 0x00, 0x0C, 0x00, 
	0x04, 0x00, 0x00, 0x00, 0x02, 0x00, 0x29, 0x00, 0x00, 0x01, 0x00, 0x08, 0x00, 0x00, 0x00, 0x08, 
	0x00, 0x80, 0x00, 0x00, 0x00, 0x00, 0x01, 0x00, 0x00, 0x02, 0x00, 0x80, 0x08, 0x00, 0x03, 0x21, 
	0x00, 0x04, 0x88, 0x41, 0x00, 0x00, 0x00, 0xF8, 0x00, 0x00, 0xA0, 0x10, 0x26, 0x00, 0x00, 0x00, 
	0x00, 0x0B, 0x41, 0x01, 0x0C, 0x00, 0x01, 0x81, 0x00, 0x26, 0x01, 0x00, 0x00, 0x00, 0x0A, 0x60, 
	0x01, 0x88, 0x80, 0x49, 0x20, 0x02, 0x00, 0x00, 0x00, 0x00, 0x00, 0x6A, 0x80, 0x04, 0x00, 0x00, 
	0x00, 0x00, 0x00, 0x00, 0x40, 0x41, 0x88, 0x30, 0x02, 0x20, 0x08, 0x00, 0x58, 0x20, 0x0B, 0x00, 
	0x00, 0x00, 0x00, 0x88, 0x30, 0x21, 0x14, 0xC2, 0x02, 0x10, 0x21, 0x03, 0x40, 0x40, 0x08, 0x80, 
	0x09, 0x20, 0x04, 0x18, 0xF9, 0x80, 0x09, 0x30, 0x91, 0x82, 0x00, 0x00, 0x00, 0x00, 0x23, 0x29, 
	0x08, 0x20, 0x24, 0x11, 0x04, 0xA0, 0x00, 0xC0, 0x18, 0x18, 0x49, 0x00, 0x68, 0x00, 0x0D, 0xA0, 
	0x41, 0x04, 0x00, 0x00, 0x00, 0x00, 0x8A, 0xFA, 0xEA, 0x3A, 0x21, 0x00, 0x00, 0x00, 0x54, 0x77, 
	0x80, 0xFF, 0xB0, 0x10, 0x24, 0x88, 0x06, 0x10, 0x00, 0x02, 0x40, 0x00, 0x00, 0x00, 0x29, 0x20, 
	0x04, 0x06, 0x80, 0x06, 0x10, 0x00, 0x42, 0x60, 0xA1, 0x28, 0x01, 0x0D, 0x20, 0x00, 0x04, 0x00, 
	0x28, 0xFF, 0x80, 0x81, 0x30, 0x00, 0x00, 0x00, 0x00, 0x00, 0x00, 0x03, 0x00, 0x00, 0x00, 0x80, 
	0x00, 0x01, 0x00, 0x00, 0xC0, 0x00, 0x18, 0x00, 0x00, 0x00, 0x00, 0x00, 0x80, 0x00, 0x00, 0x00, 
	0x00, 0x00, 0x00, 0x26, 0x51, 0xEB, 0xD1, 0x01, 0x00, 0x00, 0x00, 0xD4, 0x66, 0x00, 0xEE, 0x00, 
	0x81, 0x00, 0x00, 0x00, 0x00, 0x00, 0x00, 0x00, 0x00, 0x00, 0x00, 0x00, 0x02, 0x00, 0x00, 0x00, 
	0x00, 0x00, 0x00, 0x00, 0x00, 0x00, 0x00, 0x10, 0x0C, 0x00, 0x00, 0x00, 0x00, 0x28, 0xF8, 0xE0, 
	0x01, 0x38, 0x00, 0x00, 0x04, 0x00, 0x00, 0x80, 0x03, 0x00, 0x00, 0x03, 0x80, 0x40, 0x00, 0x00, 
	0x06, 0xE2, 0x00, 0x1C, 0x00, 0x83, 0x60, 0x00, 0x00, 0x80, 0x01, 0x31, 0x08, 0x00, 0x00, 0x00, 
	0x6E, 0x74, 0xFB, 0x3C, 0x05, 0x00, 0x00, 0x00, 0x6D, 0x76, 0x98, 0xFE, 0x82, 0x01, 0x00, 0x00, 
	0x00, 0xC0, 0x20, 0x18, 0x00, 0x03, 0x00, 0x00, 0x00, 0x80, 0x41, 0x30, 0x08, 0x00, 0xC0, 0x20, 
	0x18, 0x04, 0x00, 0x00, 0x00, 0x00, 0x80, 0x01, 0x00, 0x00, 0xC0, 0xFE, 0x80, 0x01, 0x34, 0x00, 
	0x16, 0x00, 0x00, 0x00, 0x40, 0x03, 0x00, 0x81, 0x00, 0x80, 0x11, 0x00, 0x05, 0x40, 0xD0, 0x00, 
	0x1A, 0x00, 0x0B, 0x60, 0x40, 0x40, 0x81, 0x04, 0xB0, 0x00, 0x00, 0x00, 0x00, 0x96, 0x53, 0xEF, 
	0x12, 0x03, 0x00, 0x00, 0x00, 0xDD, 0x76, 0x86, 0xFE, 0x89, 0x89, 0x30, 0x12, 0x40, 0xC4, 0x04, 
	0x80, 0x04, 0x93, 0x00, 0x00, 0x8C, 0x04, 0x11, 0x30, 0x02, 0x80, 0xC0, 0x04, 0x50, 0x00, 0x0B, 
	0x61, 0x21, 0x00, 0x80, 0x09, 0x02, 0x00, 0x92, 0xFE, 0x00, 0x84, 0x00, 0x22, 0x40, 0x00, 0x00, 
	0x00, 0x00, 0x00, 0x00, 0x00, 0x4C, 0x10, 0x40, 0x80, 0x20, 0x80, 0x00, 0x04, 0x41, 0x08, 0x00, 
	0x02, 0x01, 0x80, 0x81, 0x85, 0x00, 0x04, 0x00, 0x00, 0x00, 0x0E, 0x70, 0xFB, 0x31, 0x21, 0x00, 
	0x00, 0x00, 0x1F, 0x76, 0x1A, 0xDE, 0x80, 0x20, 0x00, 0x40, 0x10, 0x00, 0x80, 0x00, 0x21, 0x00, 
	0x02, 0x00, 0x00, 0x00, 0x45, 0x00, 0x04, 0x20, 0x04, 0x80, 0x10, 0x21, 0x88, 0x00, 0x24, 0x20, 
	0x00, 0x20, 0x00, 0x04, 0x10, 0xFC, 0x60, 0x00, 0x0C, 0x80, 0x05, 0x02, 0x00, 0x00, 0xC0, 0x00, 
	0x19, 0x20, 0x0E, 0x60, 0x00, 0x0C, 0x80, 0x01, 0x30, 0x00, 0x06, 0xC0, 0x03, 0x78, 0x40, 0x03, 
	0x60, 0x00, 0x3C, 0x00, 0x00, 0x00, 0x00, 0x86, 0x12, 0xCA, 0x12, 0x24, 0x01, 0x00, 0x00, 0x40, 
	0x05, 0x82, 0x0D, 0xE8, 0x01, 0x1C, 0x80, 0x01, 0xF2, 0x00, 0x1E, 0xC0, 0x03, 0x00, 0x00, 0x07, 
	0xE8, 0x00, 0x3C, 0x80, 0x01, 0xF0, 0x00, 0x0E, 0xC0, 0x02, 0x58, 0x00, 0x03, 0xE4, 0x01, 0x0C, 
	0x00, 0xB8, 0xFC, 0x00, 0x00, 0x00, 0x00, 0x06, 0x00, 0x00, 0x00, 0x00, 0x00, 0x00, 0x00, 0x0C, 
	0x80, 0x01, 0x01, 0x00, 0x00, 0x00, 0x00, 0x00, 0x00, 0x80, 0x00, 0x00, 0x00, 0x04, 0x40, 0x00, 
	0x00, 0x04, 0x00, 0x00, 0x0E, 0x00, 0xCA, 0x00, 0x40, 0x00, 0x00, 0x00, 0x06, 0x00, 0x02, 0x00, 
	0x80, 0x00, 0x30, 0x08, 0x00, 0x00, 0x20, 0x00, 0x00, 0x80, 0x00, 0x00, 0x0C, 0x80, 0x00, 0x00, 
	0x08, 0x00, 0x00, 0x20, 0x08, 0x00, 0x03, 0x60, 0x00, 0x00, 0x00, 0x00, 0x30, 0x10, 0x91, 0xFF, 
	0x00, 0x00, 0x00, 0x00, 0x86, 0x00, 0x00, 0x00, 0x00, 0x00, 0x00, 0x24, 0x0C, 0x00, 0x05, 0xA0, 
	0x10, 0x40, 0x08, 0x00, 0x00, 0x00, 0x23, 0x60, 0x10, 0x00, 0x00, 0x04, 0x30, 0x88, 0x02, 0x00, 
	0x00, 0x24, 0x00, 0xC2, 0x00, 0x04, 0x00, 0x00, 0x00, 0x00, 0x00, 0x28, 0x00, 0x80, 0x09, 0x31, 
	0x00, 0x10, 0xC4, 0x02, 0x98, 0x08, 0x03, 0x00, 0x00, 0x0C, 0x82, 0x21, 0x30, 0x01, 0x00, 0xC4, 
	0x00, 0x58, 0x08, 0x03, 0x62, 0x12, 0x20, 0x88, 0x41, 0x30, 0x02, 0xA8, 0xFA, 0x80, 0x09, 0x24, 
	0x88, 0x42, 0x54, 0x40, 0x00, 0x40, 0x00, 0x08, 0x20, 0x20, 0x84, 0x21, 0x80, 0x80, 0x22, 0xC2, 
	0x48, 0x98, 0x08, 0x03, 0x68, 0x00, 0x20, 0x20, 0x05, 0x05, 0x04, 0x00, 0x00, 0x00, 0x6E, 0xEE, 
	0xC3, 0xBA, 0x11, 0x02, 0x00, 0x00, 0xC4, 0x53, 0xA8, 0xBB, 0x11, 0x00, 0x30, 0x92, 0x00, 0x10, 
	0x00, 0x1A, 0x40, 0x11, 0x08, 0x00, 0x4C, 0xA4, 0x01, 0x31, 0x82, 0x26, 0x90, 0x28, 0x0A, 0x41, 
	0x63, 0x68, 0x00, 0x05, 0x02, 0x00, 0x00, 0x00, 0x80, 0xF8, 0x80, 0x81, 0x00, 0x00, 0x00, 0x00, 
	0x00, 0x00, 0x00, 0x00, 0x20, 0x00, 0x00, 0x80, 0x01, 0x00, 0x08, 0x00, 0xC0, 0x00, 0x18, 0x00, 
	0x03, 0x02, 0x00, 0x00, 0x82, 0x00, 0x00, 0x00, 0x00, 0x00, 0x00, 0x3E, 0xC9, 0xC3, 0x88, 0x52, 
	0x01, 0x00, 0x00, 0x5C, 0x59, 0xA8, 0xBB, 0x00, 0x00, 0x30, 0x00, 0x00, 0x00, 0x00, 0x18, 0x00, 
	0x03, 0x01, 0x00, 0x0C, 0x80, 0x01, 0x30, 0x20, 0x00, 0x04, 0x00, 0x00, 0x04, 0x03, 0x00, 0x00, 
	0x00, 0x00, 0x00, 0x00, 0x00, 0x78, 0xFE, 0xE0, 0x01, 0x30, 0x00, 0x00, 0x04, 0x40, 0x00, 0x00, 
	0x03, 0x00, 0x40, 0x03, 0xC0, 0x01, 0x0C, 0x00, 0x00, 0xE0, 0x00, 0x1C, 0x80, 0x03, 0x00, 0x00, 
	0x03, 0x80, 0x00, 0x00, 0x80, 0x01, 0x00, 0x00, 0xAE, 0xC9, 0xE7, 0x89, 0x00, 0x00, 0x00, 0x00, 
	0x45, 0x19, 0xBA, 0xBB, 0x05, 0x00, 0x38, 0x00, 0x06, 0xC0, 0x00, 0x1C, 0x00, 0x00, 0x60, 0x10, 
	0x0E, 0xC0, 0x01, 0x3C, 0x00, 0x02, 0x00, 0x40, 0x00, 0x80, 0x03, 0x00, 0x40, 0x00, 0x00, 0x00, 
	0x00, 0x00, 0x28, 0xFD, 0x84, 0x01, 0x30, 0x22, 0x16, 0xC0, 0x08, 0x00, 0x00, 0x0B, 0x04, 0x01, 
	0x00, 0xA0, 0x01, 0x00, 0x00, 0xA0, 0xD0, 0x00, 0x1A, 0x40, 0x03, 0x00, 0x41, 0x01, 0x80, 0x49, 
	0x00, 0x84, 0x00, 0x00, 0x00, 0x2A, 0xF9, 0xAB, 0xE9, 0x08, 0x02, 0x00, 0x00, 0x47, 0x11, 0x86, 
	0xBB, 0x04, 0x00, 0x34, 0x00, 0x06, 0xC0, 0x22, 0x1A, 0x04, 0x81, 0x60, 0x01, 0x0D, 0xA0, 0x29, 
	0x34, 0x00, 0x14, 0xC8, 0x04, 0x58, 0x60, 0x53, 0x00, 0x01, 0x2C, 0x08, 0x00, 0x00, 0x00, 0xFA, 
	0xFA, 0x04, 0x30, 0x00, 0x00, 0x10, 0x01, 0x80, 0x00, 0x00, 0x40, 0x00, 0x21, 0x0C, 0x00, 0x84, 
	0x30, 0x12, 0x10, 0x04, 0x04, 0x41, 0x08, 0x60, 0x00, 0x41, 0x2C, 0x00, 0x50, 0x80, 0x00, 0x04, 
	0x00, 0x00, 0x2A, 0xD8, 0xA3, 0xCE, 0x01, 0x00, 0x00, 0x00, 0xD7, 0x11, 0x9A, 0xFB, 0x00, 0x00, 
	0x80, 0x00, 0x10, 0x00, 0x80, 0x00, 0x20, 0x08, 0x02, 0x01, 0x00, 0x80, 0x81, 0x00, 0x02, 0x00, 
	0x01, 0x08, 0x00, 0x00, 0x00, 0x01, 0x01, 0x20, 0x00, 0x00, 0x00, 0x00, 0xF0, 0xFF, 0x60, 0x00, 
	0x1C, 0x90, 0x05, 0xB0, 0x00, 0x00, 0xC0, 0x03, 0x18, 0x00, 0x0E, 0x64, 0x00, 0x3C, 0x80, 0x01, 
	0x30, 0x00, 0x06, 0xC0, 0x00, 0x18, 0x00, 0x0F, 0x68, 0x00, 0x0C, 0x10, 0x03, 0x00, 0x00, 0x2A, 
	0xCA, 0x23, 0x3E, 0x00, 0x00, 0x00, 0x00, 0x46, 0x14, 0xCA, 0x1F, 0x00, 0x00, 0x0C, 0xA0, 0x01, 
	0xF2, 0x00, 0x1E, 0xC0, 0x00, 0x78, 0x40, 0x03, 0x64, 0x01, 0x0C, 0x90, 0x01, 0x70, 0x40, 0x16, 
	0xC4, 0x03, 0x18, 0x20, 0x0B, 0x02, 0x00, 0x00, 0x00, 0x90, 0xFD, 0x00, 0x00, 0x30, 0x00, 0x06, 
	0xC0, 0x20, 0x00, 0x00, 0x00, 0x00, 0x00, 0x0C, 0x00, 0x00, 0x30, 0x00, 0x00, 0x02, 0x00, 0x00, 
	0x00, 0x00, 0x00, 0x00, 0x0C, 0x80, 0x81, 0x00, 0x10, 0x00, 0x00, 0x00, 0x0E, 0x00, 0x22, 0x00, 
	0x00, 0x01, 0x00, 0x00, 0x04, 0x00, 0x8A, 0x00, 0x00, 0x00, 0x00, 0x00, 0x00, 0x00, 0x00, 0x00, 
	0x00, 0x00, 0x00, 0x00, 0x00, 0x00, 0x01, 0x01, 0x00, 0x00, 0xC2, 0x20, 0x18, 0x00, 0x81, 0x00, 
	0x00, 0x0C, 0x02, 0x00, 0x00, 0x00, 0x91, 0xFE, 0x00, 0x00, 0x80, 0x08, 0x16, 0xC4, 0x04, 0x00, 
	0x00, 0x23, 0x01, 0x44, 0x0C, 0x00, 0x00, 0x30, 0x00, 0x00, 0x00, 0x00, 0x00, 0x00, 0x00, 0x00, 
	0x84, 0x0C, 0x00, 0x05, 0x20, 0x02, 0x08, 0x00, 0x00, 0x04, 0x00, 0x4A, 0x00, 0x00, 0x01, 0x00, 
	0x00, 0x00, 0x00, 0x2A, 0x00, 0x00, 0x00, 0x00, 0x00, 0x10, 0xC4, 0x24, 0x00, 0x10, 0x90, 0x60, 
	0x22, 0x00, 0x00, 0x00, 0x00, 0x00, 0x40, 0xC0, 0x02, 0x18, 0x10, 0x12, 0x00, 0x41, 0x2C, 0x00, 
	0x00, 0x00, 0x00, 0x30, 0xFA, 0x80, 0x09, 0x04, 0x41, 0x20, 0x00, 0x00, 0x1A, 0x00, 0x13, 0x29, 
	0x02, 0x20, 0x24, 0x00, 0x04, 0xA0, 0x00, 0x10, 0x00, 0x12, 0x01, 0x13, 0x09, 0x82, 0x2C, 0x90, 
	0x89, 0x80, 0x00, 0x00, 0x00, 0x00, 0xC6, 0xAB, 0xCA, 0xBB, 0x41, 0x00, 0x00, 0x00, 0x54, 0xFF, 
	0xEA, 0xFF, 0x20, 0x00, 0x04, 0x80, 0x00, 0xC0, 0x48, 0x9A, 0x10, 0x23, 0x01, 0x0C, 0x4D, 0xA0, 
	0x01, 0x34, 0x82, 0x06, 0x90, 0x40, 0x9A, 0x40, 0x13, 0x0A, 0x00, 0x21, 0x80, 0x09, 0x02, 0x00, 
	0x5C, 0xFA, 0x80, 0x81, 0x20, 0x00, 0x00, 0x02, 0x00, 0x00, 0x00, 0x03, 0x00, 0x10, 0x00, 0x00, 
	0x00, 0x00, 0x00, 0x00, 0x00, 0x00, 0x08, 0x10, 0x03, 0x00, 0x00, 0x0C, 0x80, 0x01, 0x00, 0x08, 
	0x00, 0x00, 0x00, 0x72, 0x00, 0x4B, 0x11, 0x01, 0x00, 0x00, 0x00, 0x50, 0x7F, 0xAA, 0xFF, 0x00, 
	0x00, 0x00, 0x00, 0x00, 0xC0, 0x00, 0x18, 0x00, 0x03, 0x00, 0x00, 0x04, 0x88, 0x01, 0x30, 0x08, 
	0x06, 0x44, 0x00, 0x18, 0x10, 0x03, 0x00, 0x00, 0x00, 0x08, 0x00, 0x00, 0x80, 0x80, 0xFF, 0xE0, 
	0x01, 0x00, 0x10, 0x01, 0x00, 0x00, 0x18, 0x88, 0x03, 0x00, 0x00, 0x03, 0x80, 0x41, 0x10, 0x10, 
	0x00, 0xC0, 0x20, 0x08, 0x84, 0x03, 0x60, 0x40, 0x0F, 0xC0, 0x01, 0x0C, 0x00, 0x02, 0x00, 0x00, 
	0x46, 0xC0, 0xCB, 0x50, 0xC1, 0x00, 0x00, 0x00, 0x75, 0x4E, 0xAA, 0x9B, 0x80, 0x81, 0x30, 0x00, 
	0x06, 0xE0, 0x00, 0x1C, 0x80, 0x03, 0x10, 0x00, 0x0C, 0xE8, 0x01, 0x38, 0x80, 0x07, 0xC0, 0x80, 
	0x1C, 0x80, 0x03, 0x61, 0x00, 0x0C, 0xE2, 0x41, 0x00, 0x00, 0x21, 0xFE, 0x80, 0x01, 0x00, 0x80, 
	0x00, 0x00, 0x00, 0x40, 0x40, 0x03, 0x00, 0x80, 0x00, 0x80, 0x01, 0x00, 0x02, 0x40, 0xC8, 0x00, 
	0x18, 0x41, 0x03, 0x40, 0x00, 0x0C, 0xA0, 0x01, 0x04, 0x00, 0x09, 0x00, 0x00, 0x56, 0x0D, 0xEB, 
	0x14, 0x01, 0x02, 0x00, 0x00, 0x5D, 0x3C, 0xB6, 0xF9, 0x80, 0x05, 0x30, 0x11, 0x06, 0xD8, 0x00, 
	0x1A, 0x49, 0x03, 0x08, 0x00, 0x24, 0xA0, 0x11, 0x35, 0x04, 0x06, 0x84, 0x04, 0x9A, 0x48, 0x23, 
	0x60, 0x00, 0x08, 0xA0, 0x05, 0x00, 0x00, 0x82, 0xF8, 0x00, 0x10, 0x80, 0x00, 0x16, 0x02, 0x00, 
	0x00, 0x01, 0x00, 0x00, 0x04, 0x8C, 0x08, 0x00, 0x01, 0x04, 0x80, 0x00, 0x10, 0x00, 0x11, 0x60, 
	0x40, 0x14, 0x80, 0x00, 0x00, 0x30, 0x12, 0x00, 0x00, 0x00, 0x62, 0xA0, 0x5F, 0x90, 0x41, 0x00, 
	0x00, 0x00, 0x57, 0x7B, 0xBA, 0xFF, 0x00, 0x20, 0x00, 0x04, 0x00, 0x04, 0x84, 0x00, 0x08, 0x08, 
	0x60, 0x00, 0x4C, 0x80, 0x81, 0x10, 0x10, 0xC2, 0x00, 0x02, 0x01, 0x03, 0x00, 0x01, 0x82, 0x08, 
	0x08, 0x04, 0x00, 0x00, 0xFA, 0xFC, 0x60, 0x80, 0x0C, 0x10, 0x07, 0x00, 0x00, 0x1E, 0xD0, 0x00, 
	0x19, 0x40, 0x0E, 0xE0, 0x01, 0x0C, 0x80, 0x01, 0xF0, 0x00, 0x06, 0xC0, 0x00, 0x38, 0x00, 0x03, 
	0x64, 0x80, 0x3C, 0x00, 0x05, 0x00, 0x00, 0x90, 0x0A, 0xCA, 0x18, 0x00, 0x00, 0x00, 0x00, 0x57, 
	0x8F, 0xB0, 0x0F, 0xE0, 0x01, 0x3C, 0x80, 0x07, 0x30, 0x00, 0x1E, 0xC0, 0x00, 0x7A, 0x20, 0x03, 
	0x64, 0x00, 0x3C, 0x80, 0x07, 0x30, 0x00, 0x1E, 0xC0, 0x03, 0x18, 0x00, 0x07, 0x60, 0x80, 0x00, 
	0x00, 0x70, 0xFC, 0x00, 0x00, 0x00, 0x00, 0x06, 0x00, 0x00, 0x18, 0x10, 0x00, 0x00, 0x00, 0x0C, 
	0x00, 0x40, 0x00, 0x20, 0x00, 0x02, 0x20, 0x18, 0x10, 0x00, 0x20, 0x00, 0x00, 0x00, 0x00, 0x30, 
	0x00, 0x00, 0x00, 0x00, 0x00, 0x00, 0xCA, 0x00, 0x00, 0x04, 0x00, 0x00, 0x05, 0x00, 0xB0, 0x00, 
	0x00, 0x00, 0x00, 0x00, 0x00, 0x00, 0x00, 0x08, 0x00, 0x00, 0x60, 0x00, 0x00, 0x02, 0x00, 0x31, 
	0x20, 0x06, 0x44, 0x80, 0x08, 0x08, 0x01, 0x02, 0x40, 0x04, 0x80, 0x41, 0x00, 0x00, 0x69, 0xFA, 
	0x00, 0x00, 0x00, 0x05, 0x06, 0x00, 0x00, 0x58, 0x00, 0x00, 0x10, 0x82, 0x0C, 0x80, 0x11, 0x80, 
	0x00, 0x46, 0xC0, 0x08, 0x50, 0x00, 0x00, 0x60, 0x44, 0x00, 0x00, 0x00, 0x30, 0x00, 0x03, 0x00, 
	0x00, 0x0E, 0x40, 0x4A, 0x00, 0x80, 0x01, 0x00, 0x00, 0x03, 0x20, 0x13, 0x00, 0x80, 0x11, 0xB1, 
	0x40, 0x86, 0x00, 0x00, 0x10, 0x21, 0x00, 0x68, 0x00, 0x80, 0x00, 0x10, 0x30, 0x02, 0x46, 0xC0, 
	0x02, 0x10, 0x01, 0x02, 0x00, 0x00, 0x2C, 0x84, 0x09, 0x00, 0x00, 0x10, 0xFA, 0x00, 0x00, 0x24, 
	0x81, 0x24, 0x08, 0x00, 0x82, 0x48, 0x8A, 0x28, 0x01, 0x20, 0x84, 0x05, 0x00, 0x81, 0x20, 0xC8, 
	0x44, 0x12, 0x41, 0x0B, 0x2A, 0x0C, 0x01, 0x80, 0x91, 0x04, 0x06, 0x00, 0x00, 0x00, 0x8C, 0x77, 
	0xCB, 0x32, 0x01, 0x00, 0x00, 0x00, 0x63, 0xBF, 0x53, 0xBB, 0x20, 0x00, 0x25, 0x81, 0x06, 0x90, 
	0x82, 0x02, 0x00, 0x43, 0x60, 0x20, 0x01, 0x20, 0x08, 0xB6, 0xC0, 0x46, 0xC0, 0x04, 0x9B, 0x40, 
	0x13, 0x0A, 0x00, 0x0D, 0x80, 0x91, 0x00, 0x00, 0xE8, 0xF8, 0x00, 0x00, 0x00, 0x08, 0x00, 0x00, 
	0x00, 0x00, 0x00, 0x00, 0x00, 0x40, 0x00, 0x80, 0x01, 0x01, 0x08, 0x00, 0xC0, 0x00, 0x08, 0x10, 
	0x03, 0x00, 0x00, 0x00, 0x80, 0x01, 0x00, 0x00, 0x01, 0x00, 0x00, 0x48, 0x00, 0x4B, 0xC0, 0x80, 
	0x00, 0x00, 0x00, 0x07, 0x37, 0x13, 0xFB, 0x00, 0x00, 0x10, 0x10, 0x06, 0x40, 0x00, 0x00, 0x00, 
	0x03, 0x60, 0x00, 0x00, 0x00, 0x00, 0x30, 0x00, 0x06, 0xC1, 0x00, 0x18, 0x10, 0x03, 0x00, 0x00, 
	0x0C, 0x04, 0x00, 0x00, 0x00, 0x78, 0xFE, 0x00, 0x00, 0x00, 0x00, 0x00, 0x04, 0x00, 0x18, 0x04, 
	0x00, 0x01, 0x10, 0x03, 0xC0, 0x01, 0x0C, 0x00, 0x02, 0xE2, 0x00, 0x08, 0x00, 0x03, 0x02, 0x40, 
	0x0C, 0xC2, 0x01, 0x10, 0x10, 0x04, 0x00, 0x00, 0xCE, 0x18, 0xDB, 0x0D, 0x00, 0x02, 0x00, 0x00, 
	0x69, 0x37, 0x1B, 0xFF, 0x80, 0x00, 0x30, 0x00, 0x06, 0x42, 0x00, 0x18, 0x80, 0x03, 0x78, 0x00, 
	0x0C, 0x82, 0x00, 0x39, 0x80, 0x07, 0xE0, 0x00, 0x1C, 0x80, 0x03, 0x60, 0x40, 0x0E, 0xE0, 0x41, 
	0x00, 0x00, 0xD8, 0xFC, 0x04, 0x00, 0x30, 0x22, 0x16, 0x00, 0x00, 0x90, 0x00, 0x0B, 0x00, 0x04, 
	0x00, 0xA0, 0x01, 0x00, 0x00, 0x40, 0xD0, 0x00, 0x18, 0x05, 0x12, 0x60, 0x01, 0x8C, 0xA0, 0x01, 
	0x00, 0x02, 0x00, 0x00, 0x00, 0x5E, 0xB3, 0xEA, 0x22, 0x10, 0x00, 0x00, 0x00, 0x49, 0xF7, 0x37, 
	0xFF, 0x00, 0x89, 0x20, 0x04, 0x00, 0xC0, 0x24, 0x40, 0x50, 0x03, 0x60, 0x00, 0x8C, 0x00, 0x01, 
	0x34, 0x0A, 0x06, 0xD4, 0x00, 0x1A, 0x49, 0x23, 0x01, 0x01, 0x2D, 0xB0, 0x01, 0x00, 0x00, 0xC8, 
	0xFD, 0x04, 0x00, 0x80, 0x10, 0x40, 0x02, 0x00, 0x10, 0x00, 0x10, 0x00, 0x24, 0x8C, 0x04, 0x84, 
	0x30, 0x12, 0x80, 0x00, 0x04, 0x41, 0x00, 0x13, 0x00, 0x42, 0x00, 0x01, 0x00, 0x00, 0x04, 0x00, 
	0x00, 0x00, 0x0A, 0x00, 0x03, 0x80, 0x01, 0x00, 0x00, 0x00, 0x7F, 0xCF, 0x4B, 0xCE, 0x05, 0x20, 
	0x00, 0x00, 0x10, 0x08, 0x22, 0x00, 0x00, 0x08, 0x00, 0x00, 0x00, 0x08, 0x00, 0x01, 0x10, 0xC2, 
	0x00, 0x88, 0x00, 0x03, 0x00, 0x01, 0x01, 0x80, 0x01, 0x04, 0x00, 0x00, 0xA8, 0xF9, 0x00, 0x00, 
	0x1C, 0x80, 0x03, 0x00, 0x00, 0x0E, 0xD0, 0x01, 0x1A, 0x00, 0x0E, 0x60, 0x00, 0x3C, 0x80, 0x01, 
	0x30, 0x00, 0x06, 0xC4, 0x02, 0x59, 0x00, 0x0F, 0x60, 0x80, 0x0C, 0x00, 0x00, 0x00, 0x00, 0x8E, 
	0x1A, 0x82, 0x3A, 0x00, 0x00, 0x00, 0x00, 0x53, 0x2F, 0x0B, 0x3D, 0x60, 0x01, 0x0C, 0x90, 0x01, 
	0x30, 0x00, 0x06, 0xD0, 0x00, 0x1A, 0x20, 0x0F, 0x60, 0x01, 0x3C, 0x80, 0x07, 0x30, 0x00, 0x1E, 
	0xC0, 0x03, 0x18, 0x40, 0x0F, 0x60, 0x80, 0x00, 0x00, 0xF8, 0xFD, 0x00, 0x00, 0x30, 0x00, 0x06, 
	0x00, 0x00, 0x08, 0x08, 0x03, 0x00, 0x00, 0x0C, 0x00, 0x00, 0x30, 0x00, 0x00, 0x04, 0x00, 0x18, 
	0x10, 0x01, 0x60, 0x00, 0x00, 0x00, 0x00, 0x00, 0x00, 0x00, 0x00, 0x00, 0x0E, 0x00, 0x82, 0x00, 
	0x00, 0x00, 0x00, 0x00, 0x03, 0x00, 0x0B, 0x02, 0x00, 0x00, 0x10, 0x20, 0x00, 0xC1, 0x00, 0x00, 
	0x10, 0x00, 0x00, 0x00, 0x00, 0x00, 0x00, 0x10, 0x20, 0x06, 0x04, 0x00, 0x08, 0x10, 0x01, 0x01, 
	0x00, 0x04, 0x84, 0x41, 0x00, 0x00, 0xE0, 0xFC, 0x00, 0x00, 0x30, 0x09, 0x06, 0x08, 0x00, 0x98, 
	0x00, 0x8B, 0x00, 0x84, 0x0C, 0x00, 0x00, 0x30, 0x00, 0x10, 0x00, 0x00, 0x50, 0x80, 0x92, 0x60, 
	0x21, 0x8C, 0x08, 0x00, 0x80, 0x10, 0x00, 0x00, 0x00, 0x02, 0x00, 0x21, 0x00, 0x00, 0x00, 0x00, 
	0x00, 0x01, 0xC4, 0x0A, 0x00, 0x00, 0x09, 0xB1, 0x00, 0x16, 0x80, 0x48, 0x40, 0x00, 0x00, 0x00, 
	0x00, 0x2C, 0x02, 0x29, 0xA0, 0x00, 0x46, 0x00, 0x00, 0x50, 0x00, 0x0A, 0x00, 0x21, 0x28, 0x80, 
	0x09, 0x00, 0x00, 0x28, 0xFA, 0x00, 0x00, 0x30, 0xA1, 0x42, 0x11, 0x44, 0x8A, 0x40, 0x12, 0x68, 
	0x04, 0x20, 0x84, 0x91, 0x04, 0xC2, 0x20, 0x98, 0x82, 0x1A, 0x41, 0x23, 0x28, 0x80, 0x41, 0x82, 
	0x81, 0x04, 0x00, 0x00, 0x00, 0x00, 0xB2, 0x7D, 0xA2, 0x30, 0x01, 0x00, 0x00, 0x00, 0x80, 0xDD, 
	0x4B, 0xFF, 0x20, 0x44, 0x30, 0x82, 0x00, 0xC0, 0x40, 0x1A, 0x40, 0x0A, 0x62, 0x20, 0x8C, 0xA4, 
	0x01, 0x31, 0x92, 0x06, 0xC0, 0x44, 0x0A, 0x45, 0x00, 0x08, 0x00, 0x0D, 0xA0, 0x88, 0x04, 0x00, 
	0xE8, 0xFE, 0x00, 0x00, 0x30, 0x00, 0x00, 0x00, 0x00, 0x00, 0x10, 0x80, 0x60, 0x20, 0x00, 0x80, 
	0x01, 0x00, 0x00, 0x00, 0x40, 0x00, 0x00, 0x08, 0x03, 0x01, 0x00, 0x00, 0x80, 0x01, 0x00, 0x80, 
	0x04, 0x00, 0x00, 0xD6, 0xC4, 0x21, 0x50, 0x43, 0x02, 0x00, 0x00, 0x84, 0xDD, 0x0A, 0xFF, 0x04, 
	0x00, 0x30, 0x20, 0x00, 0xC0, 0x00, 0x18, 0x00, 0x01, 0x60, 0x00, 0x0C, 0x80, 0x01, 0x30, 0x00, 
	0x00, 0xC0, 0x00, 0x00, 0x00, 0x00, 0x00, 0x00, 0x0C, 0x04, 0x01, 0x00, 0x00, 0x78, 0xF8, 0x00, 
	0x00, 0x38, 0x00, 0x00, 0xC2, 0x80, 0x00, 0x10, 0x00, 0x61, 0x00, 0x03, 0xC0, 0x01, 0x10, 0x10, 
	0x00, 0x40, 0x20, 0x18, 0x00, 0x03, 0x00, 0x40, 0x04, 0xC0, 0x01, 0x30, 0x00, 0x00, 0x00, 0x00, 
	0xF8, 0x77, 0xA2, 0xBE, 0x11, 0x00, 0x00, 0x00, 0x8E, 0xDD, 0x5B, 0xFF, 0x81, 0x00, 0x38, 0x00, 
	0x06, 0xE4, 0x00, 0x1E, 0x08, 0x81, 0x78, 0x00, 0x0E, 0xC0, 0x81, 0x3C, 0x00, 0x06, 0xE0, 0x00, 
	0x00, 0x00, 0x03, 0x00, 0x40, 0x0E, 0x80, 0x00, 0x31, 0x00, 0x00, 0xF8, 0x04, 0x00, 0x34, 0x00, 
	0x46, 0x80, 0x02, 0x58, 0x00, 0x0B, 0x60, 0x12, 0x00, 0xA0, 0x01, 0x00, 0x02, 0xA0, 0xC0, 0x08, 
	0x80, 0x04, 0x23, 0x62, 0x01, 0x00, 0xA8, 0x01, 0x80, 0x10, 0x00, 0x00, 0x00, 0xF8, 0x44, 0x48, 
	0x11, 0x10, 0x00, 0x00, 0x00, 0x86, 0xDD, 0x46, 0xFF, 0x08, 0x89, 0x34, 0x00, 0x06, 0xD0, 0x00, 
	0x18, 0x01, 0x03, 0x60, 0x00, 0x0D, 0xA0, 0x05, 0x34, 0x00, 0x06, 0xD4, 0x00, 0x58, 0x20, 0x03, 
	0x00, 0x01, 0x0D, 0x04, 0x08, 0x30, 0x00, 0xE8, 0xFC, 0x04, 0x00, 0x00, 0x22, 0x10, 0x80, 0x84, 
	0x00, 0x01, 0x08, 0x22, 0x01, 0x8C, 0x01, 0x84, 0x00, 0x04, 0x10, 0x04, 0x02, 0x00, 0x03, 0x09, 
	0x02, 0x08, 0x00, 0x00, 0x00, 0x00, 0x11, 0x02, 0x00, 0x00, 0xFC, 0xA4, 0xFA, 0xA3, 0x10, 0x01, 
	0x00, 0x00, 0x84, 0xDD, 0xDB, 0xDF, 0x08, 0x20, 0x80, 0x00, 0x00, 0x04, 0x84, 0x00, 0x20, 0x88, 
	0x00, 0x21, 0x00, 0x80, 0x81, 0x00, 0x02, 0x46, 0x00, 0x88, 0x40, 0x00, 0x00, 0x00, 0x01, 0x80, 
	0x01, 0x20, 0x00, 0x00, 0x68, 0xFF, 0x00, 0x00, 0x0C, 0x80, 0x05, 0x72, 0x00, 0x16, 0xC8, 0x01, 
	0x78, 0x20, 0x0E, 0x60, 0x00, 0x0C, 0x80, 0x01, 0x30, 0x20, 0x1E, 0xC0, 0x03, 0x58, 0x00, 0x03, 
	0x64, 0x80, 0x0C, 0x00, 0x04, 0x00, 0x00, 0xB0, 0x4F, 0x48, 0x0B, 0x10, 0x02, 0x00, 0x00, 0x84, 
	0x0D, 0x42, 0x0D, 0x68, 0x01, 0x0C, 0xA0, 0x07, 0x30, 0x00, 0x1E, 0xC0, 0x00, 0x18, 0x00, 0x03, 
	0x64, 0x01, 0x0C, 0x90, 0x07, 0x32, 0x00, 0x16, 0xC4, 0x00, 0x1A, 0x20, 0x0F, 0x60, 0x00, 0x0C, 
	0x20, 0x88, 0xFA, 0x00, 0x00, 0x00, 0x00, 0x06, 0x40, 0x40, 0x18, 0x08, 0x03, 0x20, 0x00, 0x0C, 
	0x00, 0x00, 0x00, 0x20, 0x00, 0xC2, 0x40, 0x08, 0x00, 0x01, 0x61, 0x20, 0x00, 0x00, 0x00, 0x00, 
	0xA0, 0x04, 0x00, 0x00, 0x12, 0x00, 0x4A, 0x00, 0x58, 0x02, 0x00, 0x00, 0x01, 0x00, 0x03, 0x00, 
	0x0C, 0x00, 0x00, 0x00, 0x00, 0x00, 0x00, 0x00, 0x00, 0x03, 0x00, 0x00, 0x00, 0x00, 0x01, 0x00, 
	0x00, 0x06, 0x04, 0x00, 0x18, 0x00, 0x00, 0x01, 0x00, 0x04, 0x00, 0x00, 0x01, 0x00, 0xC0, 0xFB, 
	0x00, 0x00, 0x00, 0x00, 0x16, 0xC1, 0x02, 0x18, 0x00, 0x83, 0x40, 0x40, 0x0C, 0x00, 0x00, 0x80, 
	0x00, 0x44, 0x80, 0x02, 0x10, 0x11, 0x00, 0x60, 0x00, 0x80, 0x02, 0x00, 0x80, 0x00, 0x04, 0x00, 
	0x00, 0x04, 0x00, 0x44, 0x00, 0x08, 0x02, 0x00, 0x00, 0x02, 0x00, 0x00, 0x00, 0x04, 0x09, 0x01, 
	0x00, 0xA6, 0x00, 0x00, 0x00, 0x10, 0x22, 0x01, 0x00, 0x00, 0x00, 0x00, 0x02, 0x00, 0x46, 0x00, 
	0x00, 0x18, 0x05, 0x08, 0x60, 0x41, 0x88, 0x10, 0x04, 0x80, 0x08, 0x48, 0xFF, 0x00, 0x00, 0x00, 
	0x00, 0x00, 0x00, 0x00, 0x00, 0x00, 0x00, 0x00, 0x00, 0x00, 0x00, 0x00, 0x00, 0x00, 0x00, 0x00, 
	0x00, 0x00, 0x00, 0x00, 0x00, 0x00, 0x00, 0x00, 0x00, 0x00, 0x00, 0x04, 0x00, 0x00, 0x94, 0x03, 
	0xC4, 0x10, 0x01, 0x02, 0x00, 0x00, 0xE2, 0xAB, 0x40, 0xFF, 0x00, 0x00, 0x00, 0x00, 0x00, 0x00, 
	0x00, 0x00, 0x00, 0x00, 0x00, 0x00, 0x00, 0x00, 0x00, 0x00, 0x00, 0x00, 0x00, 0x00, 0x00, 0x00, 
	0x00, 0x00, 0x00, 0x00, 0x00, 0x00, 0x00, 0x00, 0xBC, 0xFB, 0x20, 0x00, 0x04, 0x80, 0x00, 0x10, 
	0x00, 0x02, 0x40, 0x00, 0x08, 0x00, 0x01, 0x20, 0x00, 0x04, 0x80, 0x00, 0x10, 0x00, 0x02, 0x40, 
	0x00, 0x08, 0x00, 0x01, 0x20, 0x00, 0x04, 0x00, 0x00, 0x00, 0x00, 0x10, 0x80, 0x44, 0x22, 0x10, 
	0x00, 0x00, 0x00, 0xE2, 0xEA, 0x00, 0xEE, 0x28, 0x00, 0x04, 0x80, 0x00, 0x10, 0x00, 0x02, 0x40, 
	0x00, 0x00, 0x00, 0x01, 0x20, 0x00, 0x04, 0x80, 0x00, 0x10, 0x00, 0x02, 0x40, 0x00, 0x08, 0x00, 
	0x01, 0x20, 0x00, 0x04, 0x80, 0xD0, 0xFA, 0x00, 0x00, 0x00, 0x00, 0x00, 0x00, 0x00, 0x00, 0x00, 
	0x00, 0x00, 0x00, 0x00, 0x00, 0x00, 0x00, 0x00, 0x00, 0x00, 0x00, 0x00, 0x00, 0x00, 0x00, 0x00, 
	0x00, 0x00, 0x00, 0x00, 0x00, 0x00, 0x00, 0x00, 0x98, 0x0A, 0x55, 0x62, 0x01, 0x00, 0x00, 0x00, 
	0xE0, 0xEF, 0x28, 0xEE, 0x00, 0x00, 0x00, 0x00, 0x00, 0x00, 0x00, 0x00, 0x00, 0x00, 0x40, 0x00, 
	0x00, 0x00, 0x00, 0x00, 0x00, 0x00, 0x00, 0x00, 0x00, 0x00, 0x00, 0x00, 0x00, 0x00, 0x00, 0x00, 
	0x00, 0x00, 0x19, 0xFB, 0x20, 0x00, 0x04, 0x80, 0x00, 0x10, 0x00, 0x02, 0x40, 0x00, 0x08, 0x00, 
	0x01, 0x20, 0x00, 0x04, 0x80, 0x00, 0x10, 0x00, 0x02, 0x40, 0x00, 0x08, 0x00, 0x01, 0x20, 0x00, 
	0x04, 0x00, 0x00, 0x00, 0x00, 0x18, 0x57, 0xAC, 0x37, 0x00, 0x00, 0x00, 0x00, 0xE4, 0xEE, 0x94, 
	0x6E, 0x20, 0x00, 0x04, 0x80, 0x00, 0x10, 0x00, 0x02, 0x40, 0x00, 0x08, 0x00, 0x01, 0x20, 0x00, 
	0x04, 0x80, 0x00, 0x10, 0x00, 0x02, 0x40, 0x00, 0x08, 0x00, 0x01, 0x20, 0x00, 0x04, 0x00, 0x42, 
	0xF9, 0x00, 0x00, 0x00, 0x00, 0x04, 0x00, 0x00, 0x00, 0x00, 0x00, 0x00, 0x00, 0x88, 0x10, 0x00, 
	0x00, 0x00, 0x00, 0x00, 0x00, 0x00, 0x00, 0x00, 0x00, 0x00, 0x00, 0x00, 0x00, 0x00, 0x00, 0x00, 
	0x00, 0x00, 0x18, 0xA0, 0x4C, 0x82, 0x00, 0x00, 0x00, 0x00, 0xEA, 0xCF, 0xB8, 0x76, 0x00, 0x00, 
	0x00, 0x00, 0x00, 0x00, 0x00, 0x00, 0x00, 0x00, 0x00, 0x00, 0x00, 0x00, 0x00, 0x00, 0x00, 0x00, 
	0x00, 0x00, 0x00, 0x00, 0x00, 0x00, 0x00, 0x00, 0x00, 0x00, 0x00, 0x00, 0x32, 0xF9, 0x00, 0x00, 
	0x00, 0x00, 0x00, 0x14, 0x00, 0x02, 0x00, 0x00, 0x08, 0x00, 0x00, 0x00, 0x00, 0x00, 0x00, 0x00, 
	0x00, 0x00, 0x00, 0x00, 0x00, 0x08, 0x00, 0x00, 0x00, 0x00, 0x00, 0x00, 0x00, 0x00, 0x00, 0x94, 
	0x2B, 0xC8, 0x09, 0x00, 0x00, 0x00, 0x00, 0xE2, 0x0F, 0xD8, 0x07, 0x00, 0x00, 0x00, 0x80, 0x00, 
	0x00, 0x00, 0x00, 0x00, 0x00, 0x00, 0x00, 0x00, 0x00, 0x00, 0x00, 0x00, 0x00, 0x00, 0x00, 0x00, 
	0x00, 0x00, 0x00, 0x00, 0x00, 0x00, 0x00, 0x04, 0x00, 0x48, 0xFC, 0x00, 0x01, 0x20, 0x00, 0x00, 
	0x00, 0x00, 0x00, 0x00, 0x02, 0x00, 0x00, 0x00, 0x00, 0x01, 0x20, 0x00, 0x04, 0x80, 0x00, 0x10, 
	0x00, 0x02, 0x00, 0x00, 0x08, 0x00, 0x01, 0x20, 0x00, 0x00, 0x00, 0x00, 0x14, 0x00, 0x48, 0x00, 
	0x00, 0x00, 0x00, 0x00, 0x02, 0x00, 0x58, 0x00, 0x00, 0x01, 0x20, 0x00, 0x00, 0x80, 0x00, 0x10, 
	0x00, 0x02, 0x40, 0x00, 0x08, 0x00, 0x01, 0x20, 0x00, 0x04, 0x80, 0x00, 0x10, 0x00, 0x02, 0x40, 
	0x00, 0x08, 0x00, 0x01, 0x00, 0x00, 0x51, 0xF8, 0x20, 0x00, 0x04, 0x00, 0x00, 0x10, 0x00, 0x02, 
	0x40, 0x00, 0x08, 0x00, 0x00, 0x20, 0x00, 0x04, 0x80, 0x00, 0x10, 0x00, 0x02, 0x40, 0x00, 0x08, 
	0x00, 0x01, 0x20, 0x00, 0x04, 0x00, 0x00, 0x00, 0x00, 0x00, 0x00, 0x00, 0x00, 0x00, 0x00, 0x00, 
	0x00, 0x00, 0x00, 0x00, 0x00, 0x20, 0x00, 0x04, 0x80, 0x00, 0x10, 0x00, 0x02, 0x40, 0x00, 0x08, 
	0x00, 0x01, 0x20, 0x00, 0x04, 0x80, 0x00, 0x10, 0x00, 0x02, 0x40, 0x00, 0x08, 0x00, 0x01, 0x20, 
	0x00, 0x04, 0x00, 0x08, 0xFE, 0x00, 0x00, 0x00, 0x00, 0x08, 0x00, 0x00, 0x00, 0x00, 0x00, 0x08, 
	0x80, 0x00, 0x00, 0x00, 0x00, 0x00, 0x00, 0x00, 0x00, 0x20, 0x04, 0x80, 0x00, 0x00, 0x00, 0x00, 
	0x00, 0x00, 0x00, 0x00, 0x00, 0x00, 0x00, 0x00, 0x00, 0x00, 0x00, 0x00, 0x00, 0x00, 0x00, 0x10, 
	0x00, 0x00, 0x00, 0x00, 0x00, 0x20, 0x00, 0x01, 0x00, 0x00, 0x00, 0x00, 0x00, 0x00, 0x00, 0x00, 
	0x40, 0x00, 0x00, 0x00, 0x00, 0x00, 0x10, 0x00, 0x00, 0x01, 0x00, 0x00, 0x00, 0x00, 0x00, 0x00, 
	0x68, 0xFC, 0x00, 0x00, 0x00, 0x00, 0x00, 0x00, 0x00, 0x00, 0x00, 0x00, 0x00, 0x00, 0x00, 0x00, 
	0x00, 0x00, 0x00, 0x00, 0x00, 0x00, 0x00, 0x00, 0x00, 0x00, 0x00, 0x00, 0x00, 0x00, 0x00, 0x00, 
	0x00, 0x00, 0x00, 0x00, 0x20, 0x00, 0x00, 0x00, 0x00, 0x00, 0x00, 0x00, 0x00, 0x00, 0x00, 0x00, 
	0x00, 0x00, 0x00, 0x00, 0x00, 0x00, 0x00, 0x04, 0x00, 0x00, 0x00, 0x00, 0x00, 0x00, 0x00, 0x00, 
	0x00, 0x00, 0x00, 0x00, 0x00, 0x00, 0x00, 0x00, 0x10, 0x00, 0x00, 0x00, 0x00, 0xE8, 0xFC, 0x00, 
	0x00, 0x00, 0x00, 0x04, 0x00, 0x00, 0x00, 0x00, 0x00, 0x00, 0x00, 0x00, 0x00, 0x00, 0x02, 0x00, 
	0x00, 0x00, 0x00, 0x00, 0x00, 0x00, 0x00, 0x00, 0x00, 0x00, 0x00, 0x00, 0x00, 0x00, 0x00, 0x00, 
	0x00, 0x04, 0x00, 0x00, 0x00, 0x00, 0xA0, 0x00, 0x00, 0x08, 0x00, 0x01, 0x00, 0x00, 0x00, 0x00, 
	0x00, 0x00, 0x00, 0x00, 0x20, 0x00, 0x00, 0x00, 0x00, 0x00, 0x00, 0x02, 0x00, 0x00, 0x00, 0x00, 
	0x00, 0x20, 0x02, 0x00, 0x00, 0x00, 0x00, 0x00, 0x00, 0x00, 0x00, 0xFF, 0x00, 0x00, 0x00, 0x00, 
	0x10, 0x00, 0x00, 0x00, 0x00, 0x00, 0x00, 0x00, 0x00, 0x00, 0x00, 0x20, 0x00, 0x00, 0x00, 0x00, 
	0x00, 0x00, 0x00, 0x10, 0x00, 0x00, 0x00, 0x00, 0x00, 0x84, 0x00, 0x40, 0x00, 0x00, 0x00, 0x00, 
	0x80, 0x00, 0x00, 0x00, 0x00, 0x00, 0x00, 0x00, 0x00, 0x00, 0x00, 0x00, 0x00, 0x00, 0x01, 0x00, 
	0x20, 0x08, 0x00, 0x00, 0x00, 0x00, 0x04, 0x00, 0x00, 0x08, 0x00, 0x00, 0x00, 0x00, 0x00, 0x80, 
	0x09, 0x90, 0x00, 0x02, 0x00, 0x00, 0x10, 0xB0, 0xFC, 0x00, 0x02, 0x00, 0x00, 0x00, 0x00, 0x00, 
	0x00, 0x00, 0x00, 0x40, 0x00, 0x00, 0x00, 0x00, 0x00, 0x00, 0x00, 0x00, 0x00, 0x00, 0x00, 0x00, 
	0x00, 0x00, 0x10, 0x02, 0x00, 0x00, 0x00, 0x00, 0x00, 0x10, 0x00, 0x00, 0x00, 0x00, 0x00, 0x00, 
	0x00, 0x08, 0x00, 0x00, 0x00, 0x00, 0x00, 0x00, 0x00, 0x00, 0x00, 0x00, 0x00, 0x00, 0x00, 0x00, 
	0x00, 0x00, 0x01, 0x00, 0x00, 0x40, 0x00, 0x00, 0x00, 0x00, 0x00, 0x00, 0x00, 0x00, 0x20, 0x00, 
	0x00, 0x00, 0x00, 0x00, 0x10, 0xF8, 0x00, 0x00, 0x80, 0x00, 0x00, 0x00, 0x00, 0x00, 0x00, 0x00, 
	0x00, 0x00, 0x20, 0x00, 0x00, 0x00, 0x00, 0x00, 0x00, 0x00, 0x00, 0x00, 0x00, 0x00, 0x00, 0x00, 
	0x00, 0x00, 0x00, 0x00, 0x00, 0x00, 0x00, 0x00, 0x00, 0x00, 0x02, 0x00, 0x00, 0x00, 0x00, 0x00, 
	0x00, 0x00, 0x00, 0x00, 0x00, 0x00, 0x00, 0x00, 0x00, 0x00, 0x00, 0x10, 0x00, 0x00, 0x00, 0x00, 
	0x00, 0x00, 0x02, 0x00, 0x00, 0x00, 0x02, 0x00, 0x40, 0x00, 0x80, 0x20, 0x00, 0x00, 0x00, 0x00, 
	0x00, 0xD8, 0xFC, 0x80, 0x00, 0x01, 0x00, 0x00, 0x00, 0x00, 0x00, 0x00, 0x00, 0x08, 0x40, 0x00, 
	0x00, 0x00, 0x00, 0x00, 0x00, 0x80, 0x00, 0x04, 0x10, 0x00, 0x00, 0x08, 0x02, 0x01, 0x00, 0x00, 
	0x10, 0x00, 0x00, 0x00, 0x00, 0x00, 0x00, 0x00, 0x00, 0x00, 0x00, 0x00, 0x00, 0x00, 0x00, 0x00, 
	0x00, 0x01, 0x00, 0x04, 0x00, 0x80, 0x00, 0x00, 0x40, 0x00, 0x00, 0x00, 0x00, 0x02, 0x00, 0x00, 
	0x08, 0x00, 0x41, 0x00, 0x02, 0x00, 0x00, 0x02, 0x00, 0x00, 0x88, 0x20, 0x08, 0x00, 0xF8, 0xFA, 
	0x00, 0x40, 0x00, 0x00, 0x00, 0x00, 0x00, 0x00, 0x00, 0x80, 0x40, 0x10, 0x04, 0x04, 0x40, 0x08, 
	0x00, 0x02, 0x00, 0x20, 0x00, 0x00, 0x80, 0x00, 0x00, 0x00, 0x82, 0x00, 0x00, 0x08, 0x00, 0x00, 
	0x00, 0x00, 0x00, 0x00, 0x00, 0x00, 0x00, 0x00, 0x00, 0x00, 0x00, 0x00, 0x00, 0x40, 0x00, 0x10, 
	0x04, 0x00, 0x01, 0x00, 0x08, 0x42, 0x00, 0x00, 0x00, 0x00, 0x00, 0x00, 0x00, 0x00, 0x00, 0x00, 
	0x00, 0x00, 0x08, 0x00, 0x00, 0x10, 0x00, 0x00, 0x40, 0x10, 0x00, 0x80, 0xF8, 0x40, 0x80, 0x01, 
	0x00, 0x00, 0x00, 0x00, 0x00, 0x04, 0x00, 0x3A, 0x60, 0x01, 0x08, 0x00, 0x65, 0x80, 0xC0, 0x20, 
	0x80, 0x04, 0x08, 0x01, 0x02, 0x20, 0x02, 0x2C, 0x00, 0x00, 0x30, 0x00, 0x00, 0x00, 0x00, 0x00, 
	0x00, 0x00, 0x00, 0x00, 0x00, 0x00, 0x00, 0x00, 0x00, 0x00, 0x60, 0x00, 0x04, 0x30, 0x00, 0x24, 
	0x00, 0x02, 0xD3, 0x00, 0x00, 0x00, 0x00, 0x04, 0x28, 0x00, 0x10, 0x00, 0x22, 0x00, 0x04, 0x10, 
	0x0A, 0x01, 0x40, 0x00, 0x44, 0x80, 0x0D, 0x00, 0x08, 0xF9, 0x80, 0x30, 0x00, 0x00, 0x00, 0x00, 
	0x00, 0x00, 0x28, 0x00, 0x00, 0x4E, 0x08, 0x81, 0x20, 0x00, 0x24, 0x04, 0x84, 0x21, 0x10, 0x29, 
	0x12, 0x28, 0x00, 0x16, 0x81, 0x00, 0x20, 0x09, 0x00, 0x00, 0x00, 0x00, 0x00, 0x00, 0x00, 0x00, 
	0x00, 0x00, 0x00, 0x00, 0x00, 0x00, 0x00, 0x00, 0x43, 0x00, 0x04, 0x00, 0x84, 0x80, 0x58, 0x02, 
	0x62, 0xC0, 0x00, 0x00, 0x00, 0x01, 0x10, 0x00, 0xC0, 0x40, 0x3A, 0x22, 0x07, 0x01, 0x0D, 0x02, 
	0x08, 0x80, 0x05, 0x89, 0x0E, 0x00, 0xFB, 0x8A, 0x00, 0x00, 0x00, 0x00, 0x00, 0x00, 0x00, 0x00, 
	0x00, 0x00, 0x00, 0x00, 0x80, 0x00, 0x00, 0x00, 0x00, 0x00, 0x20, 0x00, 0x00, 0x00, 0x40, 0x00, 
	0x04, 0x80, 0x00, 0x00, 0x08, 0x00, 0x00, 0x00, 0x00, 0x00, 0x00, 0x00, 0x00, 0x00, 0x00, 0x00, 
	0x00, 0x00, 0x00, 0x00, 0x00, 0x40, 0x00, 0x00, 0x00, 0x00, 0x00, 0x02, 0x00, 0x00, 0x00, 0x00, 
	0x00, 0x00, 0x00, 0x08, 0x00, 0x00, 0x40, 0x20, 0x00, 0x48, 0x00, 0x00, 0x00, 0x00, 0x20, 0x00, 
	0x00, 0x10, 0x70, 0xF8, 0x00, 0x40, 0x00, 0x00, 0x00, 0x00, 0x00, 0x00, 0x00, 0x00, 0x00, 0x10, 
	0x04, 0x04, 0x40, 0x00, 0x08, 0x02, 0x40, 0x00, 0x02, 0x00, 0x01, 0x00, 0x00, 0x00, 0x01, 0x00, 
	0x10, 0x00, 0x00, 0x00, 0x00, 0x00, 0x00, 0x00, 0x00, 0x00, 0x00, 0x00, 0x00, 0x00, 0x00, 0x00, 
	0x00, 0x80, 0x00, 0x00, 0x08, 0x00, 0x40, 0x00, 0x08, 0x08, 0x81, 0x20, 0x00, 0x00, 0x40, 0x00, 
	0x00, 0x00, 0x00, 0x01, 0x10, 0x00, 0x04, 0x00, 0x00, 0x00, 0x04, 0x00, 0x01, 0x00, 0x08, 0xF0, 
	0xFC, 0x00, 0x00, 0x00, 0x00, 0x00, 0x00, 0x00, 0x00, 0x00, 0x00, 0x00, 0x00, 0x00, 0x00, 0x00, 
	0x00, 0x00, 0x00, 0x00, 0x00, 0x00, 0x00, 0x00, 0x00, 0x00, 0x00, 0x00, 0x00, 0x00, 0x00, 0x00, 
	0x00, 0x00, 0x00, 0x00, 0x00, 0x00, 0x00, 0x00, 0x00, 0x00, 0x00, 0x00, 0x00, 0x00, 0x00, 0x00, 
	0x00, 0x40, 0x00, 0x00, 0x00, 0x00, 0x00, 0x00, 0x00, 0x00, 0x00, 0x00, 0x00, 0x00, 0x00, 0x00, 
	0x00, 0x00, 0x00, 0x00, 0x00, 0x10, 0x00, 0x00, 0x00, 0x00, 0x08, 0x00, 0x50, 0xFE, 0x00, 0x00, 
	0x00, 0x80, 0x00, 0x00, 0x00, 0x00, 0x00, 0x00, 0x00, 0x60, 0x00, 0x00, 0x00, 0x00, 0x20, 0x00, 
	0x00, 0x00, 0x00, 0x00, 0x00, 0x00, 0x00, 0x02, 0x00, 0x00, 0x00, 0x00, 0x00, 0x00, 0x00, 0x00, 
	0x00, 0x00, 0x00, 0x00, 0x00, 0x00, 0x00, 0x00, 0x00, 0x00, 0x00, 0x00, 0x00, 0x00, 0x80, 0x00, 
	0x00, 0x00, 0x00, 0x00, 0x00, 0x00, 0x00, 0x00, 0x20, 0x00, 0x00, 0x00, 0x00, 0x00, 0x00, 0x20, 
	0x00, 0x00, 0x00, 0x00, 0x00, 0x00, 0x00, 0x00, 0x00, 0x98, 0xF9, 0x00, 0x00, 0x00, 0x00, 0x00, 
	0x00, 0x00, 0x00, 0x08, 0x00, 0x80, 0x40, 0x00, 0x00, 0x00, 0x00, 0x00, 0x00, 0x00, 0x00, 0x00, 
	0x00, 0x00, 0x00, 0x00, 0x00, 0x00, 0x00, 0x00, 0x00, 0x00, 0x00, 0x40, 0x00, 0x00, 0x00, 0x00, 
	0x00, 0x00, 0x10, 0x00, 0x00, 0x00, 0x00, 0x00, 0x00, 0x00, 0x00, 0x00, 0x00, 0x00, 0x00, 0x00, 
	0x10, 0x00, 0x00, 0x00, 0x00, 0x00, 0x00, 0x00, 0x00, 0x00, 0x00, 0x01, 0x00, 0x00, 0x00, 0x00, 
	0x00, 0x00, 0x00, 0x00, 0x00, 0x00, 0x00, 0xFF, 0x00, 0x00, 0x40, 0x00, 0x00, 0x02, 0x00, 0x00, 
	0x00, 0x00, 0x40, 0x00, 0x00, 0x18, 0x00, 0x00, 0x00, 0x00, 0x00, 0x00, 0x01, 0x00, 0x00, 0x00, 
	0x00, 0x00, 0x00, 0x00, 0x00, 0x00, 0x00, 0x00, 0x00, 0x00, 0x00, 0x00, 0x00, 0x00, 0x00, 0x00, 
	0x00, 0x00, 0x00, 0x80, 0x00, 0x00, 0x00, 0x00, 0x00, 0x00, 0x00, 0x00, 0x00, 0x20, 0x00, 0x80, 
	0x00, 0x10, 0x00, 0x00, 0x00, 0x00, 0x00, 0x00, 0x00, 0x00, 0x90, 0x00, 0x00, 0x00, 0x00, 0x10, 
	0x00, 0x00, 0x00, 0xF0, 0xFD, 0x00, 0x01, 0x00, 0x00, 0x00, 0x00, 0x02, 0x00, 0x00, 0x00, 0x00, 
	0x00, 0x00, 0x00, 0x00, 0x00, 0x00, 0x00, 0x10, 0x00, 0x00, 0x00, 0x00, 0x00, 0x20, 0x00, 0x00, 
	0x00, 0x00, 0x00, 0x00, 0x00, 0x00, 0x00, 0x00, 0x00, 0x00, 0x00, 0x00, 0x00, 0x00, 0x00, 0x00, 
	0x00, 0x00, 0x00, 0x00, 0x00, 0x00, 0x00, 0x00, 0x00, 0x00, 0x00, 0x00, 0x00, 0x00, 0x00, 0x00, 
	0x00, 0x00, 0x00, 0x00, 0x00, 0x00, 0x08, 0x00, 0x00, 0x00, 0x00, 0x10, 0x00, 0x00, 0x00, 0x00, 
	0x18, 0xFD, 0x00, 0x00, 0x00, 0x00, 0x00, 0x00, 0x00, 0x00, 0x00, 0x00, 0x00, 0x00, 0x00, 0x00, 
	0x00, 0x00, 0x00, 0x00, 0x00, 0x00, 0x00, 0x00, 0x00, 0x20, 0x08, 0x00, 0x00, 0x00, 0x00, 0x00, 
	0x00, 0x00, 0x00, 0x00, 0x00, 0x00, 0x00, 0x00, 0x00, 0x00, 0x00, 0x00, 0x00, 0x00, 0x00, 0x00, 
	0x00, 0x00, 0x00, 0x00, 0x00, 0x00, 0x00, 0x02, 0x00, 0x00, 0x00, 0x00, 0x00, 0x00, 0x00, 0x00, 
	0x00, 0x00, 0x00, 0x00, 0x04, 0x40, 0x00, 0x00, 0x00, 0x00, 0x00, 0x00, 0x00, 0xB0, 0xFD, 0x00, 
	0x00, 0x00, 0x00, 0x00, 0x00, 0x00, 0x00, 0x00, 0x02, 0x00, 0x10, 0x00, 0x00, 0x00, 0x00, 0x00, 
	0x00, 0x00, 0x00, 0x00, 0x00, 0x00, 0x00, 0x00, 0x00, 0x00, 0x00, 0x00, 0x00, 0x00, 0x00, 0x00, 
	0x00, 0x00, 0x00, 0x00, 0x00, 0x00, 0x00, 0x00, 0x00, 0x00, 0x00, 0x00, 0x00, 0x00, 0x00, 0x00, 
	0x00, 0x00, 0x00, 0x20, 0x00, 0x00, 0x08, 0x00, 0x00, 0x00, 0x00, 0x00, 0x00, 0x00, 0x00, 0x00, 
	0x00, 0x08, 0x00, 0x00, 0x00, 0x00, 0x00, 0x00, 0x00, 0x00, 0x18, 0xFE, 0x00, 0x00, 0x00, 0x00, 
	0x00, 0x00, 0x00, 0x00, 0x80, 0x00, 0x80, 0x00, 0x00, 0x00, 0x00, 0x00, 0x00, 0x00, 0x28, 0x00, 
	0x04, 0x00, 0x00, 0x01, 0x01, 0x00, 0x00, 0x00, 0x00, 0x00, 0x00, 0x00, 0x00, 0x04, 0x00, 0x00, 
	0x00, 0x00, 0x00, 0x00, 0x00, 0x02, 0x00, 0x00, 0x00, 0x00, 0x00, 0x08, 0x00, 0x00, 0x00, 0x00, 
	0x00, 0x00, 0x00, 0x00, 0x00, 0x00, 0x00, 0x00, 0x08, 0x00, 0x00, 0x00, 0x00, 0x00, 0x02, 0x00, 
	0x00, 0x00, 0x00, 0x00, 0x00, 0x02, 0x00, 0xB8, 0xFA, 0x00, 0x00, 0x00, 0x00, 0x00, 0x00, 0x00, 
	0x08, 0x80, 0x00, 0x04, 0x00, 0x00, 0x00, 0x00, 0x00, 0x00, 0x00, 0x00, 0x00, 0x00, 0x00, 0x00, 
	0x00, 0x40, 0x00, 0x00, 0x00, 0x00, 0x00, 0x00, 0x40, 0x00, 0x00, 0x20, 0x00, 0x00, 0x00, 0x00, 
	0x00, 0x00, 0x00, 0x01, 0x00, 0x00, 0x00, 0x00, 0x00, 0x00, 0x00, 0x00, 0x00, 0x00, 0x00, 0x00, 
	0x00, 0x00, 0x00, 0x00, 0x00, 0x00, 0x00, 0x00, 0x00, 0x00, 0x00, 0x00, 0x00, 0x00, 0x00, 0x00, 
	0x00, 0x00, 0x00, 0x00, 0xA8, 0xFC, 0x00, 0x00, 0x00, 0x00, 0x00, 0x00, 0x00, 0x00, 0x00, 0x00, 
	0x00, 0x00, 0x00, 0x00, 0x00, 0x00, 0x00, 0x00, 0x00, 0x00, 0x00, 0x00, 0x00, 0x00, 0x00, 0x00, 
	0x00, 0x00, 0x00, 0x00, 0x00, 0x00, 0x00, 0x00, 0x00, 0x00, 0x00, 0x00, 0x00, 0x01, 0x00, 0x00, 
	0x00, 0x00, 0x00, 0x00, 0x00, 0x00, 0x00, 0x00, 0x00, 0x00, 0x00, 0x00, 0x00, 0x00, 0x00, 0x00, 
	0x00, 0x00, 0x00, 0x04, 0x80, 0x00, 0x00, 0x00, 0x00, 0x00, 0x14, 0x00, 0x00, 0x00, 0x01, 0x00, 
	0x00, 0x50, 0xFA, 0x00, 0x00, 0x00, 0x00, 0x00, 0x00, 0x00, 0x00, 0x00, 0x00, 0x00, 0x20, 0x00, 
	0x00, 0x00, 0x80, 0x00, 0x00, 0x00, 0x00, 0x00, 0x00, 0x00, 0x00, 0x00, 0x00, 0x00, 0x00, 0x00, 
	0x00, 0x00, 0x00, 0x00, 0x00, 0x00, 0x00, 0x00, 0x00, 0x00, 0x00, 0x00, 0x00, 0x00, 0x00, 0x00, 
	0x00, 0x04, 0x00, 0x00, 0x00, 0x00, 0x00, 0x08, 0x00, 0x00, 0x00, 0x00, 0x00, 0x00, 0x00, 0x00, 
	0x40, 0x00, 0x00, 0x00, 0x00, 0x40, 0x00, 0x40, 0x00, 0x00, 0x00, 0x00, 0x00, 0x00, 0x90, 0xF9, 
	0x00, 0x00, 0x00, 0x00, 0x04, 0x00, 0x00, 0x00, 0x00, 0x00, 0x00, 0x00, 0x00, 0x00, 0x00, 0x00, 
	0x00, 0x00, 0x00, 0x00, 0x00, 0x00, 0x00, 0x08, 0x10, 0x00, 0x00, 0x00, 0x00, 0x00, 0x00, 0x00, 
	0x00, 0x00, 0x00, 0x00, 0x00, 0x00, 0x00, 0x00, 0x00, 0x00, 0x00, 0x00, 0x00, 0x00, 0x00, 0x40, 
	0x00, 0x00, 0x00, 0x00, 0x00, 0x00, 0x00, 0x00, 0x00, 0x00, 0x00, 0x00, 0x00, 0x00, 0x00, 0x00, 
	0x00, 0x00, 0x00, 0x00, 0x00, 0x00, 0x02, 0x00, 0x00, 0x00, 0x00, 0x08, 0xFD, 0x00, 0x00, 0x00, 
	0x00, 0x00, 0x00, 0x00, 0x00, 0x00, 0x00, 0x00, 0x00, 0x04, 0x00, 0x00, 0x00, 0x00, 0x00, 0x00, 
	0x00, 0x00, 0x00, 0x00, 0x00, 0x00, 0x00, 0x00, 0x00, 0x00, 0x00, 0x00, 0x00, 0x00, 0x00, 0x00, 
	0x00, 0x00, 0x00, 0x00, 0x00, 0x00, 0x00, 0x00, 0x00, 0x00, 0x00, 0x00, 0x00, 0x08, 0x00, 0x00, 
	0x00, 0x00, 0x04, 0x00, 0x00, 0x00, 0x00, 0x00, 0x00, 0x00, 0x00, 0x00, 0x01, 0x00, 0x00, 0x04, 
	0x00, 0x00, 0x00, 0x00, 0x10, 0x00, 0x00, 0x00, 0xC0, 0xFF, 0x00, 0x00, 0x00, 0x00, 0x00, 0x00, 
	0x00, 0x00, 0x00, 0x00, 0x08, 0x00, 0x00, 0x00, 0x40, 0x00, 0x00, 0x00, 0x00, 0x00, 0x00, 0x00, 
	0x00, 0x00, 0x00, 0x00, 0x80, 0x00, 0x00, 0x00, 0x00, 0x00, 0x00, 0x00, 0x00, 0x10, 0x00, 0x00, 
	0x00, 0x00, 0x00, 0x00, 0x00, 0x08, 0x00, 0x00, 0x00, 0x00, 0x00, 0x00, 0x40, 0x00, 0x00, 0x00, 
	0x01, 0x00, 0x00, 0x04, 0x00, 0x00, 0x00, 0x00, 0x00, 0x40, 0x00, 0x00, 0x00, 0x00, 0x00, 0x00, 
	0x00, 0x00, 0x00, 0x00, 0x00, 0x00, 0xFB, 0x00, 0x00, 0x00, 0x00, 0x00, 0x00, 0x00, 0x00, 0x00, 
	0x00, 0x00, 0x00, 0x00, 0x00, 0x00, 0x00, 0x00, 0x00, 0x00, 0x00, 0x00, 0x00, 0x00, 0x00, 0x00, 
	0x00, 0x00, 0x00, 0x00, 0x00, 0x00, 0x00, 0x00, 0x00, 0x00, 0x00, 0x00, 0x00, 0x00, 0x00, 0x00, 
	0x00, 0x00, 0x00, 0x00, 0x00, 0x00, 0x00, 0x00, 0x00, 0x00, 0x00, 0x00, 0x08, 0x00, 0x00, 0x00, 
	0x00, 0x00, 0x00, 0x00, 0x00, 0x02, 0x00, 0x00, 0x00, 0x00, 0x00, 0x00, 0x00, 0x00, 0x00, 0x00, 
	0x00, 0x00, 0x38, 0xFF, 0x00, 0x00, 0x00, 0x00, 0x00, 0x01, 0x10, 0x00, 0x00, 0x00, 0x00, 0x00, 
	0x00, 0x00, 0x00, 0x00, 0x00, 0x00, 0x00, 0x00, 0x40, 0x00, 0x00, 0x40, 0x00, 0x00, 0x00, 0x00, 
	0x00, 0x00, 0x00, 0x00, 0x00, 0x00, 0x00, 0x00, 0x00, 0x00, 0x00, 0x00, 0x00, 0x00, 0x00, 0x00, 
	0x00, 0x00, 0x00, 0x00, 0x00, 0x00, 0x00, 0x00, 0x00, 0x00, 0x00, 0x00, 0x10, 0x00, 0x00, 0x20, 
	0x00, 0x00, 0x00, 0x02, 0x00, 0x00, 0x00, 0x00, 0x00, 0x00, 0x00, 0x00, 0x00, 0x00, 0x00, 0xB8, 
	0xFE, 0x00, 0x00, 0x00, 0x08, 0x01, 0x00, 0x00, 0x04, 0x00, 0x00, 0x10, 0x00, 0x00, 0x00, 0x00, 
	0x00, 0x00, 0x00, 0x00, 0x00, 0x00, 0x00, 0x00, 0x00, 0x10, 0x00, 0x00, 0x00, 0x00, 0x00, 0x08, 
	0x00, 0x00, 0x00, 0x00, 0x20, 0x00, 0x00, 0x00, 0x00, 0x00, 0x00, 0x00, 0x00, 0x00, 0x00, 0x00, 
	0x00, 0x00, 0x00, 0x00, 0x00, 0x00, 0x00, 0x00, 0x00, 0x00, 0x00, 0x00, 0x00, 0x00, 0x00, 0x00, 
	0x20, 0x00, 0x00, 0x00, 0x00, 0x00, 0x00, 0x00, 0x00, 0x00, 0x00, 0x00, 0xB8, 0xF9, 0x00, 0x00, 
	0x00, 0x00, 0x00, 0x00, 0x00, 0x00, 0x00, 0x00, 0x00, 0x00, 0x00, 0x00, 0x00, 0x00, 0x00, 0x00, 
	0x00, 0x00, 0x00, 0x80, 0x00, 0x00, 0x00, 0x00, 0x00, 0x00, 0x00, 0x00, 0x00, 0x04, 0x00, 0x00, 
	0x00, 0x00, 0x00, 0x40, 0x00, 0x00, 0x08, 0x00, 0x00, 0x00, 0x40, 0x40, 0x00, 0x00, 0x00, 0x01, 
	0x00, 0x00, 0x00, 0x00, 0x00, 0x00, 0x00, 0x00, 0x00, 0x00, 0x00, 0x00, 0x00, 0x00, 0x00, 0x08, 
	0x00, 0x00, 0x00, 0x00, 0x04, 0x00, 0x00, 0x00, 0x00, 0x10, 0xFE, 0x00, 0x00, 0x00, 0x00, 0x00, 
	0x00, 0x00, 0x20, 0x00, 0x00, 0x20, 0x00, 0x00, 0x00, 0x40, 0x00, 0x04, 0x00, 0x00, 0x00, 0x00, 
	0x00, 0x00, 0x00, 0x00, 0x00, 0x04, 0x00, 0x00, 0x00, 0x00, 0x00, 0x00, 0x02, 0x00, 0x00, 0x00, 
	0x00, 0x00, 0x00, 0x00, 0x00, 0x00, 0x20, 0x00, 0x40, 0x00, 0x04, 0x00, 0x00, 0x00, 0x00, 0x04, 
	0x00, 0x00, 0x00, 0x00, 0x00, 0x40, 0x00, 0x08, 0x80, 0x08, 0x00, 0x00, 0x02, 0x80, 0x40, 0x08, 
	0x08, 0x01, 0x00, 0x00, 0x00, 0x00, 0x70, 0xFA, 0x00, 0x00, 0x00, 0x00, 0x00, 0x00, 0x00, 0x00, 
	0x00, 0x00, 0x00, 0x00, 0x00, 0x00, 0x00, 0x00, 0x00, 0x00, 0x00, 0x00, 0x00, 0x00, 0x00, 0x00, 
	0x00, 0x08, 0x00, 0x00, 0x20, 0x00, 0x00, 0x00, 0x00, 0x00, 0x00, 0x00, 0x00, 0x00, 0x00, 0x00, 
	0x00, 0x00, 0x00, 0x00, 0x00, 0x00, 0x00, 0x00, 0x00, 0x00, 0x04, 0x00, 0x08, 0x00, 0x00, 0x00, 
	0x00, 0x00, 0x00, 0x00, 0x81, 0x00, 0x00, 0x00, 0x00, 0x00, 0x00, 0x00, 0x00, 0x00, 0x00, 0x40, 
	0x02, 0x00, 0x08, 0xC8, 0xFA, 0x00, 0x00, 0x20, 0x80, 0x00, 0x20, 0x00, 0x00, 0x00, 0x80, 0x00, 
	0x01, 0x00, 0x00, 0x00, 0x00, 0x00, 0x00, 0x00, 0x00, 0x00, 0x00, 0x00, 0x00, 0x00, 0x00, 0x00, 
	0x00, 0x00, 0x00, 0x00, 0x00, 0x00, 0x00, 0x00, 0x00, 0x00, 0x00, 0x08, 0x00, 0x00, 0x00, 0x00, 
	0x00, 0x00, 0x00, 0x00, 0x00, 0x00, 0x00, 0x00, 0x00, 0x00, 0x00, 0x00, 0x00, 0x00, 0x00, 0x02, 
	0x00, 0x00, 0x04, 0x00, 0x40, 0x00, 0x00, 0x02, 0x00, 0x00, 0x00, 0x00, 0x00, 0x01, 0x00, 0x00, 
	0x78, 0xFA, 0x00, 0x00, 0x00, 0x00, 0x00, 0x00, 0x00, 0x00, 0x08, 0x00, 0x00, 0x00, 0x00, 0x00, 
	0x00, 0x00, 0x00, 0x00, 0x00, 0x00, 0x00, 0x00, 0x00, 0x00, 0x00, 0x00, 0x00, 0x00, 0x00, 0x00, 
	0x00, 0x01, 0x00, 0x00, 0x00, 0x00, 0x00, 0x00, 0x00, 0x00, 0x00, 0x00, 0x00, 0x00, 0x00, 0x00, 
	0x00, 0x00, 0x00, 0x00, 0x00, 0x00, 0x00, 0x00, 0x00, 0x00, 0x00, 0x00, 0x00, 0x00, 0x00, 0x00, 
	0x00, 0x00, 0x00, 0x00, 0x00, 0x00, 0x00, 0x00, 0x00, 0x00, 0x00, 0x00, 0x00, 0x18, 0xFE, 0x00, 
	0x00, 0x00, 0x40, 0x00, 0x00, 0x00, 0x00, 0x04, 0x00, 0x00, 0x00, 0x00, 0x00, 0x04, 0x00, 0x00, 
	0x00, 0x00, 0x00, 0x00, 0x00, 0x0C, 0x00, 0x00, 0x01, 0x40, 0x04, 0x00, 0x00, 0x00, 0x00, 0x00, 
	0x00, 0x00, 0x00, 0x00, 0x00, 0x00, 0x00, 0x00, 0x00, 0x00, 0x00, 0x00, 0x80, 0x42, 0x00, 0x00, 
	0x10, 0x28, 0x02, 0x02, 0x80, 0x08, 0x10, 0x00, 0x20, 0x20, 0x04, 0x00, 0x00, 0x04, 0x00, 0x02, 
	0x00, 0x00, 0x00, 0x00, 0x00, 0x08, 0x00, 0x00, 0x00, 0x00, 0x78, 0xFE, 0x00, 0x00, 0x04, 0x44, 
	0x02, 0x40, 0x00, 0x08, 0x40, 0x00, 0x00, 0x80, 0x00, 0x00, 0x00, 0x14, 0x80, 0x02, 0x10, 0x00, 
	0x02, 0x00, 0x00, 0x00, 0x80, 0x05, 0x00, 0x00, 0x14, 0x00, 0x00, 0x00, 0x00, 0x00, 0x00, 0x40, 
	0x00, 0x00, 0x00, 0x00, 0x00, 0x00, 0x00, 0x20, 0x00, 0x20, 0x00, 0x04, 0x00, 0x04, 0x00, 0x00, 
	0x00, 0x00, 0x00, 0x00, 0x00, 0x00, 0x00, 0x00, 0x24, 0x00, 0x00, 0x00, 0x00, 0x10, 0x08, 0x0A, 
	0x40, 0x01, 0x28, 0xA0, 0x00, 0x14, 0x00, 0x80, 0xF8, 0x00, 0x40, 0x10, 0x08, 0x00, 0x80, 0x00, 
	0x08, 0x08, 0x00, 0x00, 0x00, 0x00, 0x00, 0x00, 0x20, 0x00, 0x00, 0x00, 0x00, 0x00, 0x00, 0x00, 
	0x00, 0x00, 0x01, 0x02, 0x40, 0x10, 0x00, 0x00, 0x00, 0x00, 0x10, 0x00, 0x00, 0x00, 0x00, 0x00, 
	0x00, 0x00, 0x00, 0x00, 0x00, 0x00, 0x20, 0x00, 0x00, 0x00, 0x00, 0x00, 0x00, 0x00, 0x40, 0x00, 
	0x01, 0x00, 0x04, 0x00, 0x40, 0x04, 0x00, 0x00, 0x42, 0x00, 0x04, 0x40, 0x00, 0x00, 0x00, 0x00, 
	0x20, 0x80, 0x00, 0x00, 0xD0, 0xFB, 0x00, 0x00, 0x00, 0x10, 0x00, 0x20, 0x00, 0x00, 0x02, 0x82, 
	0x00, 0x10, 0x04, 0x00, 0x00, 0x10, 0x08, 0x00, 0x00, 0x20, 0x00, 0x10, 0x01, 0x22, 0x00, 0x08, 
	0x00, 0x20, 0x10, 0x08, 0x00, 0x00, 0x00, 0x00, 0x00, 0x00, 0x00, 0x00, 0x00, 0x00, 0x00, 0x00, 
	0x00, 0x00, 0x10, 0x80, 0x00, 0x10, 0x00, 0x02, 0x00, 0x20, 0x08, 0x00, 0x00, 0x10, 0x00, 0x00, 
	0x84, 0x00, 0x00, 0x00, 0x02, 0x21, 0x00, 0x00, 0x00, 0x00, 0x00, 0x00, 0x00, 0x00, 0x00, 0x00, 
	0x80, 0x14, 0xF8, 0x00, 0xB0, 0x08, 0x36, 0x00, 0x31, 0x00, 0x04, 0x58, 0x00, 0x02, 0x50, 0x29, 
	0x00, 0x00, 0xAC, 0x20, 0xA0, 0x00, 0x80, 0x00, 0x50, 0x00, 0x0A, 0x0A, 0x03, 0x04, 0x80, 0x0D, 
	0x20, 0x00, 0x00, 0x00, 0x10, 0x00, 0x00, 0x80, 0x00, 0x00, 0x00, 0x00, 0x00, 0x00, 0x00, 0x50, 
	0x60, 0x00, 0x04, 0x80, 0x00, 0x80, 0x82, 0x02, 0x80, 0x50, 0x09, 0x0C, 0x02, 0x28, 0x80, 0x08, 
	0x85, 0x00, 0xB6, 0x02, 0x84, 0x82, 0x00, 0x40, 0x11, 0x00, 0x40, 0x80, 0x00, 0x00, 0xB0, 0xFA, 
	0x00, 0x20, 0x00, 0x20, 0x21, 0x00, 0x00, 0x50, 0x02, 0x41, 0x08, 0x42, 0x09, 0xB7, 0x22, 0x20, 
	0x04, 0x80, 0x41, 0x14, 0x10, 0x06, 0xA0, 0x00, 0x11, 0x01, 0x03, 0x91, 0x06, 0x20, 0x00, 0x00, 
	0x00, 0x00, 0x00, 0x00, 0x20, 0x00, 0x00, 0x00, 0x00, 0x08, 0x00, 0x00, 0x00, 0x00, 0x01, 0x90, 
	0x0C, 0x00, 0x80, 0x00, 0x08, 0x40, 0x00, 0x40, 0x0C, 0x91, 0x02, 0x08, 0x10, 0x01, 0x26, 0x8A, 
	0x02, 0x02, 0x04, 0x02, 0x50, 0x12, 0x9A, 0x8A, 0x20, 0x30, 0x06, 0x80, 0xFC, 0x00, 0x00, 0x00, 
	0x00, 0x00, 0x00, 0x00, 0x00, 0x00, 0x01, 0x00, 0x00, 0x00, 0x88, 0x00, 0x00, 0x00, 0x00, 0x44, 
	0x00, 0x00, 0x04, 0x80, 0x00, 0x08, 0x00, 0x02, 0x00, 0x00, 0x00, 0x00, 0x00, 0x00, 0x00, 0x00, 
	0x00, 0x20, 0x00, 0x00, 0x00, 0x00, 0x00, 0x00, 0x00, 0x00, 0x00, 0x00, 0x08, 0x08, 0x00, 0x00, 
	0x00, 0x08, 0x00, 0x00, 0x00, 0x00, 0x00, 0x02, 0x00, 0x10, 0x80, 0x00, 0x00, 0x00, 0x00, 0x02, 
	0x00, 0x00, 0x10, 0x00, 0x22, 0x00, 0x10, 0x00, 0x50, 0xFD, 0x00, 0x40, 0x00, 0x00, 0x00, 0x00, 
	0x00, 0x10, 0x02, 0x40, 0x00, 0x00, 0x04, 0x02, 0x40, 0x04, 0x08, 0x80, 0x00, 0x20, 0x08, 0x08, 
	0x00, 0x00, 0x00, 0x00, 0x22, 0x00, 0x00, 0x00, 0x00, 0x00, 0x00, 0x00, 0x00, 0x00, 0x00, 0x00, 
	0x00, 0x00, 0x00, 0x08, 0x00, 0x00, 0x00, 0x40, 0x00, 0x00, 0x10, 0x00, 0x80, 0x00, 0x00, 0x00, 
	0x00, 0x20, 0x10, 0x00, 0x00, 0x00, 0x00, 0x00, 0x02, 0x80, 0x00, 0x00, 0x00, 0x01, 0x20, 0x00, 
	0x04, 0x00, 0x40, 0x20, 0x08, 0x18, 0xFA, 0x10, 0x00, 0x40, 0x00, 0x00, 0x00, 0x00, 0x00, 0x00, 
	0x00, 0x00, 0x00, 0x00, 0x00, 0x00, 0x00, 0x00, 0x00, 0x00, 0x00, 0x02, 0x00, 0x40, 0x00, 0x00, 
	0x00, 0x00, 0x00, 0x00, 0x00, 0x00, 0x00, 0x00, 0x00, 0x00, 0x00, 0x00, 0x00, 0x00, 0x00, 0x00, 
	0x00, 0x00, 0x00, 0x00, 0x00, 0x00, 0x00, 0x00, 0x00, 0x04, 0x00, 0x00, 0x02, 0x00, 0x00, 0x00, 
	0x00, 0x00, 0x00, 0x00, 0x00, 0x00, 0x00, 0x00, 0x00, 0x00, 0x01, 0x00, 0x00, 0x04, 0x00, 0x04, 
	0x00, 0x00, 0x8C, 0xFA, 0x00, 0x42, 0x00, 0x00, 0x00, 0x00, 0x00, 0x00, 0x00, 0x04, 0x00, 0x00, 
	0x10, 0x03, 0x00, 0x00, 0x00, 0x00, 0x00, 0x00, 0x00, 0x00, 0x00, 0x00, 0x00, 0x00, 0x00, 0x02, 
	0x00, 0x00, 0x00, 0x00, 0x00, 0x00, 0x00, 0x00, 0x00, 0x00, 0x00, 0x00, 0x00, 0x00, 0x00, 0x00, 
	0x00, 0x00, 0x00, 0x00, 0x08, 0x00, 0x00, 0x00, 0x00, 0x00, 0x80, 0x00, 0x00, 0x00, 0x00, 0x00, 
	0x00, 0x40, 0x04, 0x00, 0x00, 0x00, 0x00, 0x00, 0x20, 0x00, 0x00, 0x00, 0x00, 0x00, 0x00, 0x20, 
	0xFA, 0x20, 0x00, 0x10, 0x00, 0x00, 0x00, 0x00, 0x00, 0x00, 0x00, 0x00, 0x00, 0x01, 0x00, 0x00, 
	0x00, 0x00, 0x00, 0x00, 0x00, 0x00, 0x40, 0x02, 0x00, 0x00, 0x00, 0x00, 0x00, 0x00, 0x00, 0x00, 
	0x00, 0x00, 0x00, 0x00, 0x00, 0x00, 0x00, 0x00, 0x00, 0x00, 0x00, 0x02, 0x00, 0x00, 0x00, 0x00, 
	0x20, 0x00, 0x02, 0x80, 0x00, 0x00, 0x00, 0x02, 0x00, 0x00, 0x08, 0x00, 0x00, 0x04, 0x00, 0x00, 
	0x02, 0x00, 0x00, 0x00, 0x00, 0x00, 0x00, 0x20, 0x00, 0x00, 0x00, 0x00, 0x28, 0xF9, 0x00, 0x00, 
	0x18, 0x00, 0x00, 0x04, 0x00, 0x00, 0x00, 0x00, 0x00, 0x00, 0x02, 0x00, 0x00, 0x08, 0x00, 0x01, 
	0x00, 0x00, 0x00, 0x00, 0x00, 0x00, 0x00, 0x00, 0x02, 0x00, 0x08, 0x00, 0x80, 0x20, 0x00, 0x20, 
	0x00, 0x00, 0x00, 0x00, 0x00, 0x12, 0x00, 0x00, 0x00, 0x00, 0x00, 0x00, 0x00, 0x00, 0x00, 0x00, 
	0x00, 0x00, 0x00, 0x00, 0x00, 0x00, 0x00, 0x00, 0x00, 0x00, 0x00, 0x00, 0x00, 0x00, 0x00, 0x00, 
	0x00, 0x01, 0x00, 0x00, 0x00, 0x00, 0x00, 0x00, 0x00, 0x78, 0xFD, 0x8C, 0x00, 0x00, 0x00, 0x82, 
	0x00, 0x00, 0x00, 0x02, 0x00, 0x00, 0x00, 0x10, 0x80, 0x80, 0x00, 0x00, 0x80, 0x00, 0x10, 0x08, 
	0x08, 0x00, 0x11, 0x08, 0x00, 0x01, 0x20, 0x00, 0x04, 0x00, 0x00, 0x00, 0x00, 0x00, 0x00, 0x00, 
	0x00, 0x00, 0x00, 0x00, 0x00, 0x00, 0x00, 0x00, 0x00, 0x00, 0x00, 0x04, 0x00, 0x00, 0x10, 0x00, 
	0x00, 0x40, 0x20, 0x00, 0x00, 0x01, 0x00, 0x00, 0x00, 0x00, 0x08, 0x10, 0x00, 0x00, 0x00, 0x00, 
	0x00, 0x00, 0x02, 0x20, 0x00, 0x00, 0xB8, 0xFF, 0x00, 0x00, 0x00, 0x00, 0x00, 0x00, 0x00, 0x00, 
	0x00, 0x00, 0x01, 0x10, 0x00, 0x60, 0x00, 0x00, 0x00, 0x00, 0x00, 0x00, 0x00, 0x00, 0x00, 0x00, 
	0x00, 0x00, 0x60, 0x00, 0x00, 0x00, 0x00, 0x00, 0x00, 0x00, 0x00, 0x00, 0x00, 0x00, 0x00, 0x00, 
	0x00, 0x00, 0x00, 0x00, 0x00, 0x00, 0x80, 0x00, 0x00, 0x00, 0x30, 0x00, 0x00, 0xC0, 0x00, 0x00, 
	0x00, 0x02, 0x10, 0x80, 0x10, 0x00, 0x02, 0x00, 0x00, 0x01, 0x00, 0x00, 0x00, 0x00, 0x00, 0x00, 
	0x00, 0x00, 0x00, 0xE0, 0xFB, 0x00, 0x00, 0x00, 0x00, 0x00, 0x00, 0x00, 0x00, 0x00, 0x40, 0x00, 
	0x00, 0x00, 0x00, 0x00, 0x00, 0x00, 0x00, 0x00, 0x00, 0x00, 0x00, 0x00, 0x00, 0x00, 0x00, 0x00, 
	0x00, 0x04, 0x00, 0x00, 0x00, 0x00, 0x00, 0x00, 0x00, 0x00, 0x00, 0x00, 0x00, 0x00, 0x00, 0x00, 
	0x00, 0x00, 0x00, 0x00, 0x02, 0x10, 0x08, 0x00, 0x00, 0x10, 0x00, 0x00, 0x00, 0x00, 0x00, 0x00, 
	0x00, 0x00, 0x10, 0x00, 0x00, 0x00, 0x00, 0x00, 0x00, 0x00, 0x00, 0x02, 0x00, 0x00, 0x00, 0x00, 
	0x60, 0xF9, 0x00, 0x00, 0x20, 0x00, 0x00, 0x00, 0x00, 0x00, 0x00, 0x03, 0x10, 0x00, 0x00, 0x00, 
	0x00, 0x00, 0x00, 0x00, 0x40, 0x00, 0x08, 0x00, 0x01, 0x00, 0x00, 0x00, 0x00, 0x00, 0x00, 0x00, 
	0x00, 0x00, 0x00, 0x00, 0x00, 0x00, 0x00, 0x00, 0x00, 0x00, 0x00, 0x00, 0x00, 0x00, 0x00, 0x00, 
	0x02, 0x00, 0x00, 0x00, 0x00, 0x00, 0x00, 0x00, 0x00, 0x00, 0x00, 0x00, 0x00, 0x02, 0x00, 0x10, 
	0x00, 0x00, 0x00, 0x00, 0x00, 0x00, 0x00, 0x00, 0x00, 0x00, 0x00, 0x00, 0x80, 0xC0, 0xFD, 0x00, 
	0x00, 0x00, 0x00, 0x00, 0x40, 0x00, 0x02, 0x00, 0x01, 0x00, 0x08, 0x00, 0x00, 0x20, 0x00, 0x00, 
	0x00, 0x40, 0x00, 0x01, 0x22, 0x01, 0x04, 0x00, 0x00, 0x90, 0x00, 0x00, 0x00, 0x00, 0x05, 0x00, 
	0x00, 0x00, 0x00, 0x00, 0x00, 0x80, 0x00, 0x00, 0x00, 0x00, 0x10, 0x00, 0x00, 0x00, 0x00, 0x00, 
	0x00, 0x00, 0x00, 0x00, 0x00, 0x00, 0x00, 0x00, 0x00, 0x00, 0x00, 0x00, 0x00, 0x00, 0x00, 0x00, 
	0x01, 0x00, 0x00, 0x00, 0x00, 0x00, 0x00, 0x00, 0x00, 0x00, 0x18, 0xFC, 0x00, 0x00, 0x00, 0x00, 
	0x00, 0x08, 0x00, 0x04, 0x00, 0x00, 0x00, 0x08, 0x00, 0x00, 0x00, 0x00, 0x00, 0x00, 0x00, 0x00, 
	0x00, 0x00, 0x00, 0x00, 0x00, 0x00, 0x00, 0x00, 0x00, 0x00, 0x00, 0x00, 0x00, 0x00, 0x00, 0x00, 
	0x20, 0x00, 0x01, 0x00, 0x00, 0x00, 0x00, 0x00, 0x00, 0x00, 0x00, 0x00, 0x00, 0x00, 0x00, 0x10, 
	0x00, 0x00, 0x00, 0x00, 0x00, 0x00, 0x00, 0x00, 0x00, 0x00, 0x00, 0x00, 0x00, 0x00, 0x20, 0x04, 
	0x00, 0x00, 0x00, 0x00, 0x00, 0x00, 0x00, 0x98, 0xFF, 0x00, 0x00, 0x00, 0x20, 0x00, 0x00, 0x10, 
	0x00, 0x00, 0x00, 0x00, 0x00, 0x00, 0x00, 0x00, 0x00, 0x00, 0x00, 0x00, 0x00, 0x00, 0x00, 0x00, 
	0x08, 0x00, 0x00, 0x00, 0x00, 0x00, 0x00, 0x00, 0x00, 0x00, 0x00, 0x00, 0x00, 0x10, 0x00, 0x00, 
	0x00, 0x00, 0x00, 0x00, 0x40, 0x00, 0x00, 0x00, 0x00, 0x80, 0x00, 0x00, 0x00, 0x00, 0x00, 0x00, 
	0x00, 0x00, 0x00, 0x80, 0x00, 0x00, 0x00, 0x00, 0x00, 0x00, 0x00, 0x00, 0x00, 0x00, 0x00, 0x00, 
	0x00, 0x00, 0x05, 0x00, 0xB4, 0xFA, 0x00, 0x00, 0x00, 0x00, 0x01, 0x00, 0x00, 0x00, 0x00, 0x00, 
	0x00, 0x00, 0x00, 0x00, 0x20, 0x00, 0x00, 0x00, 0x00, 0x00, 0x00, 0x00, 0x00, 0x00, 0x00, 0x10, 
	0x00, 0x00, 0x00, 0x00, 0x00, 0x00, 0x00, 0x00, 0x00, 0x00, 0x00, 0x00, 0x00, 0x00, 0x00, 0x00, 
	0x00, 0x00, 0x00, 0x00, 0x00, 0x80, 0x00, 0x10, 0x00, 0x00, 0x00, 0x00, 0x00, 0x00, 0x00, 0x00, 
	0x00, 0x04, 0x00, 0x00, 0x00, 0x80, 0x00, 0x00, 0x00, 0x00, 0x00, 0x00, 0x00, 0x00, 0x00, 0x00, 
	0x00, 0xD0, 0xFC, 0x00, 0x00, 0x35, 0xC2, 0x00, 0x90, 0x44, 0x00, 0x40, 0x00, 0x00, 0x00, 0x05, 
	0xA2, 0x05, 0x35, 0x80, 0x00, 0x00, 0x02, 0x0B, 0x40, 0x12, 0x00, 0x00, 0x00, 0x00, 0x04, 0x35, 
	0x00, 0x00, 0x00, 0x00, 0x00, 0x00, 0x00, 0x00, 0x00, 0x00, 0x00, 0x00, 0x00, 0x00, 0x00, 0x00, 
	0x00, 0x00, 0x94, 0x90, 0x06, 0x10, 0x00, 0x02, 0x40, 0x90, 0x00, 0x14, 0x01, 0x00, 0x00, 0x04, 
	0x80, 0x00, 0x00, 0x00, 0x02, 0x00, 0x00, 0x48, 0x20, 0x4D, 0x20, 0x50, 0x04, 0x02, 0x98, 0xFB, 
	0x00, 0x00, 0x30, 0x00, 0x00, 0x40, 0x00, 0x00, 0x00, 0x00, 0x00, 0x00, 0x08, 0x00, 0x00, 0x00, 
	0x00, 0x00, 0x00, 0x00, 0x00, 0x08, 0x01, 0x01, 0x00, 0x00, 0x00, 0x00, 0x30, 0x00, 0x00, 0x00, 
	0x00, 0x00, 0x00, 0x00, 0x00, 0x00, 0x00, 0x00, 0x00, 0x00, 0x00, 0x00, 0x00, 0x00, 0x00, 0x20, 
	0x00, 0x06, 0x00, 0x00, 0x18, 0x00, 0x02, 0x00, 0x00, 0x00, 0x00, 0x00, 0x00, 0x00, 0x00, 0x00, 
	0x00, 0x00, 0x00, 0x00, 0x20, 0x00, 0x0C, 0x08, 0x00, 0x00, 0x10, 0x08, 0xFA, 0x40, 0x00, 0x30, 
	0x00, 0x00, 0xC0, 0x00, 0x00, 0x80, 0x00, 0x00, 0x00, 0x04, 0x80, 0x01, 0x30, 0x08, 0x01, 0x30, 
	0x00, 0x00, 0x10, 0x03, 0x01, 0x00, 0x00, 0x40, 0x00, 0x30, 0x00, 0x00, 0x00, 0x00, 0x00, 0x00, 
	0x00, 0x00, 0x00, 0x00, 0x00, 0x00, 0x00, 0x00, 0x00, 0x00, 0x00, 0x00, 0x1C, 0x08, 0x06, 0xF0, 
	0x00, 0x00, 0x00, 0x01, 0x58, 0x20, 0x02, 0x00, 0x00, 0x08, 0x00, 0x00, 0x00, 0x00, 0x00, 0x00, 
	0x00, 0x60, 0x00, 0x0C, 0x80, 0x00, 0x00, 0x08, 0x08, 0xFE, 0x20, 0x00, 0xB0, 0x08, 0x00, 0x40, 
	0x14, 0x00, 0x40, 0x00, 0x00, 0x00, 0x08, 0x82, 0x21, 0x30, 0x82, 0x00, 0x00, 0x00, 0x18, 0x01, 
	0x12, 0x00, 0x00, 0x00, 0x20, 0x00, 0x30, 0x00, 0x00, 0x00, 0x00, 0x00, 0x00, 0x00, 0x00, 0x00, 
	0x00, 0x00, 0x00, 0x00, 0x00, 0x00, 0x00, 0x00, 0x00, 0x24, 0x02, 0x06, 0xC0, 0x00, 0x00, 0x05, 
	0x10, 0x22, 0x01, 0x01, 0x00, 0x00, 0x04, 0x00, 0x00, 0x00, 0x00, 0x00, 0x00, 0x00, 0x20, 0x0A, 
	0x48, 0x08, 0x90, 0x00, 0x00, 0xC8, 0xFB, 0x80, 0x01, 0x00, 0x41, 0x20, 0x42, 0x02, 0x00, 0x00, 
	0x03, 0x02, 0x00, 0x24, 0x80, 0x90, 0x00, 0x01, 0xC6, 0xC0, 0x22, 0x00, 0x01, 0x60, 0x00, 0x00, 
	0x00, 0x80, 0x09, 0x02, 0x11, 0x00, 0x00, 0x00, 0x00, 0x00, 0x00, 0x00, 0x00, 0x00, 0x00, 0x00, 
	0x00, 0x00, 0x00, 0x00, 0x00, 0x00, 0x10, 0x01, 0x46, 0xC0, 0x08, 0x41, 0x04, 0x60, 0x50, 0x00, 
	0x80, 0x10, 0x00, 0x30, 0x02, 0x16, 0x00, 0x00, 0x00, 0x01, 0x00, 0x20, 0x41, 0x24, 0x80, 0x08, 
	0x01, 0x40, 0x80, 0xFA, 0xE0, 0x81, 0x3C, 0x80, 0x01, 0xB0, 0x80, 0x00, 0xC0, 0x03, 0x00, 0x00, 
	0x0B, 0x68, 0x01, 0x3C, 0x90, 0x07, 0xF0, 0x00, 0x16, 0xC4, 0x00, 0x00, 0x00, 0x00, 0xE0, 0x01, 
	0x0C, 0x00, 0x00, 0x00, 0x00, 0x00, 0x00, 0x00, 0x00, 0x00, 0x00, 0x00, 0x00, 0x00, 0x00, 0x00, 
	0x00, 0x00, 0x00, 0x2C, 0x88, 0x07, 0xF1, 0x00, 0x06, 0xC0, 0x00, 0x48, 0x00, 0x03, 0x00, 0x00, 
	0x3C, 0x90, 0x07, 0x02, 0x00, 0x06, 0x04, 0x00, 0x58, 0x00, 0x0B, 0x62, 0x00, 0x0C, 0x00, 0x40, 
	0xFE, 0x80, 0x01, 0x10, 0x00, 0x06, 0x42, 0x00, 0x00, 0x00, 0x03, 0x00, 0x00, 0x04, 0x80, 0x80, 
	0x00, 0x10, 0x06, 0xC0, 0x00, 0x18, 0x00, 0x01, 0x02, 0x00, 0x00, 0x80, 0x01, 0x00, 0x00, 0x00, 
	0x00, 0x00, 0x00, 0x00, 0x00, 0x00, 0x00, 0x00, 0x00, 0x00, 0x00, 0x00, 0x00, 0x00, 0x00, 0x00, 
	0x00, 0x08, 0x00, 0xC0, 0x40, 0x00, 0x04, 0x00, 0x52, 0x00, 0x0C, 0x04, 0x00, 0x30, 0x00, 0x06, 
	0x00, 0x00, 0x18, 0x00, 0x00, 0x20, 0x10, 0x04, 0x00, 0x00, 0x00, 0x10, 0x18, 0xFF, 0x80, 0x01, 
	0x20, 0x21, 0x06, 0xC0, 0x28, 0x00, 0x00, 0x03, 0x00, 0x00, 0x8C, 0x08, 0x09, 0x30, 0x00, 0x06, 
	0xC0, 0x00, 0x18, 0x05, 0x0B, 0x00, 0x00, 0x00, 0x80, 0x01, 0x00, 0x00, 0x00, 0x00, 0x00, 0x00, 
	0x10, 0x00, 0x00, 0x00, 0x00, 0x00, 0x00, 0x04, 0x08, 0x15, 0x00, 0x00, 0x00, 0xA0, 0x00, 0x10, 
	0xC1, 0x08, 0x00, 0x01, 0x00, 0x20, 0x00, 0x8C, 0x00, 0x00, 0x30, 0x00, 0x06, 0x00, 0x00, 0x18, 
	0x11, 0x00, 0x60, 0x01, 0x4A, 0x01, 0x50, 0x20, 0x01, 0xF8, 0xF9, 0x20, 0x00, 0x34, 0x82, 0x06, 
	0xD0, 0x04, 0x00, 0x40, 0x90, 0x68, 0x00, 0x45, 0x02, 0x88, 0x00, 0x80, 0x00, 0x00, 0x42, 0x1A, 
	0x41, 0x03, 0x00, 0x82, 0x00, 0xA0, 0x11, 0x32, 0x00, 0x00, 0x00, 0x00, 0x00, 0x00, 0x00, 0x00, 
	0x30, 0x00, 0x00, 0x00, 0x00, 0xC4, 0x15, 0xCD, 0x38, 0x00, 0x04, 0x80, 0x00, 0x10, 0x00, 0x42, 
	0x44, 0x03, 0x00, 0x14, 0x01, 0xA0, 0x01, 0x04, 0x42, 0x00, 0x00, 0x00, 0x02, 0x00, 0x00, 0x68, 
	0x02, 0x2D, 0xA8, 0x01, 0x04, 0x00, 0x7C, 0xFE, 0x00, 0x00, 0x30, 0x10, 0x06, 0xC0, 0x80, 0x00, 
	0x00, 0x01, 0x60, 0x00, 0x00, 0x00, 0x00, 0x00, 0x00, 0x00, 0x00, 0x00, 0x18, 0x08, 0x03, 0x00, 
	0x00, 0x00, 0x80, 0x01, 0x00, 0x08, 0x00, 0x00, 0x00, 0x00, 0x00, 0x01, 0x00, 0x0C, 0x00, 0x00, 
	0x00, 0x02, 0x67, 0xD5, 0xFF, 0x86, 0x01, 0x00, 0x00, 0x00, 0x00, 0x00, 0x08, 0x00, 0x03, 0x00, 
	0x00, 0x00, 0x80, 0x01, 0x10, 0x00, 0x00, 0x00, 0x00, 0x00, 0x00, 0x00, 0x60, 0x40, 0x0C, 0x80, 
	0x01, 0x00, 0x80, 0x60, 0xF9, 0x80, 0x01, 0x30, 0x10, 0x06, 0x42, 0x00, 0x00, 0x00, 0x00, 0x60, 
	0x00, 0x00, 0x68, 0x00, 0x00, 0x00, 0x00, 0x30, 0x00, 0x18, 0x00, 0x03, 0x10, 0x00, 0x00, 0x80, 
	0x41, 0x38, 0x10, 0x00, 0x00, 0x00, 0x00, 0x00, 0x11, 0x00, 0x08, 0x00, 0x00, 0x00, 0x07, 0x77, 
	0x5D, 0xEF, 0x84, 0x81, 0x00, 0x08, 0x01, 0x00, 0x20, 0x10, 0x04, 0x03, 0x58, 0x20, 0x00, 0x00, 
	0x00, 0x20, 0x20, 0x00, 0x00, 0x00, 0x00, 0x00, 0x00, 0x60, 0x00, 0x0C, 0x40, 0x00, 0x30, 0x00, 
	0xC9, 0xF8, 0x80, 0x51, 0x30, 0x00, 0x06, 0xC0, 0x14, 0x00, 0x00, 0xA0, 0x60, 0x00, 0x0C, 0x20, 
	0x00, 0x00, 0x00, 0x10, 0x08, 0x00, 0x50, 0x04, 0x03, 0x08, 0x00, 0x00, 0x80, 0x01, 0x84, 0x00, 
	0x00, 0x00, 0x00, 0x00, 0x00, 0x69, 0x00, 0x00, 0x00, 0x00, 0x00, 0x03, 0x77, 0xB7, 0xEF, 0x00, 
	0x08, 0x00, 0x82, 0x00, 0x00, 0x04, 0x80, 0x00, 0x43, 0x20, 0x01, 0x80, 0x10, 0x00, 0x00, 0x01, 
	0x00, 0x00, 0x00, 0x00, 0x00, 0x00, 0x40, 0x0A, 0x4C, 0x24, 0x00, 0x00, 0x10, 0xB2, 0xFB, 0x00, 
	0x08, 0x00, 0x41, 0x20, 0x42, 0x24, 0x00, 0x00, 0x88, 0x00, 0x14, 0x20, 0x80, 0x05, 0x00, 0x00, 
	0x20, 0xC0, 0x22, 0x88, 0x00, 0x00, 0x62, 0x02, 0x00, 0x80, 0x20, 0x00, 0x42, 0x00, 0x00, 0x00, 
	0x00, 0x00, 0x51, 0x00, 0x00, 0x00, 0x00, 0x00, 0x8E, 0x47, 0x7C, 0xCF, 0x00, 0x10, 0x00, 0x01, 
	0x06, 0x08, 0x08, 0x09, 0x03, 0x93, 0x50, 0x00, 0x00, 0x04, 0x30, 0x10, 0x01, 0x00, 0x00, 0x00, 
	0x98, 0x04, 0x00, 0x20, 0x00, 0x40, 0x80, 0x11, 0x00, 0x10, 0x4A, 0xFC, 0xE0, 0x81, 0x3C, 0x80, 
	0x07, 0xB0, 0x00, 0x00, 0xC0, 0x00, 0x18, 0x00, 0x0B, 0xE2, 0x41, 0x00, 0x80, 0x01, 0xF2, 0x00, 
	0x16, 0xD0, 0x00, 0x78, 0x10, 0x00, 0xE0, 0x01, 0x0C, 0x00, 0x00, 0x00, 0x00, 0x00, 0x00, 0x40, 
	0x00, 0x00, 0x00, 0x00, 0x00, 0x4A, 0x84, 0xF4, 0x0D, 0xA0, 0x81, 0x0C, 0x88, 0x07, 0x30, 0x00, 
	0x06, 0xC0, 0x03, 0x48, 0x00, 0x03, 0x20, 0x00, 0x0C, 0x08, 0x00, 0x00, 0x00, 0x1E, 0x00, 0x00, 
	0x58, 0x10, 0x0B, 0xE8, 0x81, 0x0C, 0x00, 0x70, 0xFE, 0x00, 0x00, 0x10, 0x00, 0x06, 0x40, 0x20, 
	0x00, 0x00, 0x00, 0x00, 0x00, 0x0C, 0x80, 0x01, 0x00, 0x00, 0x00, 0xC0, 0x00, 0x08, 0x04, 0x83, 
	0x60, 0x00, 0x00, 0x00, 0x40, 0x30, 0x20, 0x00, 0x00, 0x00, 0x00, 0x00, 0x40, 0x00, 0x00, 0x00, 
	0x00, 0x00, 0x08, 0x00, 0x34, 0x00, 0x80, 0x01, 0x30, 0x08, 0x06, 0x00, 0x40, 0x00, 0x08, 0x00, 
	0x52, 0x00, 0x00, 0x88, 0x01, 0x00, 0x08, 0x00, 0x00, 0x00, 0x00, 0x10, 0x00, 0x20, 0x40, 0x00, 
	0x82, 0x81, 0x00, 0x08, 0xD9, 0xFA, 0x80, 0x45, 0x20, 0x21, 0x46, 0xA1, 0x02, 0x00, 0x00, 0x8A, 
	0x00, 0x00, 0x4C, 0x84, 0x01, 0x00, 0x00, 0x46, 0xC4, 0x00, 0x90, 0x00, 0x23, 0x60, 0x00, 0x00, 
	0x40, 0x10, 0x30, 0x01, 0x00, 0x00, 0x00, 0x00, 0x00, 0x40, 0x00, 0x02, 0x00, 0x00, 0x00, 0x02, 
	0x00, 0x19, 0x00, 0x01, 0x00, 0x80, 0x00, 0x06, 0xC0, 0x08, 0x94, 0x00, 0x23, 0x20, 0x00, 0x0C, 
	0x80, 0x01, 0x20, 0x00, 0x00, 0x00, 0x00, 0x00, 0x01, 0x00, 0x50, 0x04, 0x20, 0x80, 0x11, 0x00, 
	0x00, 0x50, 0xFA, 0x00, 0x08, 0x02, 0xC0, 0x40, 0xD0, 0x02, 0x00, 0x40, 0x00, 0x00, 0x22, 0x01, 
	0x01, 0x88, 0x00, 0x80, 0x06, 0x00, 0x44, 0x00, 0x60, 0x21, 0x08, 0x00, 0x00, 0xA0, 0x05, 0x30, 
	0x00, 0x00, 0x00, 0x00, 0x00, 0x00, 0x40, 0x00, 0x10, 0x00, 0x00, 0x00, 0x0E, 0x23, 0x19, 0x66, 
	0xA8, 0x84, 0x14, 0x02, 0x06, 0x08, 0x00, 0x02, 0x45, 0x91, 0x00, 0x14, 0x0D, 0x20, 0x00, 0x04, 
	0x00, 0x00, 0x00, 0x00, 0x02, 0x00, 0x00, 0x68, 0x41, 0x09, 0x24, 0x89, 0x04, 0x0A, 0xD0, 0xF8, 
	0x00, 0x00, 0x00, 0x00, 0x00, 0xC2, 0x80, 0x00, 0x00, 0x00, 0x00, 0x00, 0x00, 0x00, 0x00, 0x00, 
	0x00, 0x06, 0x00, 0x00, 0x00, 0x00, 0x80, 0x00, 0x00, 0x00, 0x00, 0x01, 0x01, 0x08, 0x00, 0x00, 
	0x00, 0x00, 0x00, 0x40, 0x00, 0x20, 0x00, 0x00, 0x00, 0x5C, 0x23, 0x19, 0x77, 0x10, 0x00, 0x20, 
	0x10, 0x00, 0x00, 0x00, 0x08, 0x00, 0x00, 0x00, 0x00, 0x00, 0x00, 0x00, 0x00, 0x00, 0x00, 0x00, 
	0x00, 0x00, 0x00, 0x00, 0x60, 0x00, 0x04, 0x00, 0x00, 0x00, 0x00, 0xD8, 0xFC, 0x40, 0x00, 0x08, 
	0x00, 0x02, 0xC0, 0x00, 0x00, 0x80, 0x00, 0x10, 0x00, 0x0C, 0x60, 0x00, 0x00, 0x00, 0x06, 0x32, 
	0x00, 0x04, 0x00, 0x03, 0x60, 0x10, 0x00, 0x80, 0x00, 0x3D, 0x08, 0x00, 0x00, 0x00, 0x00, 0x00, 
	0x58, 0x00, 0x02, 0x00, 0x00, 0x00, 0x4D, 0x77, 0x1B, 0x77, 0x81, 0x81, 0x1C, 0x88, 0x07, 0x00, 
	0x00, 0x10, 0x04, 0x00, 0x59, 0x20, 0x00, 0x80, 0x01, 0x00, 0x00, 0x00, 0x00, 0x00, 0x18, 0x00, 
	0x00, 0x60, 0x00, 0x0C, 0x80, 0x01, 0x10, 0x10, 0x88, 0xF9, 0x24, 0x00, 0x04, 0x00, 0x26, 0xC1, 
	0x44, 0x00, 0x40, 0x00, 0x08, 0x00, 0x8C, 0x22, 0x00, 0x00, 0x00, 0x26, 0x00, 0x00, 0x02, 0x00, 
	0x23, 0x61, 0x01, 0x00, 0x00, 0x09, 0x00, 0x01, 0x00, 0x00, 0x00, 0x00, 0x00, 0x60, 0x00, 0x10, 
	0x00, 0x00, 0x00, 0x41, 0x6F, 0x51, 0xFF, 0x06, 0x09, 0x24, 0x82, 0x16, 0x01, 0x00, 0x00, 0x01, 
	0x0A, 0x20, 0x01, 0x40, 0x10, 0x84, 0x00, 0x00, 0x00, 0x00, 0x00, 0x18, 0x00, 0x00, 0x60, 0x22, 
	0x44, 0x08, 0x00, 0x02, 0x01, 0xF0, 0xFB, 0x84, 0x41, 0x30, 0x04, 0x24, 0x01, 0x04, 0x00, 0x00, 
	0x13, 0x60, 0x01, 0x80, 0x84, 0x05, 0x01, 0x00, 0x16, 0xC8, 0x22, 0x18, 0x21, 0x00, 0x00, 0x01, 
	0x00, 0x00, 0x04, 0x00, 0x42, 0x00, 0x00, 0x00, 0x00, 0x00, 0x58, 0x00, 0x02, 0x00, 0x00, 0x00, 
	0x41, 0xE7, 0x0B, 0xFF, 0x00, 0x01, 0x10, 0x01, 0x20, 0x00, 0x00, 0x48, 0x08, 0x60, 0x50, 0x00, 
	0x80, 0x88, 0x01, 0x00, 0x09, 0x00, 0x00, 0x00, 0x98, 0x04, 0x00, 0x00, 0x02, 0x24, 0x88, 0x30, 
	0x00, 0x02, 0x88, 0xF9, 0xE0, 0x01, 0x3C, 0x80, 0x03, 0xB0, 0x80, 0x00, 0xC0, 0x83, 0x70, 0x20, 
	0x0F, 0xE0, 0x01, 0x00, 0x80, 0x07, 0xF0, 0x00, 0x1E, 0xC0, 0x02, 0x79, 0x40, 0x00, 0x60, 0x80, 
	0x0C, 0x00, 0x00, 0x00, 0x00, 0x00, 0x00, 0x40, 0x00, 0x02, 0x00, 0x00, 0x00, 0x00, 0x07, 0x09, 
	0x0F, 0x2A, 0x01, 0x2C, 0x88, 0x01, 0x01, 0x00, 0x06, 0xC0, 0x00, 0x48, 0x00, 0x03, 0x20, 0x00, 
	0x0C, 0x00, 0x00, 0x00, 0x00, 0x1E, 0x00, 0x00, 0x58, 0x40, 0x0B, 0x60, 0x00, 0x0C, 0x10, 0x68, 
	0xFF, 0x80, 0x01, 0x30, 0x00, 0x06, 0x00, 0x20, 0x00, 0x00, 0x03, 0x60, 0x00, 0x04, 0x84, 0x01, 
	0x00, 0x00, 0x00, 0xC0, 0x00, 0x18, 0x00, 0x03, 0x00, 0x10, 0x00, 0x00, 0x00, 0x30, 0x00, 0x00, 
	0x00, 0x00, 0x00, 0x00, 0x40, 0x00, 0x08, 0x00, 0x00, 0x00, 0x00, 0x00, 0x09, 0x00, 0x80, 0x00, 
	0x00, 0x08, 0x06, 0x01, 0x00, 0x00, 0x08, 0x80, 0x50, 0x00, 0x00, 0x00, 0x00, 0x30, 0x00, 0x00, 
	0x00, 0x00, 0x00, 0x10, 0x00, 0x00, 0x10, 0x04, 0x02, 0x00, 0x00, 0x00, 0x88, 0xFD, 0x80, 0x01, 
	0x30, 0x00, 0x24, 0x04, 0x02, 0x00, 0x00, 0x03, 0x60, 0x00, 0x88, 0x80, 0x01, 0x00, 0x00, 0x46, 
	0xC2, 0x00, 0x18, 0x00, 0x90, 0x60, 0x04, 0x00, 0x00, 0x08, 0x31, 0x22, 0x00, 0x00, 0x00, 0x00, 
	0x00, 0x00, 0x10, 0x11, 0x00, 0x00, 0x00, 0x02, 0x00, 0x20, 0x00, 0x80, 0x00, 0xA0, 0x00, 0x26, 
	0x00, 0x00, 0x10, 0x01, 0x00, 0x20, 0x00, 0x80, 0x90, 0x01, 0x30, 0x41, 0x00, 0x00, 0x00, 0x00, 
	0x01, 0x00, 0x00, 0x01, 0x2C, 0x00, 0x80, 0x00, 0x41, 0x10, 0xF9, 0x20, 0x00, 0x34, 0x09, 0x10, 
	0x02, 0x08, 0x1A, 0x40, 0x00, 0x60, 0x22, 0x0D, 0xA0, 0x21, 0x34, 0x80, 0x22, 0xD2, 0x22, 0x92, 
	0x50, 0x09, 0x01, 0x22, 0x00, 0x00, 0x10, 0x31, 0x00, 0x00, 0x00, 0x00, 0x00, 0x00, 0x00, 0x10, 
	0x01, 0x00, 0x00, 0x00, 0x12, 0xAB, 0xE0, 0xAB, 0xA4, 0x00, 0x94, 0xA0, 0x12, 0xD1, 0x00, 0x08, 
	0x60, 0x81, 0x40, 0x14, 0x25, 0x24, 0x00, 0x04, 0x00, 0x00, 0x10, 0x44, 0x02, 0x00, 0x00, 0x68, 
	0x02, 0x4D, 0x20, 0x00, 0x14, 0x22, 0x70, 0xFF, 0x00, 0x00, 0x30, 0x00, 0x00, 0x00, 0x80, 0x18, 
	0x00, 0x00, 0x60, 0x00, 0x0C, 0x00, 0x00, 0x00, 0x00, 0x00, 0x00, 0x00, 0x08, 0x00, 0x00, 0x00, 
	0x00, 0x00, 0x00, 0x00, 0x00, 0x08, 0x00, 0x00, 0x00, 0x00, 0x00, 0x00, 0x00, 0x04, 0x00, 0x00, 
	0x00, 0x42, 0x77, 0x60, 0xBB, 0x00, 0x00, 0x21, 0x00, 0x00, 0xC0, 0x00, 0x08, 0x00, 0x00, 0x20, 
	0x00, 0x00, 0x00, 0x00, 0x00, 0x00, 0x00, 0x80, 0x00, 0x00, 0x00, 0x00, 0x60, 0x40, 0x0C, 0x08, 
	0x00, 0x20, 0x00, 0x08, 0xF9, 0x80, 0x41, 0x30, 0x20, 0x01, 0x20, 0x00, 0x06, 0x80, 0x00, 0x70, 
	0x00, 0x0C, 0x80, 0x81, 0x30, 0x08, 0x00, 0xC4, 0x00, 0x18, 0x00, 0x00, 0x1A, 0x00, 0x00, 0x40, 
	0x00, 0x38, 0x00, 0x00, 0x00, 0x00, 0x00, 0x00, 0x30, 0x00, 0x08, 0x00, 0x00, 0x00, 0x29, 0x77, 
	0xA9, 0xFB, 0x88, 0x81, 0x1C, 0x08, 0x00, 0x30, 0x00, 0x1E, 0x10, 0x01, 0x58, 0x20, 0x03, 0x84, 
	0x01, 0x30, 0x00, 0x00, 0x40, 0x00, 0x18, 0x00, 0x00, 0x60, 0x00, 0x0C, 0x80, 0x01, 0x30, 0x08, 
	0x18, 0xFB, 0x80, 0x01, 0x20, 0x82, 0x00, 0x10, 0x00, 0x00, 0x40, 0x00, 0x68, 0x00, 0x0C, 0x80, 
	0x05, 0x30, 0x00, 0x06, 0xC0, 0x82, 0x10, 0x02, 0x0B, 0x08, 0x00, 0x00, 0x20, 0x00, 0x04, 0x08, 
	0x00, 0x00, 0x00, 0x00, 0x00, 0x08, 0x00, 0x00, 0x00, 0x00, 0x00, 0x5D, 0x77, 0xA6, 0xFF, 0x00, 
	0x01, 0x24, 0x02, 0x00, 0x14, 0x00, 0x82, 0x00, 0x00, 0x21, 0x01, 0x00, 0x00, 0x84, 0x30, 0x00, 
	0x00, 0x00, 0x48, 0x18, 0x00, 0x00, 0x40, 0x0A, 0x48, 0x88, 0x01, 0x20, 0x00, 0x22, 0xFB, 0x00, 
	0x04, 0x90, 0x00, 0x16, 0xC0, 0x80, 0x58, 0x00, 0x93, 0x00, 0x82, 0x00, 0x90, 0x90, 0x00, 0x01, 
	0x20, 0x41, 0x48, 0x00, 0x09, 0x10, 0x64, 0x01, 0x00, 0x80, 0x01, 0x02, 0x42, 0x00, 0x00, 0x00, 
	0x00, 0x00, 0x30, 0x00, 0x0A, 0x00, 0x00, 0x00, 0x59, 0x67, 0x2B, 0xCF, 0x05, 0x01, 0x10, 0x01, 
	0x00, 0x00, 0x08, 0x15, 0x00, 0x09, 0x51, 0x00, 0x80, 0x88, 0x01, 0x30, 0x09, 0x00, 0x00, 0x02, 
	0x18, 0x01, 0x00, 0x20, 0x14, 0x84, 0x02, 0x10, 0x10, 0x02, 0x98, 0xFA, 0xE0, 0x01, 0x2D, 0xA0, 
	0x07, 0xF2, 0x00, 0x1E, 0xD0, 0x03, 0x10, 0x00, 0x03, 0x60, 0x01, 0x3C, 0x90, 0x05, 0xB0, 0x00, 
	0x06, 0xC0, 0x02, 0x78, 0x20, 0x00, 0xE0, 0x01, 0x0C, 0x00, 0x02, 0x00, 0x00, 0x00, 0x00, 0x00, 
	0x00, 0x24, 0x01, 0x00, 0x00, 0x44, 0x8D, 0xA2, 0x0D, 0x32, 0x01, 0x2C, 0x88, 0x01, 0x34, 0x00, 
	0x12, 0xC0, 0x00, 0x58, 0x00, 0x03, 0x20, 0x00, 0x3C, 0x00, 0x00, 0x30, 0x40, 0x1E, 0x04, 0x00, 
	0x58, 0x00, 0x0B, 0x60, 0x80, 0x2C, 0x10, 0xF0, 0xFD, 0x00, 0x40, 0x10, 0x20, 0x06, 0xC0, 0x00, 
	0x18, 0x04, 0x03, 0x00, 0x00, 0x0C, 0x80, 0x80, 0x00, 0x10, 0x06, 0x44, 0x00, 0x08, 0x08, 0x83, 
	0x60, 0x00, 0x00, 0x80, 0x01, 0x30, 0xA0, 0x00, 0x00, 0x00, 0x00, 0x00, 0x00, 0x00, 0x40, 0x00, 
	0x00, 0x00, 0x00, 0x00, 0x22, 0x00, 0x80, 0x00, 0x00, 0x08, 0x00, 0x00, 0x40, 0x14, 0x00, 0x80, 
	0x50, 0x00, 0x00, 0x00, 0x00, 0x00, 0x00, 0x00, 0x00, 0x00, 0x00, 0x00, 0x00, 0x20, 0x40, 0x04, 
	0x08, 0x80, 0x10, 0x10, 0xA9, 0xFD, 0x80, 0x11, 0xA0, 0x00, 0x06, 0xC0, 0x00, 0x98, 0x00, 0x03, 
	0x00, 0x00, 0x8C, 0x04, 0x09, 0x30, 0x02, 0x46, 0x80, 0x84, 0x98, 0x00, 0x0B, 0x60, 0x00, 0x00, 
	0x80, 0x01, 0x30, 0x02, 0x01, 0x00, 0x00, 0x00, 0x00, 0x40, 0x02, 0x8A, 0x00, 0x00, 0x00, 0x20, 
	0x00, 0x28, 0x01, 0x89, 0x00, 0xA0, 0x00, 0x04, 0x02, 0x08, 0x08, 0x00, 0x02, 0x40, 0x00, 0x08, 
	0x90, 0x01, 0x00, 0x41, 0x00, 0x20, 0x88, 0x00, 0x11, 0x00, 0x50, 0x02, 0x8A, 0x00, 0x10, 0x20, 
	0x01, 0x98, 0xFF, 0x00, 0x04, 0x05, 0x91, 0x06, 0x50, 0x44, 0x02, 0x40, 0x00, 0x00, 0x04, 0x8D, 
	0x01, 0x04, 0x36, 0x80, 0x00, 0x01, 0x82, 0x9A, 0x00, 0x20, 0x02, 0x41, 0x2D, 0xA0, 0x45, 0x30, 
	0x00, 0x04, 0x00, 0x00, 0x00, 0x00, 0x40, 0x02, 0x00, 0x02, 0x00, 0x00, 0x10, 0x03, 0xA8, 0x23, 
	0xA0, 0x10, 0x35, 0x8A, 0x00, 0x90, 0x08, 0x00, 0x60, 0x00, 0x00, 0x00, 0x01, 0x20, 0x00, 0x04, 
	0x00, 0x00, 0x10, 0x20, 0x1A, 0x00, 0x00, 0x68, 0x41, 0x2D, 0x28, 0x04, 0x00, 0x00, 0xD8, 0xFE, 
	0x00, 0x00, 0x00, 0x00, 0x06, 0x40, 0x00, 0x00, 0x00, 0x00, 0x00, 0x10, 0x00, 0x00, 0x00, 0x00, 
	0x00, 0x00, 0x00, 0x00, 0x18, 0x10, 0x00, 0x00, 0x00, 0x08, 0x88, 0x01, 0x00, 0x88, 0x02, 0x00, 
	0x00, 0x00, 0x00, 0x40, 0x00, 0x52, 0x01, 0x00, 0x00, 0x08, 0x13, 0xA8, 0xBB, 0x04, 0x00, 0x30, 
	0x00, 0x00, 0x80, 0x40, 0x00, 0x00, 0x00, 0x00, 0x00, 0x00, 0x00, 0x00, 0x00, 0x00, 0x00, 0x80, 
	0x00, 0x18, 0x00, 0x00, 0x60, 0x00, 0x0C, 0x00, 0x41, 0x00, 0x00, 0x98, 0xFA, 0x40, 0x00, 0x30, 
	0x00, 0x06, 0xC1, 0x00, 0x04, 0x80, 0x00, 0x18, 0x00, 0x0C, 0x42, 0x00, 0x30, 0x20, 0x06, 0x21, 
	0x00, 0x08, 0x84, 0x00, 0x10, 0x00, 0x0F, 0x82, 0x00, 0x38, 0x00, 0x00, 0x00, 0x00, 0x00, 0x00, 
	0x70, 0x00, 0x00, 0x00, 0x00, 0x00, 0x49, 0x13, 0xAA, 0x33, 0x80, 0x01, 0x20, 0x80, 0x01, 0xC0, 
	0x00, 0x16, 0xD0, 0x00, 0x00, 0x00, 0x0C, 0x80, 0x01, 0x00, 0x00, 0x00, 0x40, 0x40, 0x1E, 0x00, 
	0x00, 0x60, 0x00, 0x0C, 0x00, 0x00, 0x01, 0x00, 0xC8, 0xFE, 0x24, 0x00, 0xB0, 0x20, 0x26, 0xC0, 
	0x82, 0x02, 0x40, 0x00, 0x08, 0x00, 0x0C, 0x20, 0x00, 0x00, 0x00, 0x16, 0x10, 0x00, 0x98, 0x40, 
	0x00, 0x08, 0x00, 0x89, 0x00, 0x00, 0x06, 0x0A, 0x00, 0x00, 0x00, 0x00, 0x00, 0x08, 0x00, 0x40, 
	0x00, 0x00, 0x00, 0x5F, 0x03, 0x8D, 0x83, 0x05, 0x91, 0xB0, 0x08, 0x00, 0xC0, 0x28, 0x8A, 0x40, 
	0x00, 0x00, 0x00, 0x0C, 0x00, 0x84, 0x00, 0x00, 0x00, 0x00, 0x02, 0x1A, 0x00, 0x00, 0x60, 0x22, 
	0x4C, 0x04, 0x08, 0x00, 0x00, 0x50, 0xFD, 0x84, 0x41, 0x00, 0x22, 0x20, 0x82, 0x10, 0x58, 0x00, 
	0x03, 0x60, 0x01, 0x8C, 0x84, 0x05, 0x80, 0x10, 0x10, 0xC0, 0x22, 0x00, 0x02, 0x03, 0x60, 0x02, 
	0x84, 0x02, 0x90, 0x00, 0x42, 0x01, 0x00, 0x00, 0x00, 0x00, 0xB0, 0x01, 0x12, 0x02, 0x00, 0x00, 
	0x4B, 0x43, 0x8A, 0x48, 0x00, 0x01, 0x00, 0x00, 0x40, 0xC0, 0x28, 0x14, 0x00, 0x63, 0x00, 0x00, 
	0x80, 0x82, 0x01, 0x00, 0x11, 0x00, 0x00, 0x80, 0x80, 0x08, 0x00, 0x00, 0x02, 0x40, 0x00, 0x08, 
	0x00, 0x00, 0xD0, 0xF9, 0xE0, 0x01, 0x2C, 0x80, 0x07, 0xB0, 0x00, 0x1E, 0xC8, 0x83, 0x70, 0x10, 
	0x0F, 0xE0, 0x41, 0x3C, 0x80, 0x07, 0xF2, 0x00, 0x06, 0xC0, 0x03, 0x7A, 0x10, 0x0F, 0x60, 0x00, 
	0x0C, 0x00, 0x00, 0x00, 0x00, 0x00, 0x00, 0x00, 0x01, 0x00, 0x00, 0x00, 0x00, 0x42, 0x0F, 0x8A, 
	0x04, 0x20, 0x01, 0x0C, 0x88, 0x01, 0xF1, 0x00, 0x12, 0xC0, 0x03, 0x00, 0x00, 0x03, 0x20, 0x00, 
	0x0C, 0x00, 0x00, 0x30, 0x00, 0x06, 0x00, 0x00, 0x58, 0x40, 0x0B, 0x68, 0x80, 0x00, 0x00, 0xB0, 
	0xFA, 0x80, 0x01, 0x00, 0x08, 0x06, 0x82, 0x40, 0x18, 0x00, 0x03, 0x60, 0x00, 0x04, 0x84, 0x01, 
	0x30, 0x00, 0x02, 0xC0, 0x00, 0x00, 0x04, 0x03, 0x60, 0x00, 0x04, 0x02, 0x00, 0x30, 0x00, 0x01, 
	0x00, 0x00, 0x00, 0x00, 0x00, 0x01, 0x80, 0x00, 0x00, 0x00, 0x04, 0x00, 0x0A, 0x00, 0x80, 0x00, 
	0x00, 0x08, 0x06, 0x40, 0x00, 0x14, 0x00, 0x03, 0x00, 0x00, 0x00, 0x02, 0x00, 0x30, 0x00, 0x00, 
	0x00, 0x00, 0x00, 0x00, 0x00, 0x00, 0x10, 0x00, 0x02, 0x00, 0x00, 0x00, 0x80, 0xFE, 0x80, 0x01, 
	0xA0, 0x00, 0x06, 0x80, 0x04, 0x18, 0x00, 0x03, 0x60, 0x00, 0x88, 0x80, 0x01, 0xB0, 0x20, 0x44, 
	0xC2, 0x00, 0x40, 0x00, 0x03, 0x60, 0x00, 0x48, 0x00, 0x11, 0xB1, 0x20, 0x04, 0x00, 0x00, 0x00, 
	0x00, 0x40, 0x22, 0x80, 0x02, 0x00, 0x00, 0x82, 0x00, 0x2A, 0x00, 0x80, 0x00, 0x00, 0x01, 0x16, 
	0x41, 0x42, 0x08, 0x00, 0x03, 0x00, 0x00, 0x20, 0x80, 0x01, 0x30, 0x09, 0x00, 0x00, 0x88, 0x00, 
	0x00, 0x00, 0x00, 0x02, 0x40, 0x00, 0x51, 0x00, 0x00, 0xC0, 0xFD, 0xA0, 0x11, 0xB4, 0x90, 0x40, 
	0x00, 0x08, 0x18, 0x43, 0x00, 0x68, 0x21, 0x01, 0x80, 0x05, 0x34, 0x80, 0x06, 0x00, 0x44, 0x02, 
	0x40, 0x0A, 0x02, 0x44, 0x01, 0xA0, 0x09, 0x30, 0x00, 0x00, 0x00, 0x00, 0x00, 0x00, 0x40, 0x22, 
	0x00, 0x00, 0x00, 0x00, 0x06, 0x62, 0x6A, 0xBB, 0xA0, 0x08, 0x15, 0x84, 0x80, 0xD0, 0x00, 0x00, 
	0x60, 0x00, 0x00, 0x00, 0x0C, 0x30, 0x00, 0x04, 0x00, 0x00, 0xD0, 0x00, 0x42, 0x08, 0x00, 0x00, 
	0x04, 0x80, 0x20, 0x50, 0x00, 0x00, 0x44, 0xFB, 0x00, 0x40, 0x30, 0x00, 0x00, 0x02, 0x80, 0x18, 
	0x00, 0x00, 0x60, 0x00, 0x00, 0x00, 0x00, 0x01, 0x00, 0x06, 0x00, 0x00, 0x00, 0x00, 0x01, 0x00, 
	0x00, 0x00, 0x00, 0x81, 0x00, 0x08, 0x04, 0x00, 0x00, 0x00, 0x00, 0x40, 0x00, 0x00, 0x00, 0x00, 
	0x00, 0x50, 0x37, 0x2A, 0xFF, 0x00, 0x00, 0x20, 0x00, 0x04, 0xC0, 0x00, 0x00, 0x00, 0x00, 0x00, 
	0x00, 0x00, 0x00, 0x00, 0x00, 0x00, 0x00, 0xC0, 0x00, 0x00, 0x00, 0x00, 0x00, 0x40, 0x00, 0x08, 
	0x01, 0x00, 0x80, 0x20, 0xF8, 0x80, 0x01, 0x30, 0x08, 0x02, 0x20, 0x00, 0x1E, 0x80, 0x00, 0x20, 
	0x40, 0x00, 0xE4, 0x01, 0x30, 0x20, 0x06, 0x30, 0x00, 0x00, 0x00, 0x83, 0x10, 0x00, 0x0C, 0x80, 
	0x81, 0x38, 0x08, 0x00, 0x00, 0x00, 0x00, 0x00, 0x50, 0x00, 0xC0, 0x00, 0x00, 0x00, 0x27, 0x33, 
	0xAA, 0xFF, 0x80, 0x01, 0x1C, 0x08, 0x02, 0x30, 0x00, 0x16, 0x10, 0x03, 0x02, 0x00, 0x0F, 0x84, 
	0x81, 0x00, 0x00, 0x00, 0xC0, 0x00, 0x08, 0x00, 0x00, 0x10, 0x00, 0x02, 0x00, 0x00, 0x01, 0x00, 
	0x89, 0xF9, 0x88, 0x49, 0x30, 0x00, 0x26, 0x11, 0x00, 0x1A, 0x40, 0x00, 0x60, 0x01, 0x00, 0x00, 
	0x20, 0x00, 0x00, 0x06, 0x10, 0x00, 0x00, 0x00, 0x02, 0x08, 0x00, 0x0C, 0x00, 0x01, 0x04, 0x82, 
	0x08, 0x00, 0x00, 0x00, 0x00, 0x68, 0x00, 0x40, 0x04, 0x00, 0x00, 0x0F, 0x73, 0x30, 0xFF, 0x00, 
	0x29, 0x24, 0x02, 0x40, 0x02, 0x00, 0x8A, 0x00, 0x00, 0x00, 0x00, 0x2D, 0x00, 0x00, 0x00, 0x00, 
	0x00, 0xC0, 0x00, 0x88, 0x02, 0x00, 0x08, 0x00, 0x01, 0x00, 0x10, 0x00, 0x00, 0xBA, 0xF8, 0x80, 
	0x05, 0x00, 0x41, 0x44, 0xC0, 0x84, 0x40, 0x04, 0x0B, 0x00, 0x14, 0x80, 0x08, 0x48, 0x00, 0x00, 
	0x00, 0xC8, 0x00, 0x81, 0x10, 0x08, 0x60, 0x02, 0x20, 0x80, 0x88, 0x00, 0x42, 0x00, 0x00, 0x00, 
	0x00, 0x00, 0x50, 0x00, 0x00, 0x00, 0x00, 0x00, 0x55, 0x27, 0x7A, 0xBF, 0x00, 0x01, 0x10, 0x01, 
	0x40, 0x01, 0x08, 0x15, 0x00, 0x60, 0x00, 0x00, 0x80, 0x88, 0x01, 0x80, 0x00, 0x00, 0x00, 0x04, 
	0x50, 0x00, 0x00, 0x60, 0x82, 0x2C, 0x04, 0x30, 0x00, 0x00, 0x2A, 0xFA, 0xE0, 0x81, 0x3C, 0x80, 
	0x03, 0xF1, 0x00, 0x06, 0xC0, 0x83, 0x18, 0x00, 0x03, 0x60, 0x00, 0x3C, 0x90, 0x01, 0xF0, 0x00, 
	0x06, 0xC0, 0x00, 0x79, 0x10, 0x03, 0x68, 0x01, 0x0C, 0x00, 0x01, 0x00, 0x00, 0x00, 0x00, 0x40, 
	0x00, 0x80, 0x00, 0x00, 0x00, 0x05, 0x02, 0x30, 0x0B, 0x20, 0x01, 0x2C, 0x88, 0x01, 0x30, 0x00, 
	0x12, 0xC0, 0x00, 0x00, 0x00, 0x03, 0x20, 0x00, 0x0C, 0x08, 0x00, 0x30, 0x20, 0x16, 0x04, 0x00, 
	0x78, 0x00, 0x0F, 0x60, 0x00, 0x00, 0x00, 0x10, 0xF8, 0x84, 0x80, 0x10, 0x00, 0x06, 0xC0, 0x00, 
	0x00, 0x00, 0x03, 0x00, 0x00, 0x00, 0x80, 0x01, 0x30, 0x00, 0x06, 0xC2, 0x00, 0x18, 0x08, 0x01, 
	0x60, 0x00, 0x00, 0x82, 0x00, 0x30, 0x10, 0x02, 0x00, 0x00, 0x00, 0x00, 0x40, 0x00, 0x00, 0x01, 
	0x00, 0x00, 0x05, 0x00, 0x30, 0x00, 0x80, 0x00, 0x00, 0x08, 0x00, 0xC0, 0x40, 0x14, 0x00, 0x80, 
	0x00, 0x00, 0x0C, 0x02, 0x00, 0x30, 0x00, 0x00, 0x00, 0x00, 0x00, 0x00, 0x00, 0x60, 0x00, 0x0C, 
	0x00, 0x00, 0x00, 0x00, 0x31, 0xFC, 0x00, 0x11, 0x20, 0x21, 0x24, 0xC4, 0x00, 0x00, 0x00, 0x03, 
	0x40, 0x44, 0x4C, 0x88, 0x89, 0xB0, 0x20, 0x26, 0xC0, 0x00, 0x98, 0x00, 0x23, 0x61, 0x00, 0x80, 
	0x80, 0x09, 0x31, 0x81, 0x00, 0x00, 0x00, 0x00, 0x00, 0x02, 0x00, 0x40, 0x00, 0x00, 0x00, 0x03, 
	0x00, 0x13, 0x40, 0x80, 0x00, 0xA0, 0x00, 0x10, 0xC8, 0x08, 0x08, 0x00, 0x20, 0x00, 0x00, 0x8C, 
	0x80, 0x01, 0x30, 0x04, 0x00, 0x00, 0x00, 0x04, 0x09, 0x00, 0x60, 0x00, 0x0C, 0x00, 0x90, 0x00, 
	0x00, 0x98, 0xFA, 0x00, 0x10, 0x01, 0xC0, 0x00, 0xD0, 0x04, 0x02, 0x00, 0x20, 0x08, 0x00, 0x00, 
	0xA8, 0x11, 0x34, 0x80, 0x26, 0x10, 0x00, 0x42, 0x44, 0x03, 0x68, 0x02, 0x0D, 0xA0, 0x01, 0x30, 
	0x00, 0x02, 0x00, 0x00, 0x00, 0x00, 0x02, 0x00, 0x00, 0x01, 0x00, 0x00, 0x43, 0xDD, 0x53, 0x67, 
	0xA0, 0x30, 0x14, 0x90, 0x00, 0xD0, 0x00, 0x00, 0x60, 0x03, 0x08, 0x00, 0x05, 0x28, 0x00, 0x04, 
	0x80, 0x06, 0x00, 0x00, 0x02, 0x01, 0x00, 0x48, 0x20, 0x09, 0xA4, 0x01, 0x04, 0x08, 0x48, 0xFB, 
	0x00, 0x00, 0x00, 0x00, 0x02, 0xC4, 0x80, 0x00, 0x00, 0x80, 0x60, 0x00, 0x00, 0x00, 0x40, 0x00, 
	0x00, 0x06, 0x01, 0x00, 0x00, 0x00, 0x03, 0x00, 0x10, 0x00, 0x80, 0x81, 0x00, 0x08, 0x01, 0x00, 
	0x00, 0x00, 0x00, 0x02, 0x00, 0x80, 0x00, 0x00, 0x00, 0x47, 0x5F, 0x13, 0xFF, 0x00, 0x00, 0x20, 
	0x00, 0x00, 0xC0, 0x00, 0x00, 0x00, 0x03, 0x00, 0x00, 0x00, 0x00, 0x00, 0x00, 0x00, 0x06, 0x00, 
	0x00, 0x08, 0x08, 0x00, 0x20, 0x00, 0x04, 0x00, 0x00, 0x00, 0x00, 0x90, 0xFC, 0x40, 0x00, 0x08, 
	0x00, 0x00, 0xC0, 0x00, 0x04, 0x80, 0x00, 0x18, 0x10, 0x02, 0x80, 0x01, 0x30, 0x20, 0x06, 0xC0, 
	0x20, 0x00, 0x00, 0x03, 0x60, 0x40, 0x0E, 0x80, 0x01, 0x38, 0x08, 0x04, 0x00, 0x00, 0x00, 0x00, 
	0x12, 0x00, 0x00, 0x02, 0x00, 0x00, 0x21, 0x55, 0x1B, 0x77, 0x80, 0x00, 0x1C, 0x08, 0x06, 0xE0, 
	0x00, 0x16, 0x10, 0x03, 0x78, 0x20, 0x00, 0x80, 0x01, 0x30, 0x80, 0x07, 0x00, 0x00, 0x10, 0x00, 
	0x00, 0x60, 0x00, 0x0C, 0x00, 0x00, 0x10, 0x00, 0x68, 0xF8, 0x24, 0x00, 0x04, 0x00, 0x00, 0x82, 
	0x14, 0x02, 0x40, 0x00, 0x08, 0x01, 0x01, 0x80, 0x09, 0x02, 0x00, 0x16, 0xC1, 0x04, 0x40, 0x10, 
	0x03, 0x60, 0x04, 0x2D, 0x88, 0x49, 0x84, 0x00, 0x00, 0x00, 0x00, 0x00, 0x00, 0x6A, 0x00, 0x00, 
	0x00, 0x00, 0x00, 0x09, 0x55, 0x17, 0xE7, 0x08, 0x10, 0x25, 0x02, 0x06, 0xD0, 0x00, 0x8A, 0x00, 
	0x03, 0x08, 0x00, 0x80, 0x04, 0x84, 0x30, 0x00, 0x06, 0x00, 0x00, 0x80, 0x08, 0x00, 0x20, 0x0A, 
	0x44, 0x08, 0x04, 0x02, 0x12, 0x70, 0xFA, 0x84, 0x41, 0xB0, 0x00, 0x20, 0x42, 0x00, 0x98, 0x04, 
	0x8B, 0x60, 0x02, 0x0C, 0x84, 0x90, 0x80, 0x00, 0x20, 0x00, 0x08, 0x41, 0x20, 0x00, 0x22, 0x24, 
	0x8C, 0x82, 0x09, 0x00, 0x42, 0x00, 0x00, 0x00, 0x00, 0x00, 0x12, 0x00, 0x04, 0x00, 0x00, 0x00, 
	0x47, 0xD5, 0x0B, 0x7F, 0x81, 0x00, 0x10, 0x01, 0x26, 0xC2, 0x08, 0x15, 0x00, 0x23, 0x02, 0x00, 
	0x40, 0x88, 0x01, 0x30, 0x11, 0x06, 0x00, 0x00, 0x88, 0x00, 0x00, 0x20, 0x41, 0x24, 0x08, 0x10, 
	0x82, 0x10, 0xC0, 0xFD, 0xE0, 0x01, 0x3C, 0x90, 0x01, 0xB0, 0x20, 0x1E, 0xC0, 0x03, 0x10, 0x10, 
	0x0F, 0x60, 0x01, 0x3C, 0xA0, 0x07, 0xF4, 0x00, 0x06, 0xC0, 0x00, 0x58, 0x00, 0x0F, 0x60, 0x81, 
	0x0C, 0x00, 0x00, 0x00, 0x00, 0x00, 0x00, 0x02, 0x00, 0x00, 0x00, 0x00, 0x00, 0x13, 0x1D, 0x0B, 
	0x07, 0xE0, 0x00, 0x2C, 0x88, 0x07, 0xF0, 0x00, 0x12, 0xC0, 0x03, 0x78, 0x40, 0x03, 0x20, 0x00, 
	0x3C, 0x80, 0x07, 0x00, 0x00, 0x06, 0x04, 0x00, 0x58, 0x00, 0x0B, 0x60, 0x00, 0x0C, 0x00, 0xF8, 
	0xFA, 0x80, 0x01, 0x30, 0x00, 0x00, 0x42, 0x00, 0x18, 0x00, 0x03, 0x60, 0x10, 0x0C, 0x80, 0x80, 
	0x30, 0x20, 0x02, 0x00, 0x20, 0x00, 0x10, 0x83, 0x20, 0x00, 0x00, 0x02, 0x01, 0x30, 0x00, 0x00, 
	0x00, 0x00, 0x00, 0x00, 0x02, 0x00, 0x00, 0x00, 0x00, 0x00, 0x03, 0x00, 0x0B, 0x00, 0x80, 0x00, 
	0x00, 0x08, 0x00, 0x02, 0x40, 0x14, 0x00, 0x00, 0x00, 0x10, 0x00, 0x08, 0x00, 0x00, 0x00, 0x06, 
	0x00, 0x00, 0x00, 0x00, 0x00, 0x20, 0x10, 0x04, 0x02, 0x00, 0x01, 0x00, 0x88, 0xFB, 0x80, 0x01, 
	0x30, 0x00, 0x00, 0xA0, 0x48, 0x18, 0x00, 0x03, 0x60, 0x04, 0x0C, 0x00, 0x09, 0x30, 0x01, 0x14, 
	0xC4, 0x08, 0x90, 0x00, 0x13, 0x40, 0x42, 0x8C, 0x40, 0x00, 0x31, 0x04, 0x00, 0x00, 0x00, 0x00, 
	0x80, 0x00, 0x00, 0x00, 0x00, 0x00, 0x00, 0x01, 0x00, 0x0A, 0x00, 0x80, 0x00, 0xA0, 0x00, 0x10, 
	0x00, 0x08, 0x08, 0x00, 0x10, 0x62, 0x00, 0x00, 0x80, 0x01, 0x00, 0x09, 0x06, 0x00, 0x00, 0x10, 
	0x10, 0x00, 0x60, 0x02, 0x4C, 0x00, 0x08, 0x00, 0x21, 0x90, 0xFF, 0x00, 0x10, 0x04, 0x00, 0x10, 
	0xD2, 0x02, 0x02, 0x40, 0x00, 0x68, 0x01, 0x4D, 0xA0, 0x05, 0x34, 0x80, 0x00, 0x00, 0x88, 0x42, 
	0x00, 0x20, 0x0A, 0x00, 0x20, 0x22, 0x08, 0x30, 0x00, 0x00, 0x00, 0x00, 0x00, 0x00, 0x02, 0x00, 
	0x00, 0x00, 0x00, 0x00, 0x20, 0x01, 0x0B, 0xEF, 0x00, 0x00, 0x14, 0xA2, 0x80, 0x00, 0x08, 0x00, 
	0x60, 0x00, 0x00, 0x00, 0x81, 0xA8, 0x04, 0x04, 0x00, 0x00, 0xD0, 0x00, 0x02, 0x00, 0x00, 0x00, 
	0x04, 0x80, 0xA0, 0x01, 0x05, 0x00, 0xB8, 0xF8, 0x00, 0x00, 0x01, 0x00, 0x00, 0xC0, 0x80, 0x00, 
	0x00, 0x00, 0x00, 0x20, 0x0C, 0x04, 0x40, 0x00, 0x00, 0x00, 0x00, 0x00, 0x00, 0x10, 0x00, 0x00, 
	0x00, 0x00, 0x00, 0x01, 0x01, 0x88, 0x04, 0x00, 0x00, 0x00, 0x00, 0x00, 0x00, 0x40, 0x02, 0x00, 
	0x00, 0x00, 0x15, 0x4A, 0xFF, 0x01, 0x00, 0x20, 0x00, 0x00, 0x00, 0x80, 0x00, 0x00, 0x00, 0x00, 
	0x00, 0x04, 0x00, 0x80, 0x00, 0x00, 0x00, 0xC0, 0x00, 0x00, 0x00, 0x00, 0x00, 0x40, 0x00, 0x08, 
	0x01, 0x00, 0x00, 0x58, 0xFF, 0x60, 0x00, 0x30, 0x00, 0x01, 0xC0, 0x00, 0x04, 0xC0, 0x00, 0x60, 
	0x20, 0x04, 0x84, 0x01, 0x30, 0x08, 0x01, 0x20, 0x00, 0x00, 0x80, 0x00, 0x60, 0x00, 0x0E, 0x80, 
	0x80, 0x38, 0x08, 0x00, 0x00, 0x00, 0x00, 0x00, 0x32, 0x00, 0x10, 0x00, 0x00, 0x00, 0x0A, 0xC5, 
	0x5B, 0xAB, 0x04, 0x00, 0x1C, 0x08, 0x02, 0x24, 0x00, 0x16, 0x10, 0x03, 0x00, 0x00, 0x08, 0x80, 
	0x00, 0x31, 0x00, 0x00, 0x00, 0x00, 0x06, 0x00, 0x00, 0x10, 0x00, 0x02, 0x80, 0x01, 0x00, 0x00, 
	0xA0, 0xFE, 0x20, 0x00, 0x30, 0x80, 0x00, 0xC0, 0x44, 0x02, 0x00, 0x00, 0x60, 0x00, 0x8C, 0x80, 
	0x89, 0xB0, 0x80, 0x00, 0x10, 0x00, 0x40, 0x48, 0x00, 0x60, 0x11, 0x0D, 0x00, 0x00, 0x04, 0x00, 
	0x00, 0x00, 0x00, 0x00, 0x00, 0x08, 0x00, 0x10, 0x00, 0x00, 0x00, 0x86, 0xCD, 0x6C, 0xEF, 0x08, 
	0x00, 0x24, 0x02, 0x40, 0x10, 0x00, 0x8A, 0x00, 0x03, 0x00, 0x00, 0x80, 0x10, 0x10, 0x30, 0x00, 
	0x00, 0x00, 0x00, 0x00, 0x00, 0x00, 0x08, 0x00, 0x01, 0x80, 0x41, 0x00, 0x00, 0x52, 0xF8, 0x80, 
	0x11, 0x02, 0x22, 0x06, 0x08, 0x04, 0x18, 0x05, 0xA3, 0x20, 0x12, 0x20, 0x80, 0x90, 0x00, 0x01, 
	0x06, 0xC0, 0x22, 0x00, 0x11, 0x23, 0x01, 0x02, 0x8C, 0x02, 0x08, 0x00, 0x42, 0x02, 0x00, 0x00, 
	0x00, 0x00, 0x32, 0x00, 0x10, 0x01, 0x00, 0x00, 0x80, 0x8D, 0x1B, 0xAE, 0x08, 0x00, 0x10, 0x01, 
	0x10, 0xC2, 0x18, 0x14, 0x00, 0x60, 0x00, 0x00, 0x04, 0x80, 0x00, 0xB0, 0x00, 0x00, 0x00, 0x00, 
	0x98, 0x08, 0x00, 0x60, 0x44, 0x4C, 0x80, 0x31, 0x00, 0x00, 0xF8, 0xFF, 0xE0, 0x01, 0x0C, 0x80, 
	0x07, 0xB0, 0x80, 0x1E, 0xC0, 0x03, 0x58, 0x00, 0x03, 0x68, 0x01, 0x3C, 0x90, 0x07, 0xF1, 0x00, 
	0x06, 0xC0, 0x03, 0x78, 0x20, 0x0F, 0x60, 0x40, 0x0C, 0x00, 0x04, 0x00, 0x00, 0x00, 0x00, 0x00, 
	0x00, 0x10, 0x02, 0x00, 0x00, 0x20, 0x08, 0x02, 0x0A, 0x08, 0x00, 0x2C, 0x88, 0x01, 0xE0, 0x00, 
	0x12, 0xC0, 0x00, 0x00, 0x00, 0x03, 0xE2, 0x00, 0x3C, 0x08, 0x00, 0x30, 0x40, 0x1E, 0x00, 0x00, 
	0x78, 0x00, 0x0F, 0xE4, 0x01, 0x0C, 0x10, 0x58, 0xFC, 0x80, 0x01, 0x00, 0x00, 0x06, 0x00, 0x00, 
	0x18, 0x00, 0x03, 0x20, 0x20, 0x00, 0x82, 0x80, 0x00, 0x00, 0x06, 0xC0, 0x00, 0x00, 0x00, 0x03, 
	0x00, 0x00, 0x00, 0x02, 0x00, 0x30, 0xA0, 0x04, 0x00, 0x00, 0x00, 0x00, 0x02, 0x00, 0x58, 0x02, 
	0x00, 0x00, 0x01, 0x00, 0x03, 0x00, 0x0C, 0x00, 0x00, 0x08, 0x00, 0xC4, 0x00, 0x14, 0x00, 0x80, 
	0x00, 0x00, 0x00, 0x80, 0x00, 0x00, 0x00, 0x00, 0x00, 0x80, 0x18, 0x00, 0x00, 0x60, 0x00, 0x0C, 
	0x80, 0x01, 0x30, 0x20, 0x09, 0xFF, 0x80, 0x01, 0x00, 0x08, 0x06, 0x00, 0x28, 0x18, 0x00, 0x03, 
	0x40, 0x02, 0x20, 0x00, 0x09, 0x30, 0x05, 0x06, 0xC0, 0x00, 0x90, 0x10, 0x03, 0x60, 0x10, 0x40, 
	0x00, 0x91, 0xB0, 0x00, 0x04, 0x00, 0x00, 0x00, 0x00, 0x00, 0x00, 0x08, 0x02, 0x00, 0x00, 0x02, 
	0x40, 0x00, 0x00, 0x04, 0x00, 0xA0, 0x00, 0x00, 0xC0, 0x00, 0x08, 0x00, 0x20, 0x00, 0x00, 0x28, 
	0x84, 0x00, 0x00, 0x04, 0x00, 0x00, 0x02, 0x18, 0x00, 0x00, 0x60, 0x00, 0x0C, 0x80, 0x00, 0xB2, 
	0x00, 0x58, 0xFF, 0x00, 0x00, 0x00, 0x00, 0x00, 0x00, 0x00, 0x00, 0x00, 0x00, 0x00, 0x00, 0x00, 
	0x00, 0x00, 0x00, 0x00, 0x00, 0x00, 0x00, 0x00, 0x00, 0x00, 0x00, 0x00, 0x00, 0x00, 0x00, 0x00, 
	0x00, 0x04, 0x00, 0x00, 0x00, 0x00, 0x00, 0x00, 0x00, 0x02, 0x00, 0x00, 0x02, 0xEE, 0x40, 0xFF, 
	0x00, 0x00, 0x00, 0x00, 0x00, 0x00, 0x00, 0x00, 0x00, 0x00, 0x00, 0x00, 0x00, 0x00, 0x00, 0x00, 
	0x00, 0x00, 0x00, 0x00, 0x00, 0x00, 0x00, 0x00, 0x00, 0x00, 0x00, 0x00, 0x00, 0x00, 0x68, 0xFE, 
	0x20, 0x00, 0x04, 0x80, 0x00, 0x10, 0x00, 0x02, 0x40, 0x00, 0x08, 0x00, 0x01, 0x20, 0x00, 0x04, 
	0x80, 0x00, 0x10, 0x00, 0x02, 0x40, 0x00, 0x08, 0x00, 0x01, 0x20, 0x00, 0x04, 0x00, 0x00, 0x00, 
	0x00, 0x00, 0x00, 0x00, 0x22, 0x10, 0x00, 0x00, 0x00, 0xC6, 0xEF, 0x40, 0xFF, 0x28, 0x00, 0x04, 
	0x80, 0x00, 0x10, 0x00, 0x02, 0x40, 0x00, 0x08, 0x00, 0x01, 0x20, 0x00, 0x04, 0x80, 0x00, 0x10, 
	0x00, 0x02, 0x40, 0x00, 0x08, 0x00, 0x01, 0x20, 0x00, 0x04, 0x00, 0xC8, 0xFC, 0x00, 0x00, 0x00, 
	0x00, 0x00, 0x00, 0x00, 0x00, 0x00, 0x00, 0x00, 0x00, 0x00, 0x00, 0x00, 0x00, 0x00, 0x00, 0x00, 
	0x00, 0x00, 0x00, 0x00, 0x00, 0x00, 0x00, 0x00, 0x00, 0x00, 0x00, 0x00, 0x00, 0x00, 0x00, 0x00, 
	0x50, 0x22, 0x00, 0x00, 0x00, 0x00, 0xC4, 0x6F, 0x6A, 0xDF, 0x00, 0x00, 0x00, 0x00, 0x00, 0x00, 
	0x00, 0x00, 0x00, 0x00, 0x00, 0x00, 0x00, 0x00, 0x00, 0x00, 0x00, 0x00, 0x00, 0x00, 0x00, 0x00, 
	0x00, 0x00, 0x00, 0x00, 0x00, 0x00, 0x00, 0x00, 0xD8, 0xFA, 0x24, 0x00, 0x04, 0x80, 0x00, 0x10, 
	0x00, 0x02, 0x40, 0x00, 0x08, 0x00, 0x01, 0x20, 0x00, 0x04, 0x80, 0x00, 0x10, 0x00, 0x02, 0x40, 
	0x00, 0x08, 0x00, 0x01, 0x20, 0x00, 0x04, 0x00, 0x00, 0x00, 0x00, 0x00, 0x00, 0x28, 0x22, 0x00, 
	0x00, 0x00, 0x00, 0x44, 0xE7, 0x58, 0xFD, 0x20, 0x00, 0x04, 0x80, 0x00, 0x10, 0x00, 0x02, 0x40, 
	0x00, 0x08, 0x00, 0x01, 0x20, 0x00, 0x04, 0x80, 0x00, 0x10, 0x00, 0x02, 0x40, 0x00, 0x08, 0x00, 
	0x01, 0x20, 0x00, 0x04, 0x00, 0x2A, 0xF8, 0x04, 0x00, 0x00, 0x00, 0x00, 0x80, 0x00, 0x00, 0x00, 
	0x00, 0x00, 0x00, 0x00, 0x00, 0x00, 0x00, 0x00, 0x04, 0x00, 0x00, 0x00, 0x00, 0x00, 0x00, 0x00, 
	0x00, 0x00, 0x00, 0x00, 0x00, 0x00, 0x00, 0x00, 0x00, 0x00, 0x50, 0x02, 0x00, 0x00, 0x00, 0x00, 
	0xCE, 0xEF, 0xFA, 0xFF, 0x00, 0x00, 0x00, 0x00, 0x00, 0x00, 0x00, 0x00, 0x00, 0x00, 0x00, 0x00, 
	0x00, 0x00, 0x00, 0x00, 0x00, 0x00, 0x00, 0x00, 0x00, 0x00, 0x00, 0x40, 0x00, 0x08, 0x00, 0x00, 
	0x00, 0x00, 0xC0, 0xF9, 0x00, 0x00, 0x00, 0x00, 0x00, 0x00, 0x00, 0x00, 0x00, 0x00, 0x00, 0x20, 
	0x00, 0x00, 0x00, 0x04, 0x00, 0x00, 0x00, 0x00, 0x00, 0x00, 0x00, 0x00, 0x00, 0x00, 0x00, 0x00, 
	0x00, 0x00, 0x00, 0x00, 0x00, 0x00, 0x00, 0x00, 0x00, 0x00, 0x00, 0x00, 0x00, 0x06, 0x2E, 0x58, 
	0x0F, 0x20, 0x00, 0x00, 0x00, 0x00, 0x00, 0x40, 0x00, 0x00, 0x00, 0x00, 0x00, 0x00, 0x20, 0x00, 
	0x00, 0x00, 0x00, 0x10, 0x00, 0x00, 0x40, 0x00, 0x00, 0x00, 0x00, 0x00, 0x00, 0x04, 0x00, 0xC8, 
	0xFC, 0x00, 0x01, 0x20, 0x00, 0x04, 0x00, 0x00, 0x10, 0x00, 0x02, 0x40, 0x00, 0x08, 0x00, 0x01, 
	0x00, 0x00, 0x00, 0x80, 0x00, 0x10, 0x00, 0x02, 0x40, 0x00, 0x08, 0x00, 0x01, 0x20, 0x00, 0x00, 
	0x00, 0x00, 0x00, 0x00, 0x00, 0x00, 0x00, 0x00, 0x00, 0x00, 0x02, 0x00, 0x18, 0x00, 0x00, 0x00, 
	0x20, 0x00, 0x04, 0x80, 0x00, 0x10, 0x00, 0x02, 0x40, 0x00, 0x08, 0x00, 0x00, 0x20, 0x00, 0x04, 
	0x00, 0x00, 0x10, 0x00, 0x00, 0x00, 0x00, 0x00, 0x00, 0x01, 0x00, 0x00, 0xE1, 0xFA, 0x20, 0x00, 
	0x04, 0x80, 0x00, 0x10, 0x00, 0x02, 0x40, 0x00, 0x00, 0x00, 0x01, 0x20, 0x00, 0x04, 0x80, 0x00, 
	0x10, 0x00, 0x02, 0x40, 0x00, 0x08, 0x00, 0x01, 0x20, 0x00, 0x04, 0x00, 0x00, 0x00, 0x00, 0x00, 
	0x00, 0x00, 0x00, 0x00, 0x00, 0x00, 0x00, 0x00, 0x00, 0x00, 0x00, 0x20, 0x00, 0x04, 0x80, 0x00, 
	0x00, 0x00, 0x02, 0x40, 0x00, 0x08, 0x00, 0x01, 0x20, 0x00, 0x04, 0x80, 0x00, 0x10, 0x00, 0x02, 
	0x40, 0x00, 0x08, 0x00, 0x01, 0x20, 0x00, 0x04, 0x00, 0x10, 0xFE, 0x00, 0x04, 0x00, 0x00, 0x00, 
	0x00, 0x00, 0x02, 0x00, 0x00, 0x00, 0x00, 0x20, 0x00, 0x00, 0x00, 0x00, 0x00, 0x00, 0x00, 0x00, 
	0x00, 0x40, 0x00, 0x00, 0x00, 0x00, 0x00, 0x00, 0x00, 0x00, 0x00, 0x00, 0x00, 0x00, 0x00, 0x00, 
	0x00, 0x00, 0x00, 0x00, 0x00, 0x00, 0x00, 0x00, 0x80, 0x01, 0x00, 0x00, 0x00, 0x00, 0x40, 0x00, 
	0x00, 0x01, 0x00, 0x00, 0x00, 0x00, 0x00, 0x00, 0x20, 0x00, 0x00, 0x00, 0x00, 0x00, 0x00, 0x00, 
	0x00, 0x00, 0x00, 0x00, 0x00, 0x00, 0x08, 0xFF, 0x00, 0x00, 0x00, 0x00, 0x00, 0x00, 0x00, 0x00, 
	0x00, 0x00, 0x00, 0x00, 0x00, 0x00, 0x00, 0x00, 0x00, 0x00, 0x00, 0x00, 0x00, 0x02, 0x00, 0x00, 
	0x00, 0x00, 0x00, 0x04, 0x00, 0x00, 0x00, 0x00, 0x00, 0x00, 0x00, 0x00, 0x00, 0x00, 0x00, 0x00, 
	0x00, 0x00, 0x00, 0x00, 0x00, 0x00, 0x00, 0x00, 0x00, 0x00, 0x00, 0x00, 0x00, 0x00, 0x00, 0x00, 
	0x00, 0x00, 0x00, 0x00, 0x00, 0x00, 0x00, 0x00, 0x00, 0x00, 0x00, 0x00, 0x00, 0x00, 0x00, 0x00, 
	0x00, 0x00, 0x00, 0xF8, 0xF9, 0x00, 0x20, 0x00, 0x20, 0x02, 0x00, 0x02, 0x00, 0x00, 0x00, 0x00, 
	0x00, 0x00, 0x00, 0x00, 0x00, 0x00, 0x00, 0x40, 0x10, 0x22, 0x00, 0x00, 0x00, 0x08, 0x00, 0x00, 
	0x00, 0x00, 0x00, 0x00, 0x50, 0x00, 0x08, 0x00, 0x00, 0x00, 0x00, 0x00, 0x28, 0x00, 0x00, 0x01, 
	0x00, 0x00, 0x00, 0x00, 0x00, 0x00, 0x04, 0x00, 0x00, 0x00, 0x00, 0x00, 0x00, 0x00, 0x00, 0x00, 
	0x00, 0x00, 0x00, 0x00, 0x80, 0x00, 0x10, 0x00, 0x00, 0x10, 0x01, 0x02, 0x00, 0x01, 0x00, 0x04, 
	0x60, 0xFC, 0x00, 0x00, 0x08, 0x00, 0x00, 0x00, 0x10, 0x00, 0x00, 0x00, 0x00, 0x00, 0x00, 0x00, 
	0x00, 0x00, 0x08, 0x00, 0x00, 0x00, 0x00, 0x00, 0x00, 0x00, 0x00, 0x00, 0x00, 0x00, 0x00, 0x20, 
	0x00, 0x00, 0x00, 0x00, 0x00, 0x00, 0x80, 0x00, 0x00, 0x00, 0x00, 0x00, 0x00, 0x00, 0x40, 0x00, 
	0x00, 0x00, 0x00, 0x00, 0x00, 0x00, 0x00, 0x00, 0x00, 0x00, 0x00, 0x00, 0x00, 0x00, 0x00, 0x00, 
	0x00, 0x00, 0x00, 0x00, 0x00, 0x00, 0x00, 0x00, 0x00, 0x00, 0x00, 0x00, 0x00, 0x00, 0xF9, 0x00, 
	0x00, 0x00, 0x00, 0x08, 0x00, 0x00, 0x00, 0x00, 0x00, 0x00, 0x00, 0x00, 0x00, 0x00, 0x80, 0x00, 
	0x04, 0x00, 0x00, 0x00, 0x00, 0x00, 0x00, 0x00, 0x00, 0x00, 0x01, 0x04, 0x00, 0x00, 0x00, 0x10, 
	0x00, 0x00, 0x00, 0x00, 0x00, 0x00, 0x00, 0x08, 0x00, 0x00, 0x80, 0x00, 0x00, 0x00, 0x00, 0x00, 
	0x00, 0x00, 0x00, 0x00, 0x00, 0x00, 0x00, 0x00, 0x00, 0x00, 0x00, 0x00, 0x00, 0x00, 0x00, 0x00, 
	0x00, 0x00, 0x00, 0x00, 0x00, 0x00, 0x00, 0x00, 0x40, 0x00, 0x00, 0xFF, 0x80, 0x00, 0x81, 0x00, 
	0x02, 0x40, 0x00, 0x00, 0x00, 0x00, 0x00, 0x00, 0x24, 0x00, 0x00, 0x00, 0x00, 0x10, 0x00, 0x00, 
	0x40, 0x00, 0x00, 0x00, 0x00, 0x00, 0x00, 0x00, 0x00, 0x00, 0x00, 0x00, 0x00, 0x00, 0x00, 0x00, 
	0x02, 0x00, 0x00, 0x00, 0x00, 0x00, 0x00, 0x00, 0x00, 0x00, 0x00, 0x04, 0x00, 0x80, 0x00, 0x00, 
	0x00, 0x00, 0x00, 0x00, 0x20, 0x00, 0x00, 0x00, 0x00, 0x00, 0x00, 0x00, 0x00, 0x00, 0x00, 0x00, 
	0x00, 0x00, 0x00, 0x00, 0x00, 0x00, 0x00, 0x88, 0xF8, 0x00, 0x00, 0x00, 0x00, 0x02, 0x04, 0x10, 
	0x00, 0x40, 0x00, 0x12, 0x00, 0x00, 0x02, 0x80, 0x08, 0x00, 0x02, 0x14, 0x80, 0x00, 0x40, 0x00, 
	0x40, 0x40, 0x00, 0x00, 0x00, 0x00, 0x00, 0x00, 0x00, 0x00, 0x00, 0x00, 0x00, 0x00, 0x00, 0x00, 
	0x00, 0x00, 0x00, 0x00, 0x00, 0x00, 0x80, 0x40, 0x00, 0x04, 0x00, 0x80, 0x00, 0x00, 0x10, 0x00, 
	0x20, 0x10, 0x00, 0x02, 0x00, 0x10, 0x00, 0x00, 0x00, 0x00, 0x10, 0x04, 0x00, 0x02, 0x00, 0x00, 
	0x08, 0x00, 0x00, 0x00, 0xF8, 0xFD, 0x00, 0x00, 0x01, 0x00, 0x00, 0x01, 0x00, 0x04, 0x00, 0x00, 
	0x00, 0x00, 0x00, 0x04, 0x40, 0x04, 0x00, 0x00, 0x00, 0x20, 0x00, 0x04, 0x00, 0x08, 0x00, 0x01, 
	0x20, 0x00, 0x00, 0x20, 0x00, 0x00, 0x00, 0x00, 0x00, 0x00, 0x00, 0x00, 0x00, 0x00, 0x00, 0x00, 
	0x00, 0x00, 0x00, 0x00, 0x01, 0x10, 0x04, 0x00, 0x80, 0x20, 0x00, 0x04, 0x81, 0x00, 0x00, 0x00, 
	0x80, 0x00, 0x00, 0x10, 0x04, 0x04, 0x00, 0x02, 0x00, 0x00, 0x00, 0x20, 0x00, 0x02, 0x40, 0x00, 
	0x00, 0x3C, 0xFC, 0x00, 0x00, 0x01, 0x08, 0x01, 0x06, 0x40, 0x02, 0x80, 0x0A, 0x11, 0x00, 0x00, 
	0x0C, 0x85, 0x0D, 0x05, 0xB5, 0x22, 0xD4, 0x08, 0x90, 0x00, 0x18, 0x20, 0x01, 0x20, 0x00, 0xA0, 
	0x20, 0x00, 0x00, 0x00, 0x00, 0x00, 0x00, 0x00, 0x00, 0x00, 0x00, 0x00, 0x00, 0x00, 0x00, 0x00, 
	0x60, 0x83, 0x04, 0x30, 0x14, 0x31, 0x80, 0x00, 0x58, 0x00, 0x12, 0x20, 0x28, 0x24, 0x00, 0x08, 
	0xA0, 0x00, 0x04, 0x00, 0x06, 0x08, 0x00, 0x01, 0x40, 0x00, 0x0C, 0x05, 0x01, 0x05, 0x98, 0xFD, 
	0x00, 0x00, 0x10, 0x00, 0xC0, 0x81, 0x10, 0x08, 0x00, 0x08, 0x00, 0x00, 0x00, 0x80, 0x41, 0x05, 
	0x00, 0xB6, 0x84, 0x20, 0x50, 0x02, 0x83, 0x40, 0x00, 0x04, 0x80, 0x60, 0x10, 0x00, 0x00, 0x00, 
	0x00, 0x00, 0x00, 0x00, 0x00, 0x00, 0x00, 0x00, 0x00, 0x00, 0x00, 0x00, 0x00, 0x00, 0x29, 0x30, 
	0x04, 0x0E, 0x00, 0x80, 0x18, 0x06, 0xC2, 0x60, 0x44, 0x45, 0x81, 0x40, 0xA0, 0x04, 0x00, 0x10, 
	0x11, 0x00, 0x00, 0x01, 0x10, 0x08, 0x01, 0x20, 0x0F, 0x48, 0x24, 0xD0, 0xFE, 0x00, 0x00, 0x10, 
	0x00, 0x00, 0x01, 0x00, 0x02, 0x00, 0x00, 0x00, 0x00, 0x00, 0x20, 0x40, 0x00, 0x00, 0x04, 0x00, 
	0x20, 0x00, 0x40, 0x00, 0x01, 0x00, 0x08, 0x00, 0x41, 0x20, 0x00, 0x00, 0x00, 0x00, 0x00, 0x00, 
	0x00, 0x00, 0x00, 0x00, 0x00, 0x00, 0x00, 0x00, 0x00, 0x00, 0x00, 0x00, 0x20, 0x00, 0x04, 0x00, 
	0x00, 0x10, 0x10, 0x80, 0x40, 0x00, 0x08, 0x00, 0x41, 0x00, 0x00, 0x00, 0x00, 0x00, 0x00, 0x40, 
	0x00, 0x00, 0x00, 0x00, 0x00, 0x00, 0x00, 0x00, 0xE8, 0xFD, 0x00, 0x00, 0x00, 0x00, 0x00, 0x84, 
	0x80, 0x00, 0x00, 0x00, 0x00, 0x00, 0x00, 0x80, 0x00, 0x00, 0x80, 0x00, 0x41, 0x00, 0x10, 0x10, 
	0x01, 0x20, 0x00, 0x00, 0x00, 0x80, 0x00, 0x00, 0x00, 0x00, 0x00, 0x00, 0x00, 0x00, 0x00, 0x00, 
	0x00, 0x00, 0x00, 0x00, 0x00, 0x00, 0x00, 0x80, 0x40, 0x10, 0x08, 0x02, 0x00, 0x00, 0x08, 0x04, 
	0x01, 0x21, 0x00, 0x00, 0x04, 0x00, 0x20, 0x08, 0x00, 0x00, 0x10, 0x00, 0x00, 0x00, 0x00, 0x10, 
	0x00, 0x20, 0x00, 0x00, 0x08, 0x08, 0xFE, 0x00, 0x00, 0x00, 0x00, 0x00, 0xA0, 0x00, 0x00, 0x00, 
	0x00, 0x00, 0x00, 0x00, 0x00, 0x00, 0x00, 0x00, 0x00, 0x00, 0x00, 0x00, 0x00, 0x00, 0x00, 0x00, 
	0x00, 0x00, 0x00, 0x00, 0x00, 0x00, 0x02, 0x00, 0x00, 0x00, 0x00, 0x00, 0x00, 0x00, 0x01, 0x00, 
	0x00, 0x00, 0x00, 0x00, 0x00, 0x00, 0x10, 0x00, 0x00, 0x00, 0x00, 0x00, 0x00, 0x00, 0x00, 0x00, 
	0x00, 0x00, 0x00, 0x04, 0x00, 0x00, 0x00, 0x00, 0x00, 0x00, 0x00, 0x00, 0x00, 0x00, 0x00, 0x00, 
	0x00, 0x00, 0x40, 0xFB, 0x00, 0x00, 0x00, 0x00, 0x00, 0x00, 0x00, 0x00, 0x00, 0x00, 0x00, 0x00, 
	0x00, 0x00, 0x00, 0x80, 0x00, 0x00, 0x00, 0x00, 0x02, 0x00, 0x00, 0x00, 0x00, 0x00, 0x00, 0x00, 
	0x00, 0x00, 0x00, 0x00, 0x00, 0x00, 0x00, 0x00, 0x00, 0x00, 0x00, 0x00, 0x00, 0x00, 0x00, 0x00, 
	0x00, 0x40, 0x00, 0x00, 0x00, 0x00, 0x00, 0x00, 0x00, 0x00, 0x00, 0x00, 0x00, 0x00, 0x00, 0x00, 
	0x00, 0x00, 0x00, 0x00, 0x00, 0x00, 0x00, 0x00, 0x00, 0x08, 0x00, 0x00, 0x00, 0x00, 0x00, 0x70, 
	0xFF, 0x00, 0x00, 0x00, 0x00, 0x00, 0x00, 0x00, 0x00, 0x00, 0x00, 0x00, 0x00, 0x00, 0x00, 0x00, 
	0x02, 0x00, 0x01, 0x00, 0x00, 0x01, 0x10, 0x08, 0x00, 0x00, 0x00, 0x00, 0x00, 0x00, 0x00, 0x00, 
	0x20, 0x00, 0x00, 0x00, 0x00, 0x00, 0x00, 0x00, 0x10, 0x00, 0x00, 0x00, 0x00, 0x00, 0x00, 0x40, 
	0x00, 0x00, 0x08, 0x00, 0x01, 0x00, 0x00, 0x00, 0x00, 0x00, 0x00, 0x00, 0x00, 0x00, 0x00, 0x00, 
	0x00, 0x00, 0x20, 0x00, 0x00, 0x00, 0x08, 0x00, 0x21, 0x00, 0x00, 0x00, 0xD0, 0xFA, 0x00, 0x00, 
	0x10, 0x50, 0x00, 0x02, 0x00, 0x00, 0x00, 0x00, 0x00, 0x00, 0x10, 0x04, 0x00, 0x08, 0x00, 0x00, 
	0x00, 0x00, 0x00, 0x08, 0x00, 0x00, 0x00, 0x00, 0x00, 0x00, 0x01, 0x00, 0x00, 0x00, 0x00, 0x00, 
	0x00, 0x00, 0x01, 0x00, 0x00, 0x00, 0x00, 0x00, 0x00, 0x80, 0x00, 0x00, 0x80, 0x00, 0x00, 0x00, 
	0x00, 0x00, 0x00, 0x00, 0x00, 0x01, 0x00, 0x00, 0x11, 0x00, 0x10, 0x00, 0x00, 0x00, 0x00, 0x00, 
	0x00, 0x00, 0x00, 0x00, 0x01, 0x00, 0x20, 0x40, 0x00, 0x88, 0xFE, 0x00, 0x00, 0x00, 0x04, 0x00, 
	0x04, 0x00, 0x00, 0x00, 0x00, 0x00, 0x00, 0x00, 0x00, 0x00, 0x00, 0x00, 0x00, 0x00, 0x80, 0x00, 
	0x40, 0x00, 0x00, 0x00, 0x00, 0x00, 0x04, 0x00, 0x00, 0x00, 0x00, 0x00, 0x00, 0x00, 0x00, 0x00, 
	0x00, 0x00, 0x00, 0x00, 0x00, 0x00, 0x00, 0x00, 0x40, 0x00, 0x00, 0x00, 0x00, 0x02, 0x00, 0x00, 
	0x00, 0x00, 0x00, 0x00, 0x00, 0x00, 0x00, 0x00, 0x00, 0x00, 0x00, 0x00, 0x00, 0x00, 0x00, 0x00, 
	0x00, 0x00, 0x00, 0x00, 0x00, 0x00, 0xF0, 0xFF, 0x00, 0x02, 0x04, 0x00, 0x00, 0x00, 0x00, 0x00, 
	0x00, 0x00, 0x00, 0x00, 0x00, 0x20, 0x00, 0x00, 0x00, 0x00, 0x00, 0x00, 0x00, 0x00, 0x00, 0x00, 
	0x00, 0x00, 0x00, 0x00, 0x00, 0x00, 0x00, 0x00, 0x00, 0x00, 0x00, 0x00, 0x00, 0x00, 0x00, 0x00, 
	0x00, 0x00, 0x00, 0x00, 0x00, 0x00, 0x00, 0x00, 0x00, 0x00, 0x00, 0x00, 0x00, 0x00, 0x00, 0x00, 
	0x00, 0x00, 0x00, 0x00, 0x00, 0x00, 0x00, 0x00, 0x00, 0x00, 0x00, 0x00, 0x00, 0x00, 0x00, 0x00, 
	0x00, 0x00, 0x00, 0xF8, 0xFF, 0x00, 0x00, 0x00, 0x00, 0x00, 0x00, 0x60, 0x00, 0x00, 0x00, 0x00, 
	0x00, 0x00, 0x02, 0x00, 0x01, 0x00, 0x00, 0x01, 0x00, 0x00, 0x04, 0x00, 0x00, 0x00, 0x00, 0x00, 
	0x60, 0x80, 0x00, 0x00, 0x00, 0x00, 0x00, 0x00, 0x00, 0x00, 0x00, 0x00, 0x00, 0x00, 0x04, 0x00, 
	0x00, 0x00, 0x00, 0x00, 0x00, 0x00, 0x00, 0x00, 0x00, 0x00, 0x00, 0x00, 0x00, 0x00, 0x08, 0x00, 
	0x00, 0x40, 0x00, 0x00, 0x00, 0x00, 0x00, 0x00, 0x00, 0x00, 0x30, 0x00, 0x06, 0x02, 0x12, 0x00, 
	0xB8, 0xF8, 0x02, 0x00, 0x02, 0x00, 0x00, 0x00, 0x00, 0x00, 0x00, 0x00, 0x00, 0x00, 0x00, 0x00, 
	0x00, 0x00, 0x00, 0x00, 0x00, 0x00, 0x00, 0x00, 0x00, 0x00, 0x80, 0x00, 0x00, 0x00, 0x00, 0x00, 
	0x00, 0x00, 0x00, 0x00, 0x08, 0x00, 0x00, 0x00, 0x00, 0x00, 0x00, 0x00, 0x00, 0x00, 0x00, 0x00, 
	0x20, 0x00, 0x00, 0x00, 0x80, 0x80, 0x00, 0x00, 0x40, 0x10, 0x00, 0x20, 0x08, 0x00, 0x00, 0x00, 
	0x00, 0x00, 0x00, 0x00, 0x00, 0x00, 0x00, 0x00, 0x00, 0x00, 0x00, 0x00, 0x00, 0x40, 0xFE, 0x00, 
	0x00, 0x00, 0x00, 0x00, 0x00, 0x00, 0x00, 0x00, 0x00, 0x10, 0x00, 0x00, 0x60, 0x20, 0x00, 0x00, 
	0x00, 0x00, 0x00, 0x00, 0x00, 0x00, 0x00, 0x00, 0x00, 0x00, 0x00, 0x10, 0x00, 0x00, 0x00, 0x00, 
	0x00, 0x00, 0x00, 0x01, 0x00, 0x00, 0x00, 0x00, 0x00, 0x00, 0x00, 0x00, 0x00, 0x00, 0x00, 0x04, 
	0x00, 0x00, 0x00, 0x02, 0x00, 0x00, 0x00, 0x00, 0x00, 0x00, 0x00, 0x00, 0x00, 0x00, 0x00, 0x00, 
	0x00, 0x00, 0x00, 0x00, 0x00, 0x0C, 0x00, 0x00, 0x00, 0x00, 0x20, 0xF8, 0x00, 0x00, 0x00, 0x04, 
	0x00, 0x00, 0x00, 0x00, 0x00, 0x00, 0x00, 0x00, 0x01, 0x00, 0x00, 0x00, 0x00, 0x00, 0x00, 0x40, 
	0x00, 0x10, 0x02, 0x04, 0x20, 0x00, 0x00, 0x00, 0x00, 0x00, 0x00, 0x00, 0x00, 0x00, 0x00, 0x00, 
	0x00, 0x00, 0x00, 0x00, 0x00, 0x00, 0x00, 0x00, 0x20, 0x00, 0x00, 0x00, 0x00, 0x02, 0x00, 0x00, 
	0x00, 0x00, 0x00, 0x00, 0x00, 0x00, 0x00, 0x00, 0x00, 0x00, 0x00, 0x00, 0x00, 0x00, 0x00, 0x00, 
	0x00, 0x01, 0x00, 0x01, 0x00, 0x00, 0x10, 0xF8, 0xFC, 0x00, 0x00, 0x00, 0x00, 0x00, 0x00, 0x00, 
	0x00, 0x00, 0x08, 0x00, 0x00, 0x00, 0x00, 0x00, 0x10, 0x00, 0x00, 0x00, 0x00, 0x00, 0x00, 0x00, 
	0x00, 0x00, 0x00, 0x00, 0x00, 0x00, 0x00, 0x00, 0x00, 0x00, 0x00, 0x00, 0x00, 0x00, 0x00, 0x00, 
	0x00, 0x00, 0x00, 0x00, 0x00, 0x00, 0x00, 0x00, 0x00, 0x00, 0x00, 0x00, 0x00, 0x00, 0x00, 0x00, 
	0x00, 0x00, 0x00, 0x00, 0x00, 0x00, 0x00, 0x00, 0x00, 0x00, 0x00, 0x00, 0x00, 0x00, 0x00, 0x00, 
	0x00, 0x00, 0x20, 0x00, 0xA0, 0xFD, 0x00, 0x00, 0x00, 0x08, 0x00, 0x00, 0x20, 0x00, 0x00, 0x00, 
	0x80, 0x00, 0x00, 0x02, 0x00, 0x00, 0x00, 0x00, 0x01, 0x00, 0x00, 0x04, 0x00, 0x00, 0x00, 0x00, 
	0x20, 0x40, 0x00, 0x00, 0x00, 0x00, 0x00, 0x00, 0x00, 0x00, 0x00, 0x00, 0x00, 0x00, 0x00, 0x00, 
	0x00, 0x00, 0x00, 0x00, 0x00, 0x00, 0x00, 0x00, 0x00, 0x01, 0x08, 0x00, 0x00, 0x00, 0x00, 0x02, 
	0x00, 0x00, 0x00, 0x00, 0x00, 0x00, 0x00, 0x00, 0x00, 0x00, 0x00, 0x00, 0x00, 0x00, 0x00, 0x80, 
	0x00, 0x18, 0xF9, 0x00, 0x00, 0x00, 0x00, 0x00, 0x00, 0x00, 0x00, 0x00, 0x00, 0x00, 0x00, 0x00, 
	0x00, 0x00, 0x00, 0x00, 0x00, 0x00, 0x00, 0x00, 0x00, 0x00, 0x00, 0x00, 0x00, 0x00, 0x00, 0x09, 
	0x00, 0x00, 0x00, 0x00, 0x00, 0x00, 0x00, 0x00, 0x00, 0x00, 0x00, 0x00, 0x00, 0x00, 0x00, 0x00, 
	0x00, 0x00, 0x00, 0x00, 0x02, 0x00, 0x00, 0x00, 0x00, 0x00, 0x00, 0x00, 0x00, 0x00, 0x00, 0x00, 
	0x00, 0x00, 0x40, 0x00, 0x00, 0x00, 0x00, 0x00, 0x00, 0x00, 0x00, 0x00, 0x00, 0x00, 0x50, 0xFC, 
	0x00, 0x00, 0x00, 0x00, 0x00, 0x00, 0x00, 0x00, 0x00, 0x00, 0x00, 0x00, 0x00, 0x00, 0x40, 0x00, 
	0x00, 0x00, 0x00, 0x00, 0x04, 0x00, 0x00, 0x00, 0x00, 0x00, 0x00, 0x00, 0x00, 0x00, 0x00, 0x00, 
	0x00, 0x00, 0x00, 0x00, 0x00, 0x00, 0x00, 0x00, 0x00, 0x00, 0x00, 0x00, 0x00, 0x00, 0x00, 0x00, 
	0x00, 0x00, 0x00, 0x00, 0x00, 0x00, 0x00, 0x00, 0x00, 0x00, 0x00, 0x00, 0x00, 0x00, 0x00, 0x00, 
	0x00, 0x00, 0x00, 0x00, 0x00, 0x00, 0x00, 0x00, 0x00, 0x00, 0x00, 0xD8, 0xFB, 0x00, 0x00, 0x00, 
	0x00, 0x00, 0x00, 0x00, 0x00, 0x00, 0x00, 0x00, 0x00, 0x00, 0x00, 0x00, 0x00, 0x80, 0x00, 0x00, 
	0x00, 0x00, 0x00, 0x01, 0x00, 0x00, 0x00, 0x00, 0x80, 0x00, 0x00, 0x00, 0x00, 0x00, 0x00, 0x00, 
	0x00, 0x00, 0x00, 0x00, 0x00, 0x00, 0x00, 0x00, 0x00, 0x00, 0x00, 0x00, 0x00, 0x00, 0x00, 0x00, 
	0x00, 0x40, 0x00, 0x00, 0x20, 0x00, 0x00, 0x00, 0x00, 0x00, 0x00, 0x00, 0x00, 0x00, 0x00, 0x00, 
	0x00, 0x00, 0x00, 0x00, 0x00, 0x00, 0x00, 0x00, 0x70, 0xF8, 0x00, 0x00, 0x00, 0x00, 0x00, 0x00, 
	0x00, 0x00, 0x00, 0x00, 0x00, 0x00, 0x00, 0x00, 0x00, 0x00, 0x00, 0x00, 0x00, 0x00, 0x00, 0x00, 
	0x04, 0x00, 0x00, 0x00, 0x02, 0x01, 0x00, 0x00, 0x00, 0x00, 0x00, 0x00, 0x00, 0x00, 0x00, 0x00, 
	0x00, 0x00, 0x00, 0x00, 0x00, 0x00, 0x00, 0x00, 0x00, 0x00, 0x00, 0x00, 0x00, 0x00, 0x00, 0x00, 
	0x00, 0x00, 0x00, 0x00, 0x00, 0x00, 0x00, 0x00, 0x00, 0x00, 0x00, 0x00, 0x00, 0x00, 0x00, 0x80, 
	0x00, 0x00, 0x00, 0x00, 0x00, 0x28, 0xFA, 0x00, 0x00, 0x00, 0x00, 0x00, 0x00, 0x00, 0x00, 0x00, 
	0x00, 0x00, 0x00, 0x00, 0x00, 0x00, 0x00, 0x00, 0x00, 0x00, 0x00, 0x00, 0x00, 0x00, 0x00, 0x00, 
	0x00, 0x00, 0x00, 0x00, 0x00, 0x00, 0x00, 0x00, 0x01, 0x00, 0x00, 0x00, 0x00, 0x00, 0x00, 0x80, 
	0x00, 0x00, 0x00, 0x00, 0x00, 0x00, 0x08, 0x00, 0x00, 0x00, 0x00, 0x00, 0x40, 0x00, 0x00, 0x00, 
	0x00, 0x00, 0x00, 0x00, 0x00, 0x00, 0x00, 0x00, 0x00, 0x00, 0x00, 0x00, 0x00, 0x00, 0x00, 0x00, 
	0x00, 0x00, 0x00, 0xFA, 0x00, 0x00, 0x00, 0x00, 0x00, 0x00, 0x00, 0x00, 0x04, 0x00, 0x00, 0x00, 
	0x00, 0x00, 0x00, 0x00, 0x00, 0x00, 0x00, 0x00, 0x00, 0x00, 0x00, 0x00, 0x00, 0x00, 0x00, 0x00, 
	0x00, 0x00, 0x00, 0x00, 0x02, 0x00, 0x00, 0x00, 0x00, 0x41, 0x00, 0x00, 0x00, 0x00, 0x00, 0x00, 
	0x80, 0x00, 0x00, 0x00, 0x00, 0x00, 0x00, 0x00, 0x00, 0x00, 0x00, 0x00, 0x00, 0x00, 0x00, 0x00, 
	0x00, 0x00, 0x00, 0x00, 0x00, 0x00, 0x00, 0x00, 0x00, 0x00, 0x00, 0x00, 0x00, 0x00, 0x00, 0x30, 
	0xFA, 0x00, 0x00, 0x00, 0x00, 0x00, 0x00, 0x00, 0x00, 0x00, 0x00, 0x00, 0x00, 0x00, 0x00, 0x00, 
	0x00, 0x00, 0x00, 0x00, 0x00, 0x00, 0x00, 0x00, 0x00, 0x00, 0x00, 0x00, 0x00, 0x00, 0x08, 0x00, 
	0x00, 0x00, 0x00, 0x00, 0x00, 0x00, 0x00, 0x00, 0x00, 0x00, 0x00, 0x00, 0x00, 0x00, 0x20, 0x00, 
	0x00, 0x00, 0x00, 0x00, 0x00, 0x00, 0x00, 0x00, 0x00, 0x00, 0x20, 0x00, 0x00, 0x00, 0x00, 0x00, 
	0x00, 0x00, 0x00, 0x08, 0x00, 0x00, 0x00, 0x00, 0x00, 0x00, 0x00, 0x00, 0x54, 0xFB, 0x00, 0x40, 
	0x00, 0x00, 0x00, 0x00, 0x00, 0x00, 0x00, 0x00, 0x00, 0x00, 0x00, 0x00, 0x00, 0x00, 0x00, 0x00, 
	0x00, 0x80, 0x00, 0x00, 0x00, 0x00, 0x10, 0x00, 0x00, 0x00, 0x00, 0x80, 0x00, 0x00, 0x00, 0x00, 
	0x04, 0x00, 0x00, 0x00, 0x00, 0x00, 0x10, 0x00, 0x02, 0x00, 0x00, 0x00, 0x00, 0x00, 0x00, 0x00, 
	0x40, 0x00, 0x00, 0x00, 0x00, 0x00, 0x00, 0x04, 0x00, 0x00, 0x00, 0x00, 0x00, 0x80, 0x00, 0x08, 
	0x00, 0x00, 0x00, 0x00, 0x00, 0x80, 0x00, 0x00, 0x00, 0xB0, 0xFC, 0x00, 0x00, 0x00, 0x00, 0x00, 
	0x00, 0x00, 0x00, 0x00, 0x00, 0x00, 0x00, 0x08, 0x00, 0x00, 0x00, 0x00, 0x00, 0x08, 0x00, 0x00, 
	0x20, 0x00, 0x00, 0x00, 0x00, 0x00, 0x00, 0x00, 0x00, 0x00, 0x00, 0x00, 0x00, 0x00, 0x00, 0x00, 
	0x00, 0x00, 0x00, 0x00, 0x00, 0x00, 0x00, 0x00, 0x00, 0x00, 0x00, 0x00, 0x00, 0x00, 0x00, 0x08, 
	0x00, 0x00, 0x00, 0x00, 0x00, 0x00, 0x00, 0x00, 0x00, 0x00, 0x00, 0x00, 0x00, 0x00, 0x00, 0x00, 
	0x00, 0x00, 0x00, 0x00, 0x00, 0x00, 0x30, 0xFF, 0x00, 0x04, 0x00, 0x20, 0x04, 0x00, 0x00, 0x00, 
	0x00, 0x00, 0x40, 0x00, 0x00, 0x00, 0x00, 0x00, 0x00, 0x02, 0x00, 0x02, 0x00, 0x00, 0x00, 0x40, 
	0x01, 0x00, 0x00, 0x80, 0x00, 0x00, 0x00, 0x00, 0x00, 0x00, 0x00, 0x00, 0x00, 0x00, 0x00, 0x00, 
	0x00, 0x00, 0x00, 0x00, 0x00, 0x00, 0x00, 0x00, 0x80, 0x10, 0x00, 0x00, 0x00, 0x00, 0x00, 0x00, 
	0x00, 0x00, 0x00, 0x00, 0x00, 0x00, 0x00, 0x00, 0x00, 0x00, 0x00, 0x00, 0x00, 0x00, 0x00, 0x00, 
	0x00, 0x00, 0x00, 0xD8, 0xFD, 0x00, 0x00, 0x00, 0x00, 0x00, 0x00, 0x00, 0x00, 0x00, 0x00, 0x00, 
	0x00, 0x02, 0x00, 0x00, 0x00, 0x00, 0x00, 0x00, 0x00, 0x00, 0x00, 0x00, 0x00, 0x00, 0x00, 0x00, 
	0x00, 0x00, 0x00, 0x00, 0x00, 0x00, 0x00, 0x00, 0x10, 0x00, 0x00, 0x00, 0x00, 0x00, 0x00, 0x00, 
	0x00, 0x00, 0x00, 0x02, 0x00, 0x00, 0x00, 0x10, 0x00, 0x00, 0x00, 0x04, 0x00, 0x00, 0x00, 0x00, 
	0x00, 0x00, 0x00, 0x00, 0x00, 0x00, 0x00, 0x00, 0x00, 0x00, 0x00, 0x00, 0x00, 0x00, 0x00, 0x00, 
	0xF8, 0xFB, 0x00, 0x00, 0x00, 0x00, 0x00, 0x00, 0x01, 0x00, 0x00, 0x00, 0x00, 0x00, 0x00, 0x00, 
	0x00, 0x10, 0x00, 0x00, 0x00, 0x00, 0x00, 0x80, 0x00, 0x00, 0x00, 0x00, 0x00, 0x00, 0x00, 0x08, 
	0x00, 0x00, 0x00, 0x00, 0x00, 0x00, 0x00, 0x00, 0x00, 0x00, 0x00, 0x00, 0x00, 0x00, 0x00, 0x00, 
	0x04, 0x00, 0x00, 0x00, 0x00, 0x00, 0x00, 0x00, 0x08, 0x00, 0x00, 0x00, 0x00, 0x00, 0x00, 0x00, 
	0x00, 0x00, 0x00, 0x00, 0x00, 0x00, 0x80, 0x00, 0x10, 0x00, 0x00, 0x00, 0x00, 0x08, 0xFB, 0x0A, 
	0x00, 0x01, 0x00, 0x00, 0x80, 0x00, 0x00, 0x00, 0x00, 0x00, 0x10, 0x00, 0x80, 0x00, 0x01, 0x00, 
	0x00, 0x40, 0x00, 0x00, 0x00, 0x00, 0x01, 0x00, 0x04, 0x20, 0x00, 0x20, 0x00, 0x00, 0x00, 0x00, 
	0x00, 0x00, 0x00, 0x00, 0x00, 0x00, 0x00, 0x00, 0x00, 0x00, 0x00, 0x00, 0x20, 0x00, 0x00, 0x00, 
	0x00, 0x00, 0x00, 0x08, 0x04, 0x00, 0x20, 0x40, 0x00, 0x80, 0x40, 0x00, 0x00, 0x00, 0x00, 0x00, 
	0x00, 0x00, 0x80, 0x00, 0x00, 0x00, 0x00, 0x00, 0x00, 0x00, 0x88, 0xFB, 0x00, 0x00, 0x00, 0x20, 
	0x00, 0x10, 0x00, 0x00, 0x00, 0x02, 0x00, 0x40, 0x00, 0x40, 0x80, 0x00, 0x00, 0x00, 0x02, 0x40, 
	0x00, 0x00, 0x00, 0x22, 0x00, 0x01, 0x00, 0x20, 0x00, 0x20, 0x00, 0x00, 0x00, 0x00, 0x00, 0x00, 
	0x00, 0x00, 0x00, 0x00, 0x00, 0x00, 0x00, 0x00, 0x00, 0x80, 0x00, 0x10, 0x00, 0x00, 0x00, 0x20, 
	0x00, 0x08, 0x80, 0x10, 0x00, 0x00, 0x00, 0x00, 0x04, 0x10, 0x02, 0x20, 0x00, 0x04, 0x44, 0x00, 
	0x00, 0x00, 0x00, 0x20, 0x00, 0x00, 0x00, 0x90, 0xF8, 0x00, 0x80, 0x00, 0x26, 0x02, 0xB0, 0x01, 
	0x00, 0x43, 0x00, 0x40, 0x71, 0x00, 0x60, 0x80, 0x01, 0x00, 0x14, 0x24, 0x80, 0xD0, 0x02, 0x00, 
	0x0B, 0x10, 0x03, 0x40, 0x30, 0x09, 0x20, 0x00, 0x00, 0x00, 0x00, 0x00, 0x20, 0x00, 0x00, 0x00, 
	0x00, 0x00, 0x00, 0x00, 0x10, 0x00, 0x60, 0x00, 0x04, 0x00, 0x00, 0x01, 0x80, 0x04, 0x18, 0x00, 
	0x3A, 0x20, 0x80, 0x41, 0x80, 0x64, 0xA0, 0xC0, 0x10, 0x00, 0x02, 0x50, 0x00, 0x01, 0x00, 0x00, 
	0x20, 0x00, 0x00, 0x00, 0x68, 0xFF, 0x80, 0x40, 0x10, 0x08, 0x10, 0x41, 0x58, 0x01, 0x10, 0x83, 
	0x60, 0x08, 0x00, 0x02, 0x41, 0x05, 0x00, 0xC0, 0x00, 0x00, 0x10, 0x10, 0x00, 0x00, 0x02, 0x20, 
	0x01, 0x40, 0x00, 0x00, 0x00, 0x00, 0x00, 0x00, 0x00, 0x00, 0x00, 0x00, 0x00, 0x00, 0x00, 0x00, 
	0x00, 0x00, 0x00, 0x00, 0x23, 0x60, 0x04, 0xC0, 0x80, 0x00, 0x08, 0x06, 0x40, 0x20, 0x44, 0x04, 
	0x80, 0x20, 0x20, 0x04, 0x04, 0x80, 0x30, 0x08, 0x06, 0x11, 0x00, 0x08, 0x00, 0x00, 0x21, 0x60, 
	0x00, 0x88, 0xFD, 0x80, 0x40, 0x10, 0x10, 0x00, 0x11, 0x00, 0x00, 0x40, 0x00, 0x0A, 0x00, 0x00, 
	0x02, 0x00, 0x01, 0x00, 0x00, 0x00, 0x00, 0x00, 0x00, 0x00, 0x00, 0x00, 0x00, 0x00, 0x00, 0x01, 
	0x00, 0x00, 0x00, 0x00, 0x00, 0x00, 0x00, 0x00, 0x00, 0x00, 0x00, 0x00, 0x00, 0x00, 0x00, 0x00, 
	0x00, 0x00, 0x00, 0x00, 0x00, 0x00, 0x00, 0x08, 0x04, 0x00, 0x08, 0x00, 0x04, 0x80, 0x00, 0x00, 
	0x00, 0x00, 0x00, 0x20, 0x08, 0x10, 0x02, 0x00, 0x00, 0x00, 0x00, 0x00, 0x00, 0x00, 0x78, 0xFB, 
	0x00, 0x00, 0x00, 0x00, 0x00, 0x00, 0x20, 0x00, 0x00, 0x01, 0x20, 0x20, 0x00, 0x80, 0x00, 0x00, 
	0x00, 0x00, 0x01, 0x00, 0x02, 0x00, 0x00, 0x00, 0x00, 0x00, 0x08, 0x00, 0x00, 0x00, 0x00, 0x00, 
	0x00, 0x00, 0x00, 0x00, 0x00, 0x00, 0x00, 0x00, 0x00, 0x00, 0x00, 0x00, 0x00, 0x80, 0x40, 0x10, 
	0x08, 0x00, 0x81, 0x00, 0x00, 0x10, 0x80, 0x00, 0x00, 0x00, 0x00, 0x40, 0x10, 0x88, 0x00, 0x80, 
	0x40, 0x00, 0x02, 0x00, 0x00, 0x20, 0x00, 0x80, 0x40, 0x10, 0x00, 0x68, 0xF8, 0x10, 0x00, 0x10, 
	0x00, 0x00, 0x00, 0x00, 0x00, 0x00, 0x00, 0x00, 0x00, 0x00, 0x00, 0x00, 0x00, 0x00, 0x00, 0x00, 
	0x00, 0x00, 0x00, 0x00, 0x00, 0x00, 0x00, 0x00, 0x00, 0x00, 0x04, 0x00, 0x00, 0x00, 0x00, 0x00, 
	0x00, 0x00, 0x00, 0x00, 0x00, 0x00, 0x20, 0x00, 0x00, 0x00, 0x00, 0x00, 0x40, 0x00, 0x00, 0x00, 
	0x00, 0x00, 0x00, 0x00, 0x00, 0x00, 0x00, 0x00, 0x00, 0x00, 0x00, 0x00, 0x00, 0x00, 0x00, 0x00, 
	0x00, 0x00, 0x00, 0x00, 0x00, 0x00, 0x00, 0x00, 0x8C, 0xFC, 0x00, 0x00, 0x00, 0x00, 0x00, 0x00, 
	0x00, 0x00, 0x00, 0x00, 0x00, 0x00, 0x00, 0x00, 0x02, 0x00, 0x00, 0x00, 0x00, 0x20, 0x00, 0x00, 
	0x00, 0x01, 0x08, 0x00, 0x00, 0x00, 0x00, 0x00, 0x04, 0x00, 0x00, 0x00, 0x00, 0x00, 0x00, 0x00, 
	0x02, 0x00, 0x00, 0x00, 0x00, 0x00, 0x00, 0x00, 0x00, 0x80, 0x00, 0x00, 0x00, 0x00, 0x00, 0x00, 
	0x00, 0x00, 0x00, 0x00, 0x40, 0x00, 0x00, 0x00, 0x00, 0x00, 0x00, 0x00, 0x00, 0x00, 0x00, 0x00, 
	0x00, 0x00, 0x00, 0x00, 0x00, 0x28, 0xFD, 0x00, 0x01, 0x40, 0x00, 0x00, 0x00, 0x00, 0x00, 0x00, 
	0x00, 0x00, 0x00, 0x01, 0x00, 0x00, 0x00, 0x00, 0x00, 0x00, 0x00, 0x00, 0x80, 0x00, 0x40, 0x00, 
	0x00, 0x00, 0x00, 0x00, 0x00, 0x00, 0x00, 0x00, 0x00, 0x00, 0x00, 0x00, 0x00, 0x00, 0x00, 0x00, 
	0x00, 0x00, 0x00, 0x00, 0x00, 0x00, 0x00, 0x00, 0x00, 0x00, 0x00, 0x00, 0x00, 0x00, 0x00, 0x00, 
	0x02, 0x00, 0x00, 0x80, 0x00, 0x00, 0x00, 0x00, 0x00, 0x00, 0x00, 0x00, 0x00, 0x00, 0x00, 0x04, 
	0x00, 0x00, 0xE8, 0xF9, 0x00, 0x00, 0x20, 0x00, 0x00, 0x00, 0x00, 0x00, 0x00, 0x00, 0x10, 0x80, 
	0x00, 0x00, 0x00, 0x04, 0x00, 0x80, 0x00, 0x00, 0x00, 0x00, 0x00, 0x00, 0x00, 0x00, 0x00, 0x02, 
	0x10, 0x00, 0x00, 0x00, 0x00, 0x00, 0x00, 0x00, 0x00, 0x00, 0x00, 0x00, 0x00, 0x00, 0x00, 0x00, 
	0x00, 0x00, 0x00, 0x00, 0x00, 0x00, 0x00, 0x00, 0x00, 0x00, 0x00, 0x00, 0x00, 0x00, 0x00, 0x20, 
	0x00, 0x00, 0x04, 0x00, 0x00, 0x00, 0x02, 0x00, 0x00, 0x00, 0x00, 0x00, 0x00, 0x00, 0x00, 0x98, 
	0xFB, 0x08, 0x00, 0x00, 0x00, 0x00, 0x00, 0x00, 0x00, 0x00, 0x00, 0x20, 0x00, 0x00, 0x80, 0x00, 
	0x00, 0x00, 0x00, 0x00, 0x00, 0x40, 0x00, 0x00, 0x00, 0x00, 0x00, 0x00, 0x00, 0x00, 0x00, 0x04, 
	0x00, 0x00, 0x00, 0x00, 0x00, 0x00, 0x00, 0x02, 0x00, 0x00, 0x00, 0x00, 0x00, 0x00, 0x00, 0x00, 
	0x00, 0x00, 0x00, 0x00, 0x00, 0x00, 0x00, 0x00, 0x00, 0x00, 0x00, 0x00, 0x00, 0x00, 0x00, 0x00, 
	0x00, 0x20, 0x00, 0x04, 0x00, 0x00, 0x00, 0x00, 0x00, 0x00, 0x00, 0x00, 0xB8, 0xFB, 0x00, 0x00, 
	0x00, 0x00, 0x00, 0x00, 0x00, 0x10, 0x00, 0x00, 0x00, 0x00, 0x00, 0x00, 0x00, 0x40, 0x00, 0x00, 
	0x00, 0x00, 0x00, 0x00, 0x00, 0x00, 0x00, 0x00, 0x00, 0x00, 0x00, 0x00, 0x00, 0x00, 0x00, 0x00, 
	0x00, 0x00, 0x00, 0x00, 0x00, 0x00, 0x00, 0x00, 0x00, 0x00, 0x00, 0x00, 0x00, 0x00, 0x00, 0x00, 
	0x00, 0x00, 0x00, 0x00, 0x00, 0x00, 0x00, 0x00, 0x00, 0x00, 0x00, 0x00, 0x00, 0x00, 0x00, 0x02, 
	0x00, 0x00, 0x00, 0x00, 0x00, 0x00, 0x00, 0x00, 0x00, 0xE8, 0xFE, 0x00, 0x80, 0x00, 0x00, 0x00, 
	0x00, 0x00, 0x00, 0x00, 0x00, 0x00, 0x18, 0x00, 0x00, 0x00, 0x20, 0x00, 0x00, 0x00, 0x00, 0x00, 
	0x00, 0x00, 0x00, 0x00, 0x00, 0x00, 0x00, 0x00, 0x00, 0x10, 0x00, 0x00, 0x00, 0x00, 0x00, 0x00, 
	0x00, 0x00, 0x00, 0x00, 0x00, 0x00, 0x00, 0x00, 0x00, 0x00, 0x00, 0x00, 0x00, 0x00, 0x00, 0x04, 
	0x00, 0x00, 0x00, 0x00, 0x00, 0x20, 0x00, 0x00, 0x00, 0x00, 0x00, 0x02, 0x00, 0x00, 0x00, 0x00, 
	0x00, 0x00, 0x00, 0x00, 0x00, 0x20, 0x00, 0xF8, 0x00, 0x01, 0x00, 0x00, 0x01, 0x00, 0x00, 0x00, 
	0x00, 0x00, 0x00, 0x00, 0x02, 0x80, 0x00, 0x00, 0x00, 0x04, 0x40, 0x00, 0x10, 0x00, 0x00, 0x20, 
	0x00, 0x00, 0x40, 0x00, 0x00, 0x00, 0x00, 0x00, 0x00, 0x00, 0x00, 0x80, 0x00, 0x00, 0x08, 0x00, 
	0x00, 0x00, 0x00, 0x00, 0x01, 0x20, 0x00, 0x00, 0x00, 0x00, 0x00, 0x00, 0x00, 0x00, 0x00, 0x00, 
	0x00, 0x00, 0x00, 0x00, 0x00, 0x00, 0x00, 0x00, 0x00, 0x00, 0x00, 0x00, 0x00, 0x00, 0x00, 0x00, 
	0x00, 0x00, 0x00, 0x88, 0xFA, 0x00, 0x00, 0x00, 0x00, 0x00, 0x00, 0x00, 0x00, 0x00, 0x00, 0x00, 
	0x00, 0x00, 0x08, 0x00, 0x00, 0x00, 0x00, 0x04, 0x00, 0x00, 0x00, 0x00, 0x00, 0x00, 0x00, 0x00, 
	0x00, 0x00, 0x00, 0x00, 0x01, 0x00, 0x00, 0x00, 0x00, 0x02, 0x00, 0x80, 0x00, 0x00, 0x00, 0x00, 
	0x00, 0x00, 0x00, 0x00, 0x00, 0x00, 0x00, 0x0C, 0x00, 0x00, 0x10, 0x00, 0x00, 0x00, 0x00, 0x08, 
	0x00, 0x00, 0x00, 0x00, 0x00, 0x10, 0x08, 0x00, 0x00, 0x00, 0x00, 0x00, 0x00, 0x00, 0x00, 0x00, 
	0x20, 0xF8, 0x00, 0x00, 0x00, 0x00, 0x00, 0x00, 0x00, 0x00, 0x00, 0x00, 0x00, 0x00, 0x00, 0x40, 
	0x00, 0x00, 0x00, 0x00, 0x20, 0x00, 0x00, 0x00, 0x00, 0x10, 0x00, 0x00, 0x80, 0x00, 0x00, 0x04, 
	0x00, 0x00, 0x00, 0x00, 0x00, 0x00, 0x00, 0x00, 0x00, 0x00, 0x00, 0x00, 0x00, 0x20, 0x00, 0x00, 
	0x00, 0x00, 0x00, 0x00, 0x02, 0x00, 0x00, 0x00, 0x00, 0x00, 0x00, 0x08, 0x00, 0x01, 0x00, 0x20, 
	0x00, 0x40, 0x01, 0x20, 0x00, 0x00, 0x00, 0x00, 0x00, 0x00, 0x00, 0x01, 0x00, 0x48, 0xF8, 0x00, 
	0x00, 0x00, 0x00, 0x00, 0x00, 0x00, 0x00, 0x00, 0x00, 0x00, 0x00, 0x00, 0x00, 0x00, 0x00, 0x00, 
	0x00, 0x00, 0x00, 0x04, 0x00, 0x02, 0x00, 0x00, 0x00, 0x00, 0x00, 0x00, 0x00, 0x00, 0x00, 0x00, 
	0x00, 0x00, 0x00, 0x50, 0x00, 0x00, 0x00, 0x00, 0x00, 0x00, 0x10, 0x00, 0x00, 0x00, 0x00, 0x00, 
	0x00, 0x00, 0x00, 0x00, 0x00, 0x00, 0x00, 0x00, 0x04, 0x00, 0x00, 0x00, 0x00, 0x00, 0x00, 0x00, 
	0x00, 0x00, 0x00, 0x00, 0x00, 0x00, 0x00, 0x00, 0x08, 0x00, 0x50, 0xF8, 0x00, 0x00, 0x00, 0x00, 
	0x00, 0x10, 0x00, 0x00, 0x00, 0x00, 0x20, 0x00, 0x00, 0x00, 0x00, 0x00, 0x00, 0x00, 0x00, 0x00, 
	0x20, 0x00, 0x08, 0x00, 0x00, 0x00, 0x00, 0x00, 0x02, 0x00, 0x00, 0x00, 0x00, 0x00, 0x00, 0x00, 
	0x00, 0x00, 0x00, 0x00, 0x00, 0x00, 0x00, 0x40, 0x00, 0x00, 0x00, 0x00, 0x00, 0x00, 0x00, 0x00, 
	0x00, 0x00, 0x00, 0x00, 0x00, 0x00, 0x00, 0x00, 0x00, 0x00, 0x00, 0x00, 0x00, 0x00, 0x00, 0x00, 
	0x08, 0x00, 0x00, 0x04, 0x00, 0x00, 0x00, 0xB0, 0xF8, 0x00, 0x00, 0x00, 0x00, 0x00, 0xD0, 0x00, 
	0x18, 0x00, 0x00, 0x08, 0x02, 0x00, 0x00, 0x08, 0x34, 0x40, 0x00, 0x00, 0x00, 0x00, 0x00, 0x00, 
	0x28, 0x22, 0x00, 0x00, 0x04, 0x05, 0x00, 0x00, 0x00, 0x00, 0x00, 0x00, 0x00, 0x00, 0x00, 0x00, 
	0x00, 0x00, 0x00, 0x00, 0x00, 0x00, 0x00, 0x00, 0x00, 0x00, 0x00, 0x10, 0x00, 0x00, 0x00, 0x0B, 
	0x00, 0x00, 0x00, 0x20, 0x04, 0x00, 0x80, 0x06, 0xD0, 0x00, 0x00, 0x40, 0x08, 0x01, 0x00, 0x00, 
	0xA0, 0x01, 0x04, 0x00, 0xF0, 0xFD, 0x00, 0x00, 0x00, 0x00, 0x00, 0xC0, 0x00, 0x00, 0x10, 0x00, 
	0x00, 0x10, 0x00, 0x00, 0x00, 0x31, 0x00, 0x00, 0x00, 0x00, 0x00, 0x00, 0x00, 0x60, 0x00, 0x00, 
	0x00, 0x00, 0x00, 0x00, 0x00, 0x00, 0x00, 0x00, 0x00, 0x00, 0x00, 0x00, 0x00, 0x00, 0x00, 0x00, 
	0x00, 0x00, 0x00, 0x00, 0x00, 0x00, 0x00, 0x00, 0x00, 0x00, 0x00, 0x00, 0x03, 0x02, 0x00, 0x00, 
	0x80, 0x40, 0x00, 0x00, 0x06, 0xC0, 0x00, 0x00, 0x00, 0x00, 0x00, 0x00, 0x00, 0x00, 0x00, 0x00, 
	0x00, 0xA8, 0xF9, 0x00, 0x00, 0x00, 0x00, 0x00, 0xC0, 0x00, 0x1E, 0x00, 0x00, 0x20, 0x20, 0x00, 
	0x60, 0x00, 0x38, 0x08, 0x00, 0x00, 0x00, 0x00, 0x00, 0x00, 0x20, 0x00, 0x00, 0x40, 0x00, 0x0C, 
	0x00, 0x00, 0x00, 0x00, 0x00, 0x00, 0x00, 0x00, 0x00, 0x00, 0x00, 0x00, 0x00, 0x00, 0x00, 0x00, 
	0x00, 0x00, 0x00, 0x00, 0x00, 0xA0, 0x00, 0x00, 0xC0, 0x03, 0x00, 0x00, 0x00, 0x00, 0x00, 0x00, 
	0x00, 0x00, 0x00, 0x00, 0x00, 0x80, 0x82, 0x00, 0x00, 0x00, 0x80, 0x41, 0x30, 0x00, 0xA0, 0xFD, 
	0x00, 0x00, 0x00, 0x00, 0x00, 0xC0, 0x00, 0x9A, 0x04, 0x00, 0x00, 0x02, 0x00, 0x00, 0x00, 0x34, 
	0x02, 0x00, 0x00, 0x00, 0x00, 0x00, 0x00, 0x60, 0x14, 0x00, 0x20, 0x00, 0x04, 0x00, 0x00, 0x00, 
	0x00, 0x00, 0x00, 0x00, 0x00, 0x00, 0x00, 0x00, 0x00, 0x00, 0x00, 0x00, 0x00, 0x00, 0x00, 0x00, 
	0x00, 0x00, 0x40, 0x00, 0x00, 0x00, 0x03, 0x00, 0x00, 0x00, 0x00, 0x20, 0x00, 0x00, 0x00, 0x00, 
	0x00, 0x00, 0x00, 0x11, 0x00, 0x00, 0x00, 0x80, 0x11, 0x00, 0x12, 0x48, 0xFF, 0x00, 0x00, 0x00, 
	0x00, 0x00, 0x00, 0x02, 0x80, 0x20, 0x00, 0x00, 0x02, 0x00, 0x80, 0x89, 0x00, 0x06, 0x00, 0x00, 
	0x00, 0x00, 0x00, 0x00, 0x60, 0x12, 0x00, 0x80, 0x49, 0x30, 0x11, 0x00, 0x00, 0x00, 0x00, 0x00, 
	0x00, 0x00, 0x00, 0x00, 0x00, 0x00, 0x00, 0x00, 0x00, 0x00, 0x00, 0x00, 0x00, 0x00, 0x00, 0x60, 
	0x00, 0x00, 0x00, 0x00, 0x00, 0x00, 0x00, 0x00, 0x20, 0x00, 0x00, 0x10, 0x00, 0x24, 0x00, 0x80, 
	0x02, 0x00, 0x00, 0x00, 0x00, 0x04, 0x01, 0x02, 0x80, 0xFA, 0x00, 0x00, 0x00, 0x00, 0x00, 0x30, 
	0x80, 0x06, 0x00, 0x00, 0x18, 0x20, 0x00, 0xE0, 0x01, 0x3C, 0x00, 0x00, 0x00, 0x00, 0x00, 0x00, 
	0x00, 0x58, 0x00, 0x00, 0xE0, 0x01, 0x3C, 0x00, 0x00, 0x00, 0x00, 0x00, 0x00, 0x00, 0x00, 0x00, 
	0x00, 0x00, 0x00, 0x00, 0x00, 0x00, 0x00, 0x00, 0x00, 0x00, 0x00, 0x00, 0x90, 0x00, 0x00, 0xC0, 
	0x00, 0x01, 0x00, 0x00, 0x60, 0x00, 0x00, 0x80, 0x00, 0x34, 0x00, 0x00, 0x40, 0x02, 0x00, 0x00, 
	0x00, 0x60, 0x00, 0x3C, 0x08, 0x40, 0xFB, 0x00, 0x00, 0x00, 0x00, 0x00, 0xC0, 0x20, 0x18, 0x00, 
	0x00, 0x00, 0x00, 0x00, 0x80, 0x01, 0x10, 0x00, 0x00, 0x00, 0x00, 0x00, 0x00, 0x00, 0x00, 0x10, 
	0x00, 0x80, 0x01, 0x30, 0x00, 0x00, 0x00, 0x00, 0x00, 0x00, 0x00, 0x00, 0x00, 0x00, 0x00, 0x00, 
	0x00, 0x00, 0x00, 0x00, 0x00, 0x00, 0x00, 0x00, 0x00, 0x80, 0x00, 0x00, 0x00, 0x00, 0x00, 0x00, 
	0x00, 0x00, 0x00, 0x00, 0x00, 0x06, 0x00, 0x00, 0x00, 0x80, 0x02, 0x00, 0x00, 0x00, 0x00, 0x00, 
	0x00, 0x00, 0x70, 0xFA, 0x00, 0x00, 0x00, 0x00, 0x00, 0xC0, 0x00, 0x18, 0x09, 0x00, 0x00, 0x21, 
	0x00, 0x80, 0x01, 0x20, 0x22, 0x00, 0x00, 0x00, 0x00, 0x00, 0x00, 0x00, 0x01, 0x00, 0x80, 0x01, 
	0x30, 0x00, 0x00, 0x00, 0x00, 0x00, 0x00, 0x00, 0x00, 0x00, 0x00, 0x00, 0x00, 0x00, 0x00, 0x00, 
	0x00, 0x00, 0x00, 0x00, 0x00, 0x00, 0x40, 0x00, 0x00, 0x00, 0x00, 0x00, 0x00, 0x00, 0x00, 0x50, 
	0x00, 0x00, 0x06, 0x00, 0x28, 0x00, 0x00, 0x01, 0x00, 0x00, 0x00, 0x80, 0x41, 0x00, 0x42, 0x98, 
	0xFC, 0x00, 0x00, 0x00, 0x00, 0x20, 0x02, 0x00, 0x4A, 0x40, 0x09, 0x00, 0x41, 0x20, 0x08, 0x00, 
	0x34, 0x0A, 0x00, 0x00, 0x00, 0x00, 0x00, 0x00, 0x08, 0x00, 0x00, 0xA0, 0x05, 0x04, 0x00, 0x00, 
	0x00, 0x00, 0x00, 0x00, 0x00, 0x00, 0x00, 0x00, 0x00, 0x00, 0x00, 0x00, 0x00, 0x00, 0x00, 0x00, 
	0x00, 0x00, 0x42, 0x14, 0x00, 0x00, 0x00, 0x00, 0x00, 0x00, 0x00, 0x00, 0x00, 0x00, 0x80, 0x00, 
	0x10, 0x00, 0x00, 0x40, 0x08, 0x09, 0x00, 0x80, 0xA1, 0x01, 0x00, 0x01, 0xC4, 0xFF, 0x00, 0x00, 
	0x00, 0x00, 0x00, 0x00, 0x00, 0x00, 0x10, 0x82, 0x00, 0x00, 0x00, 0x00, 0x00, 0x30, 0x00, 0x00, 
	0x00, 0x00, 0x00, 0x00, 0x00, 0x00, 0x00, 0x00, 0x80, 0x01, 0x01, 0x00, 0x00, 0x00, 0x00, 0x00, 
	0x00, 0x00, 0x00, 0x0C, 0x00, 0x00, 0x00, 0x00, 0x00, 0x00, 0x00, 0x06, 0x00, 0x00, 0x00, 0x02, 
	0x00, 0x00, 0x00, 0x00, 0x00, 0x00, 0x00, 0x00, 0x00, 0x00, 0x00, 0x00, 0x00, 0x00, 0x00, 0x00, 
	0x00, 0x00, 0x60, 0x00, 0x00, 0x00, 0x00, 0x00, 0x90, 0xF0, 0xFB, 0x00, 0x00, 0x00, 0x80, 0x01, 
	0x00, 0x00, 0x08, 0x00, 0x01, 0x11, 0x00, 0x03, 0x00, 0x00, 0x38, 0x00, 0x00, 0x00, 0x00, 0x00, 
	0x00, 0x00, 0x18, 0x00, 0x00, 0x80, 0x01, 0x08, 0x00, 0x00, 0x00, 0x00, 0x00, 0x00, 0x00, 0x00, 
	0x08, 0x00, 0x00, 0x00, 0x00, 0x00, 0x00, 0x00, 0x04, 0x00, 0x00, 0x80, 0x07, 0xA0, 0x00, 0x00, 
	0x00, 0x00, 0x00, 0x00, 0x00, 0x00, 0x00, 0x00, 0x00, 0x06, 0x24, 0x00, 0x00, 0x80, 0x82, 0x78, 
	0x00, 0x03, 0x80, 0x01, 0x08, 0x00, 0xC1, 0xFF, 0x04, 0x00, 0x00, 0x80, 0x00, 0x00, 0x00, 0x00, 
	0x11, 0x12, 0x08, 0x00, 0x00, 0x00, 0x00, 0x34, 0x0A, 0x00, 0x00, 0x00, 0x00, 0x00, 0x00, 0x00, 
	0x00, 0x00, 0x00, 0x88, 0x04, 0x00, 0x00, 0x00, 0x00, 0x00, 0x00, 0x00, 0x00, 0x00, 0x00, 0x00, 
	0x00, 0x00, 0x00, 0x00, 0x00, 0x00, 0x00, 0x00, 0x00, 0x00, 0x40, 0x00, 0x00, 0x00, 0x00, 0x00, 
	0x00, 0x00, 0x00, 0x00, 0x00, 0x00, 0x20, 0x10, 0x00, 0x00, 0x00, 0x11, 0x00, 0x00, 0x00, 0x80, 
	0x45, 0x04, 0x00, 0x3A, 0xFF, 0x04, 0x00, 0x00, 0x00, 0x16, 0x00, 0x00, 0x00, 0x08, 0x23, 0x64, 
	0x01, 0x4C, 0x00, 0x00, 0x00, 0x06, 0x00, 0x00, 0x00, 0x00, 0x00, 0x00, 0x60, 0x11, 0x00, 0x80, 
	0x44, 0x30, 0x06, 0x00, 0x00, 0x00, 0x00, 0x00, 0x00, 0x00, 0x00, 0x00, 0x00, 0x00, 0x00, 0x00, 
	0x00, 0x00, 0x00, 0x00, 0x00, 0x00, 0x05, 0x60, 0x00, 0x00, 0x00, 0x00, 0x00, 0x00, 0x00, 0x00, 
	0x00, 0x00, 0x00, 0x06, 0xC0, 0x04, 0x00, 0x80, 0x02, 0x30, 0x00, 0x4C, 0x04, 0x20, 0x30, 0x41, 
	0x72, 0xFC, 0x00, 0x00, 0x00, 0x80, 0x07, 0x02, 0x00, 0x06, 0xC0, 0x00, 0x78, 0x10, 0x0F, 0x04, 
	0x00, 0x3C, 0x00, 0x00, 0x00, 0x00, 0x00, 0x00, 0x00, 0x78, 0x00, 0x00, 0x60, 0x01, 0x3C, 0x00, 
	0x00, 0x00, 0x00, 0x00, 0x00, 0x00, 0x00, 0x00, 0x00, 0x00, 0x00, 0x00, 0x00, 0x00, 0x00, 0x00, 
	0x00, 0x00, 0x80, 0x04, 0x90, 0x00, 0x00, 0x00, 0x00, 0x00, 0x00, 0x00, 0x00, 0x00, 0x00, 0x80, 
	0x00, 0xF0, 0x40, 0x00, 0x40, 0x02, 0x48, 0x00, 0x0F, 0x60, 0x00, 0x3C, 0x00, 0x20, 0xFD, 0x00, 
	0x00, 0x00, 0x00, 0x06, 0x00, 0x00, 0x00, 0x10, 0x00, 0x62, 0x00, 0x0C, 0x00, 0x00, 0x10, 0x00, 
	0x00, 0x00, 0x00, 0x00, 0x00, 0x00, 0x60, 0x00, 0x00, 0x00, 0x40, 0x30, 0x00, 0x00, 0x00, 0x00, 
	0x00, 0x00, 0x00, 0x00, 0x00, 0x00, 0x00, 0x00, 0x00, 0x00, 0x00, 0x00, 0x00, 0x00, 0x00, 0x00, 
	0x05, 0x80, 0x00, 0x00, 0x00, 0x00, 0x00, 0x00, 0x00, 0x00, 0x00, 0x00, 0x00, 0x00, 0xC0, 0x00, 
	0x00, 0x80, 0x02, 0x40, 0x00, 0x0C, 0x00, 0x80, 0x30, 0x00, 0x31, 0xF8, 0x00, 0x00, 0x00, 0x00, 
	0x06, 0x00, 0x00, 0x90, 0x00, 0x20, 0x60, 0x00, 0x0C, 0x00, 0x00, 0x20, 0x22, 0x00, 0x00, 0x00, 
	0x00, 0x00, 0x00, 0x60, 0x00, 0x00, 0x40, 0x01, 0x30, 0x00, 0x00, 0x00, 0x00, 0x00, 0x00, 0x00, 
	0x00, 0x00, 0x00, 0x00, 0x00, 0x00, 0x00, 0x00, 0x00, 0x00, 0x00, 0x00, 0x00, 0x02, 0x40, 0x00, 
	0x00, 0x00, 0x00, 0x00, 0x00, 0x00, 0x00, 0x00, 0x00, 0x00, 0x06, 0xC0, 0x00, 0x00, 0x00, 0x01, 
	0x20, 0x00, 0x0C, 0x80, 0x05, 0x34, 0x00, 0x68, 0xF9, 0x00, 0x00, 0x00, 0x80, 0x16, 0x01, 0x04, 
	0x18, 0x40, 0x03, 0x00, 0x41, 0x00, 0x00, 0x08, 0x24, 0x42, 0x00, 0xD0, 0x22, 0x00, 0x00, 0x08, 
	0x6A, 0x12, 0x00, 0xA0, 0x11, 0x04, 0x00, 0x00, 0x00, 0x00, 0x00, 0x00, 0x00, 0x00, 0x00, 0x00, 
	0x00, 0x00, 0x00, 0x00, 0x00, 0x00, 0x00, 0x00, 0x00, 0x00, 0x40, 0x94, 0x00, 0x00, 0x00, 0x00, 
	0x00, 0x00, 0x00, 0x20, 0x00, 0x00, 0x80, 0x00, 0xD0, 0x00, 0x00, 0x40, 0x08, 0x09, 0x00, 0x8D, 
	0x02, 0x30, 0x34, 0x00, 0xA8, 0xFA, 0x00, 0x00, 0x00, 0x00, 0x06, 0x00, 0x80, 0x00, 0x08, 0x03, 
	0x00, 0x00, 0x00, 0x00, 0x00, 0x11, 0x00, 0x00, 0xC0, 0x00, 0x00, 0x00, 0x00, 0x00, 0x00, 0x00, 
	0x80, 0x01, 0x01, 0x00, 0x00, 0x00, 0x00, 0x00, 0x00, 0x00, 0x00, 0x00, 0x00, 0x00, 0x00, 0x00, 
	0x00, 0x00, 0x00, 0x00, 0x00, 0x00, 0x00, 0x00, 0x40, 0x00, 0x00, 0x00, 0x00, 0x00, 0x00, 0x00, 
	0x00, 0x00, 0x00, 0x00, 0x00, 0x00, 0x00, 0x00, 0x00, 0x00, 0x00, 0x00, 0x08, 0x00, 0x00, 0x00, 
	0x00, 0x78, 0xFF, 0x00, 0x00, 0x00, 0x00, 0x06, 0x30, 0x00, 0x1E, 0x00, 0x03, 0x10, 0x00, 0x00, 
	0x60, 0x00, 0x30, 0x10, 0x00, 0xC0, 0x00, 0x00, 0x80, 0x00, 0x60, 0x20, 0x00, 0x80, 0x81, 0x08, 
	0x00, 0x00, 0x00, 0x00, 0x00, 0x00, 0x00, 0x00, 0x00, 0x00, 0x00, 0x00, 0x00, 0x00, 0x00, 0x00, 
	0x00, 0x00, 0x00, 0x00, 0x05, 0xA0, 0x00, 0x00, 0x00, 0x00, 0x00, 0x00, 0x00, 0x60, 0x00, 0x00, 
	0x00, 0x06, 0x00, 0x00, 0x00, 0x80, 0x82, 0x58, 0x00, 0x04, 0x42, 0x00, 0x30, 0x10, 0x00, 0xFB, 
	0x00, 0x00, 0x00, 0x00, 0x46, 0x01, 0x00, 0x5A, 0x04, 0x50, 0x08, 0x00, 0x00, 0x00, 0x00, 0x20, 
	0x02, 0x00, 0x80, 0x88, 0x00, 0x40, 0x00, 0x60, 0x04, 0x00, 0x00, 0x00, 0x04, 0x00, 0x00, 0x00, 
	0x00, 0x00, 0x00, 0x00, 0x00, 0x00, 0x00, 0x00, 0x00, 0x00, 0x00, 0x00, 0x00, 0x00, 0x00, 0x00, 
	0x00, 0x02, 0x40, 0x00, 0x00, 0x00, 0x00, 0x00, 0x00, 0x00, 0x20, 0x00, 0x00, 0x00, 0x10, 0x08, 
	0x20, 0x00, 0x00, 0x11, 0x20, 0x00, 0x28, 0x20, 0x00, 0x30, 0x02, 0x08, 0xF8, 0x00, 0x00, 0x00, 
	0x00, 0x80, 0xC0, 0x44, 0x80, 0x20, 0x08, 0x61, 0x00, 0x00, 0x80, 0x11, 0x01, 0x01, 0x00, 0x40, 
	0x00, 0x01, 0x00, 0x23, 0x00, 0x11, 0x00, 0x80, 0x04, 0x30, 0x00, 0x00, 0x00, 0x00, 0x00, 0x00, 
	0x00, 0x00, 0x00, 0x00, 0x00, 0x00, 0x00, 0x00, 0x00, 0x00, 0x00, 0x00, 0x00, 0x00, 0x05, 0x60, 
	0x00, 0x00, 0x00, 0x00, 0x00, 0x00, 0x00, 0x80, 0x01, 0x00, 0x00, 0x06, 0x00, 0x24, 0x00, 0x80, 
	0x02, 0x30, 0x00, 0x20, 0x80, 0x01, 0x00, 0x12, 0xB8, 0xFA, 0x00, 0x00, 0x00, 0x80, 0x07, 0xF0, 
	0x00, 0x06, 0xC0, 0x00, 0x78, 0x20, 0x00, 0xE0, 0x01, 0x0C, 0x08, 0x00, 0xB0, 0x00, 0x00, 0xC0, 
	0x03, 0x5A, 0x00, 0x00, 0x60, 0x81, 0x3C, 0x08, 0x00, 0x00, 0x00, 0x00, 0x00, 0x00, 0x00, 0x00, 
	0x00, 0x00, 0x00, 0x00, 0x00, 0x00, 0x00, 0x00, 0x00, 0x00, 0x80, 0x04, 0xB0, 0x00, 0x00, 0x00, 
	0x00, 0x00, 0x00, 0x00, 0xE0, 0x81, 0x00, 0x80, 0x00, 0x30, 0x00, 0x00, 0x40, 0x02, 0x48, 0x00, 
	0x0B, 0xE4, 0x81, 0x0C, 0x00, 0x78, 0xFB, 0x00, 0x00, 0x00, 0x00, 0x02, 0xC0, 0x00, 0x18, 0x00, 
	0x00, 0x61, 0x00, 0x00, 0x80, 0x01, 0x10, 0x00, 0x00, 0x40, 0x80, 0x00, 0x00, 0x03, 0x20, 0x00, 
	0x00, 0x00, 0x40, 0x30, 0x00, 0x00, 0x00, 0x00, 0x00, 0x00, 0x00, 0x00, 0x00, 0x00, 0x00, 0x00, 
	0x00, 0x00, 0x00, 0x00, 0x00, 0x00, 0x00, 0x00, 0x05, 0x40, 0x00, 0x00, 0x00, 0x00, 0x00, 0x00, 
	0x00, 0x80, 0x01, 0x00, 0x00, 0x00, 0x00, 0x00, 0x00, 0x80, 0x02, 0x40, 0x00, 0x00, 0x80, 0x01, 
	0x00, 0x00, 0xD8, 0xFB, 0x00, 0x00, 0x00, 0x00, 0x04, 0xC8, 0x00, 0x18, 0x09, 0x13, 0x60, 0x00, 
	0x00, 0x80, 0x01, 0x30, 0x11, 0x00, 0x80, 0x04, 0x00, 0x00, 0x03, 0x40, 0x14, 0x00, 0x00, 0x09, 
	0x30, 0x00, 0x00, 0x00, 0x00, 0x00, 0x00, 0x00, 0x00, 0x00, 0x00, 0x00, 0x00, 0x00, 0x00, 0x00, 
	0x00, 0x00, 0x00, 0x00, 0x00, 0x02, 0x80, 0x00, 0x00, 0x00, 0x00, 0x00, 0x00, 0x00, 0xA0, 0x01, 
	0x00, 0x00, 0x06, 0x00, 0x28, 0x00, 0x00, 0x01, 0x20, 0x00, 0x20, 0x90, 0x01, 0x30, 0x0A, 0x48, 
	0xFE, 0x00, 0x00, 0x00, 0x00, 0x00, 0xD4, 0x00, 0x18, 0x49, 0x11, 0x68, 0x21, 0x20, 0x00, 0x00, 
	0xB0, 0x40, 0x00, 0x14, 0x80, 0x00, 0x00, 0x08, 0x62, 0x02, 0x00, 0x00, 0x04, 0x05, 0x00, 0x00, 
	0x00, 0x00, 0x00, 0x00, 0x00, 0x00, 0x00, 0x00, 0x00, 0x00, 0x00, 0x00, 0x00, 0x00, 0x20, 0x00, 
	0x00, 0x00, 0x40, 0x04, 0x00, 0x00, 0x00, 0x00, 0x00, 0x00, 0x00, 0xA0, 0x01, 0x00, 0x80, 0x00, 
	0x50, 0x02, 0x00, 0x40, 0x08, 0x09, 0x00, 0x80, 0x81, 0x05, 0x34, 0x00, 0x4C, 0xFD, 0x00, 0x00, 
	0x00, 0x00, 0x00, 0xC0, 0x00, 0x00, 0x00, 0x00, 0x62, 0x00, 0x00, 0x04, 0x00, 0x00, 0x00, 0x00, 
	0x00, 0x00, 0x00, 0x00, 0x00, 0x00, 0x40, 0x00, 0x00, 0x00, 0x30, 0x00, 0x00, 0x00, 0x00, 0x00, 
	0x00, 0x00, 0x00, 0x00, 0x00, 0x00, 0x00, 0x00, 0x00, 0x00, 0x00, 0x00, 0x00, 0x00, 0x00, 0x00, 
	0x00, 0x00, 0x00, 0x00, 0x00, 0x00, 0x00, 0x00, 0x80, 0x01, 0x00, 0x00, 0x00, 0x40, 0x20, 0x00, 
	0x00, 0x00, 0x00, 0x00, 0x00, 0x80, 0x01, 0x01, 0x80, 0x68, 0xFA, 0x00, 0x00, 0x00, 0x00, 0x01, 
	0xC0, 0x00, 0x1E, 0x00, 0x00, 0x60, 0x20, 0x02, 0x00, 0x00, 0x38, 0x00, 0x01, 0x00, 0x20, 0x00, 
	0xC0, 0x00, 0x70, 0x00, 0x00, 0x60, 0x00, 0x00, 0x08, 0x00, 0x00, 0x00, 0x00, 0x00, 0x00, 0x00, 
	0x00, 0x00, 0x00, 0x00, 0x00, 0x00, 0x00, 0x00, 0xE0, 0x01, 0x00, 0x00, 0x05, 0x00, 0x00, 0x00, 
	0x00, 0x00, 0x00, 0x00, 0x00, 0xC0, 0x01, 0x00, 0x00, 0x06, 0xE0, 0x40, 0x00, 0x80, 0x82, 0x58, 
	0x00, 0x03, 0xE0, 0x01, 0x30, 0x20, 0x49, 0xFF, 0x00, 0x00, 0x00, 0x80, 0x00, 0xC0, 0x00, 0x1A, 
	0x05, 0x0B, 0x02, 0x00, 0x01, 0x00, 0x00, 0x34, 0x8A, 0x00, 0x00, 0x04, 0x00, 0x00, 0x00, 0x08, 
	0x41, 0x00, 0x20, 0x00, 0x80, 0x00, 0x00, 0x00, 0x00, 0x00, 0x00, 0x00, 0x00, 0x00, 0x00, 0x00, 
	0x00, 0x00, 0x00, 0x00, 0x00, 0x80, 0x01, 0x00, 0x00, 0x02, 0x00, 0x00, 0x00, 0x00, 0x00, 0x00, 
	0x00, 0x00, 0xA0, 0x01, 0x00, 0x00, 0x10, 0x12, 0x08, 0x00, 0x00, 0x11, 0x20, 0x00, 0x00, 0x80, 
	0x01, 0x30, 0x02, 0xE2, 0xF9, 0x00, 0x00, 0x00, 0x00, 0x46, 0x00, 0x02, 0x80, 0x20, 0x20, 0x20, 
	0x12, 0x4C, 0x00, 0x00, 0x80, 0x20, 0x16, 0x00, 0x82, 0x00, 0x00, 0x93, 0x00, 0x0C, 0x00, 0x80, 
	0x01, 0x00, 0x02, 0x00, 0x00, 0x00, 0x00, 0x00, 0x00, 0x00, 0x00, 0x00, 0x00, 0x00, 0x00, 0x00, 
	0x00, 0x00, 0x00, 0x10, 0x01, 0x00, 0x05, 0x00, 0x00, 0x00, 0x00, 0x00, 0x00, 0x00, 0x00, 0x00, 
	0x88, 0x00, 0x00, 0x06, 0xA0, 0x00, 0x00, 0x80, 0x02, 0x30, 0x00, 0x0C, 0x08, 0x00, 0x02, 0x10, 
	0x9A, 0xFC, 0x00, 0x00, 0x00, 0x80, 0x07, 0x31, 0x80, 0x06, 0xC0, 0x82, 0x58, 0x00, 0x0F, 0x04, 
	0x00, 0x0C, 0x80, 0x07, 0x32, 0x00, 0x00, 0xC0, 0x03, 0x18, 0x00, 0x00, 0xE0, 0x41, 0x0C, 0x08, 
	0x00, 0x00, 0x00, 0x00, 0x00, 0x00, 0x00, 0x00, 0x00, 0x00, 0x00, 0x00, 0x00, 0x00, 0x00, 0x60, 
	0x00, 0x00, 0x80, 0x04, 0x00, 0x00, 0x00, 0x00, 0x00, 0x00, 0x00, 0x00, 0x60, 0x00, 0x00, 0x80, 
	0x00, 0x90, 0x00, 0x00, 0x40, 0x02, 0x48, 0x00, 0x0F, 0x60, 0x00, 0x0C, 0x00, 0x68, 0xFB, 0x00, 
	0x00, 0x00, 0x00, 0x06, 0xC0, 0x20, 0x18, 0x00, 0x83, 0x00, 0x10, 0x0C, 0x00, 0x00, 0x30, 0x20, 
	0x06, 0x00, 0x00, 0x00, 0x00, 0x03, 0x60, 0x20, 0x00, 0x80, 0x01, 0x00, 0x00, 0x00, 0x00, 0x00, 
	0x00, 0x00, 0x00, 0x00, 0x00, 0x00, 0x00, 0x00, 0x00, 0x00, 0x00, 0x00, 0x00, 0x80, 0x00, 0x00, 
	0x05, 0x00, 0x00, 0x00, 0x00, 0x00, 0x00, 0x00, 0x00, 0x00, 0x00, 0x00, 0x00, 0x00, 0xA0, 0x00, 
	0x00, 0x80, 0x02, 0x40, 0x00, 0x0C, 0x00, 0x00, 0x00, 0x00, 0x29, 0xFA, 0x00, 0x00, 0x00, 0x00, 
	0x06, 0xC0, 0x04, 0x18, 0x09, 0x0B, 0x40, 0x01, 0x0C, 0x00, 0x00, 0x30, 0x01, 0x06, 0x80, 0x04, 
	0x01, 0x00, 0x03, 0x60, 0x00, 0x00, 0x80, 0x01, 0x80, 0x08, 0x00, 0x00, 0x00, 0x00, 0x00, 0x00, 
	0x00, 0x00, 0x00, 0x00, 0x00, 0x00, 0x00, 0x00, 0x00, 0x00, 0x10, 0x00, 0x00, 0x02, 0x00, 0x00, 
	0x00, 0x00, 0x00, 0x00, 0x00, 0x00, 0x20, 0x00, 0x00, 0x00, 0x06, 0x40, 0x00, 0x00, 0x00, 0x01, 
	0x20, 0x00, 0x0C, 0x00, 0x00, 0xB0, 0x10, 0x08, 0xFE, 0x00, 0x00, 0x00, 0x00, 0x20, 0x02, 0x04, 
	0x18, 0x40, 0x00, 0x00, 0x44, 0x2D, 0x02, 0x00, 0x30, 0xA1, 0x16, 0x51, 0x42, 0x00, 0x00, 0x08, 
	0x62, 0x11, 0x0D, 0x00, 0x04, 0x35, 0x06, 0x00, 0x00, 0x00, 0x00, 0x00, 0x00, 0x00, 0x00, 0x00, 
	0x00, 0x00, 0x00, 0x00, 0x00, 0x00, 0x00, 0x00, 0x00, 0x00, 0x40, 0x04, 0x00, 0x80, 0x50, 0x00, 
	0x00, 0x00, 0x00, 0x80, 0x09, 0x00, 0x80, 0x00, 0x10, 0x02, 0x00, 0x40, 0x0A, 0x09, 0x00, 0x0D, 
	0x00, 0x30, 0x04, 0x00, 0x58, 0xFA, 0x00, 0x00, 0x00, 0x00, 0x00, 0x00, 0x80, 0x00, 0x10, 0x00, 
	0x00, 0x00, 0x0C, 0x00, 0x00, 0x00, 0x00, 0x06, 0x00, 0x00, 0x00, 0x00, 0x00, 0x60, 0x00, 0x00, 
	0x00, 0x00, 0x30, 0x00, 0x00, 0x00, 0x00, 0x00, 0x00, 0x00, 0x00, 0x00, 0x00, 0x00, 0x00, 0x00, 
	0x00, 0x00, 0x00, 0x00, 0x00, 0x00, 0x00, 0x00, 0x00, 0x00, 0x00, 0x00, 0x00, 0x00, 0x00, 0x00, 
	0x00, 0x00, 0x01, 0x00, 0x00, 0x00, 0x20, 0x00, 0x00, 0x01, 0x00, 0x00, 0x00, 0x00, 0x00, 0x00, 
	0x00, 0x30, 0xFD, 0x00, 0x00, 0x00, 0x80, 0x01, 0x30, 0x00, 0x1E, 0x04, 0x03, 0x10, 0x00, 0x0C, 
	0x00, 0x00, 0x38, 0x08, 0x06, 0x00, 0x40, 0x00, 0x80, 0x00, 0x70, 0x00, 0x0C, 0x44, 0x00, 0x30, 
	0x00, 0x00, 0x00, 0x00, 0x00, 0x00, 0x00, 0x00, 0x00, 0x00, 0x00, 0x00, 0x00, 0x00, 0x00, 0x00, 
	0x00, 0x00, 0x00, 0x00, 0x05, 0x00, 0x00, 0x04, 0xC0, 0x03, 0x00, 0x00, 0x00, 0xC0, 0x01, 0x01, 
	0x00, 0x06, 0xA2, 0x40, 0x00, 0x80, 0x82, 0x58, 0x00, 0x0C, 0x42, 0x00, 0x30, 0x00, 0x80, 0xFD, 
	0x04, 0x00, 0x00, 0x00, 0x00, 0x00, 0x00, 0x1A, 0x01, 0x03, 0x08, 0x00, 0x8C, 0x02, 0x00, 0x34, 
	0x02, 0x46, 0xC1, 0x00, 0x00, 0x40, 0x00, 0x68, 0x00, 0x00, 0x20, 0x00, 0x30, 0x20, 0x00, 0x00, 
	0x00, 0x00, 0x00, 0x00, 0x00, 0x00, 0x00, 0x00, 0x00, 0x00, 0x00, 0x00, 0x00, 0x00, 0x00, 0x00, 
	0x00, 0x02, 0x00, 0x00, 0x02, 0x00, 0x03, 0x00, 0x00, 0x00, 0x20, 0x00, 0x00, 0x00, 0x10, 0x50, 
	0x08, 0x00, 0x00, 0x11, 0x20, 0x00, 0x4C, 0x20, 0x00, 0x30, 0x00, 0x30, 0xF8, 0x04, 0x00, 0x00, 
	0x00, 0x46, 0xC0, 0x42, 0x80, 0x20, 0x08, 0x62, 0x01, 0x00, 0x01, 0x00, 0x80, 0x20, 0x80, 0x00, 
	0x02, 0x00, 0x00, 0x0B, 0x00, 0x12, 0x00, 0x82, 0x85, 0x10, 0x01, 0x00, 0x00, 0x00, 0x00, 0x00, 
	0x00, 0x00, 0x00, 0x00, 0x00, 0x00, 0x00, 0x00, 0x00, 0x00, 0x00, 0x00, 0x00, 0x00, 0x05, 0x00, 
	0x00, 0x18, 0x21, 0x23, 0x01, 0x00, 0x00, 0x00, 0x00, 0x00, 0x00, 0x06, 0xA0, 0x00, 0x00, 0x80, 
	0x02, 0x30, 0x00, 0x20, 0x88, 0x05, 0x32, 0x0A, 0xD8, 0xFE, 0x00, 0x00, 0x00, 0x80, 0x07, 0xF1, 
	0x00, 0x06, 0xC0, 0x00, 0x78, 0x10, 0x0F, 0x00, 0x00, 0x0C, 0x80, 0x07, 0xB0, 0x20, 0x00, 0xC0, 
	0x83, 0x18, 0x00, 0x0F, 0xE0, 0x01, 0x2C, 0x08, 0x00, 0x00, 0x00, 0x00, 0x00, 0x00, 0x00, 0x00, 
	0x00, 0x00, 0x00, 0x00, 0x00, 0x00, 0x00, 0x00, 0x00, 0x00, 0x80, 0x04, 0x00, 0x00, 0x1E, 0xC0, 
	0x03, 0x00, 0x00, 0x00, 0x60, 0x00, 0x01, 0x80, 0x00, 0x90, 0x00, 0x00, 0xC0, 0x02, 0x48, 0x00, 
	0x03, 0xE0, 0x01, 0x3C, 0x00, 0x70, 0xF8, 0x00, 0x00, 0x00, 0x00, 0x06, 0xC0, 0x00, 0x18, 0x00, 
	0x00, 0x60, 0x00, 0x04, 0x00, 0x00, 0x30, 0x20, 0x02, 0xC0, 0x20, 0x00, 0x00, 0x03, 0x00, 0x00, 
	0x0C, 0x84, 0x01, 0x10, 0x00, 0x00, 0x00, 0x00, 0x00, 0x00, 0x00, 0x00, 0x00, 0x00, 0x00, 0x00, 
	0x00, 0x00, 0x00, 0x00, 0x00, 0x00, 0x00, 0x00, 0x05, 0x00, 0x00, 0x18, 0x00, 0x03, 0x02, 0x00, 
	0x00, 0x80, 0x81, 0x00, 0x00, 0x00, 0xA0, 0x00, 0x00, 0x80, 0x02, 0x40, 0x00, 0x00, 0x80, 0x01, 
	0x00, 0x08, 0x38, 0xFB, 0x00, 0x00, 0x00, 0x00, 0x06, 0xC0, 0x00, 0x18, 0x04, 0x00, 0x64, 0x00, 
	0x08, 0x10, 0x00, 0x30, 0x01, 0x04, 0xC8, 0x00, 0x00, 0x00, 0x03, 0x00, 0x00, 0x8C, 0x80, 0x01, 
	0x30, 0x40, 0x00, 0x00, 0x00, 0x00, 0x00, 0x00, 0x00, 0x00, 0x00, 0x00, 0x00, 0x00, 0x00, 0x00, 
	0x00, 0x00, 0x00, 0x00, 0x00, 0x02, 0x00, 0x00, 0x1A, 0x00, 0x03, 0x00, 0x00, 0x00, 0xA0, 0x05, 
	0x00, 0x00, 0x06, 0x40, 0x00, 0x00, 0x00, 0x02, 0x20, 0x00, 0x2C, 0x82, 0x01, 0x00, 0x01, 0xD0, 
	0xF8, 0x00, 0x00, 0x00, 0x80, 0x00, 0x00, 0x04, 0x18, 0x40, 0x08, 0x00, 0x44, 0x01, 0x00, 0x00, 
	0x24, 0x89, 0x00, 0x10, 0x00, 0x00, 0x00, 0x20, 0x0A, 0x00, 0x00, 0x00, 0x10, 0x05, 0x00, 0x00, 
	0x00, 0x00, 0x00, 0x00, 0x00, 0x00, 0x00, 0x00, 0x00, 0x00, 0x00, 0x00, 0x00, 0x00, 0x00, 0x00, 
	0x00, 0x00, 0x44, 0x04, 0x00, 0x80, 0x00, 0x00, 0x00, 0x00, 0x00, 0x80, 0x09, 0x00, 0x80, 0x00, 
	0x10, 0x02, 0x00, 0x40, 0x00, 0x08, 0x00, 0x80, 0x01, 0x30, 0x34, 0x00, 0xEC, 0xF8, 0x00, 0x00, 
	0x00, 0x00, 0x00, 0x00, 0x80, 0x00, 0x08, 0x00, 0x02, 0x00, 0x00, 0x00, 0x00, 0x00, 0x00, 0x00, 
	0x00, 0x40, 0x00, 0x00, 0x00, 0x00, 0x00, 0x00, 0x00, 0x00, 0x00, 0x00, 0x00, 0x00, 0x00, 0x00, 
	0x00, 0x00, 0x00, 0x00, 0x00, 0x00, 0x00, 0x00, 0x00, 0x00, 0x00, 0x00, 0x00, 0x00, 0x00, 0x02, 
	0x00, 0x00, 0x00, 0x10, 0x00, 0x00, 0x00, 0x00, 0x00, 0x00, 0x01, 0x00, 0x00, 0x00, 0x20, 0x00, 
	0x00, 0x00, 0x00, 0x00, 0x00, 0x00, 0x00, 0x00, 0x00, 0xE8, 0xF9, 0x00, 0x00, 0x00, 0x00, 0x06, 
	0x31, 0x00, 0x1E, 0x04, 0x03, 0x10, 0x00, 0x0C, 0x02, 0x00, 0x00, 0x00, 0x06, 0xC1, 0x00, 0x00, 
	0x80, 0x00, 0x10, 0x00, 0x00, 0x40, 0x00, 0x08, 0x00, 0x00, 0x00, 0x00, 0x00, 0x00, 0x00, 0x00, 
	0x00, 0x00, 0x00, 0x00, 0x00, 0x00, 0x00, 0x00, 0x00, 0x00, 0x00, 0x00, 0x05, 0x00, 0x00, 0x04, 
	0x10, 0x00, 0x00, 0x00, 0x00, 0xC0, 0x81, 0x00, 0x00, 0x06, 0xA4, 0x40, 0x00, 0xC0, 0x03, 0x58, 
	0x00, 0x02, 0x40, 0x00, 0x38, 0x00, 0x68, 0xFA, 0x08, 0x00, 0x00, 0x00, 0x26, 0x00, 0x00, 0x5A, 
	0x00, 0x12, 0x0C, 0x00, 0x4C, 0x00, 0x00, 0x30, 0x40, 0x26, 0xC0, 0x04, 0x01, 0x40, 0x00, 0x08, 
	0x00, 0x00, 0x20, 0x00, 0x04, 0x00, 0x00, 0x00, 0x00, 0x00, 0x00, 0x00, 0x00, 0x00, 0x00, 0x00, 
	0x00, 0x00, 0x00, 0x00, 0x00, 0x00, 0x00, 0x00, 0x00, 0x02, 0x00, 0x00, 0x02, 0x00, 0x00, 0x00, 
	0x00, 0x00, 0x20, 0x08, 0x00, 0x00, 0x40, 0x40, 0x08, 0x00, 0x00, 0x03, 0x20, 0x00, 0x01, 0x20, 
	0x00, 0x34, 0x09, 0x23, 0xFA, 0x00, 0x00, 0x00, 0x00, 0x40, 0xC2, 0x84, 0x80, 0x20, 0xA2, 0x60, 
	0x00, 0x80, 0x04, 0x00, 0x00, 0x02, 0x40, 0x02, 0x08, 0x00, 0x00, 0x93, 0x60, 0x08, 0x00, 0x80, 
	0x01, 0x30, 0x04, 0x00, 0x00, 0x00, 0x00, 0x00, 0x00, 0x00, 0x00, 0x00, 0x00, 0x00, 0x00, 0x00, 
	0x00, 0x00, 0x00, 0x00, 0x00, 0x00, 0x05, 0x00, 0x00, 0x40, 0x10, 0x00, 0x00, 0x00, 0x00, 0x00, 
	0x00, 0x00, 0x00, 0x06, 0xA0, 0x00, 0x00, 0x00, 0x13, 0x32, 0x00, 0x0C, 0x80, 0x01, 0x02, 0x06, 
	0x59, 0xFC, 0x00, 0x00, 0x00, 0x80, 0x07, 0xF0, 0x00, 0x06, 0xC0, 0x01, 0x78, 0x20, 0x0F, 0x00, 
	0x00, 0x1C, 0x90, 0x07, 0xB0, 0x40, 0x00, 0xC0, 0x03, 0x78, 0x00, 0x00, 0xE0, 0x41, 0x3C, 0x00, 
	0x00, 0x00, 0x00, 0x00, 0x00, 0x00, 0x00, 0x00, 0x00, 0x00, 0x00, 0x00, 0x00, 0x00, 0x00, 0x00, 
	0x00, 0x00, 0x80, 0x05, 0x00, 0x00, 0x06, 0x00, 0x00, 0x00, 0x00, 0x00, 0x60, 0x00, 0x01, 0x80, 
	0x00, 0x90, 0x00, 0x00, 0xC0, 0x03, 0x48, 0x00, 0x0F, 0xE8, 0x01, 0x3C, 0x00, 0x68, 0xFF, 0x04, 
	0x00, 0x00, 0x00, 0x00, 0xC1, 0x00, 0x18, 0x00, 0x01, 0x62, 0x00, 0x00, 0x02, 0x00, 0x30, 0x00, 
	0x00, 0x01, 0x00, 0x00, 0x00, 0x03, 0x60, 0x00, 0x00, 0x80, 0x01, 0x30, 0x00, 0x00, 0x00, 0x00, 
	0x00, 0x00, 0x00, 0x00, 0x00, 0x00, 0x00, 0x00, 0x00, 0x00, 0x00, 0x00, 0x00, 0x00, 0x00, 0x00, 
	0x05, 0x00, 0x00, 0x00, 0x08, 0x00, 0x00, 0x00, 0x00, 0x80, 0x01, 0x00, 0x00, 0x00, 0xA0, 0x00, 
	0x00, 0x00, 0x03, 0x42, 0x00, 0x0C, 0x80, 0x01, 0x00, 0x08, 0xB9, 0xF9, 0x00, 0x00, 0x00, 0x00, 
	0x06, 0xC0, 0x00, 0x18, 0x04, 0x0B, 0x60, 0x00, 0x0C, 0x00, 0x00, 0xB0, 0x08, 0x06, 0x80, 0x00, 
	0x01, 0x00, 0x03, 0x60, 0x00, 0x00, 0x80, 0x01, 0x30, 0x00, 0x00, 0x00, 0x00, 0x00, 0x00, 0x00, 
	0x00, 0x00, 0x00, 0x00, 0x00, 0x00, 0x00, 0x00, 0x00, 0x00, 0x00, 0x00, 0x00, 0x04, 0x00, 0x00, 
	0x5A, 0x00, 0x00, 0x00, 0x00, 0x00, 0xA0, 0x81, 0x00, 0x00, 0x06, 0x40, 0x00, 0x00, 0x00, 0x03, 
	0x20, 0x00, 0x0C, 0x80, 0x01, 0xB4, 0x00, 0xD8, 0xF8, 0x00, 0x00, 0x00, 0x00, 0x10, 0x04, 0x88, 
	0x18, 0x49, 0x12, 0x00, 0x44, 0x40, 0x00, 0x00, 0xB0, 0x40, 0x10, 0x94, 0x48, 0x02, 0x40, 0x23, 
	0x69, 0x11, 0x00, 0x00, 0x10, 0x35, 0x06, 0x00, 0x00, 0x00, 0x00, 0x00, 0x00, 0x00, 0x00, 0x00, 
	0x00, 0x00, 0x00, 0x00, 0x00, 0x00, 0x20, 0x00, 0x00, 0x80, 0x46, 0x04, 0x00, 0x98, 0x00, 0x00, 
	0x00, 0x00, 0x00, 0x20, 0x00, 0x00, 0x80, 0x00, 0x10, 0x02, 0x00, 0x40, 0x00, 0x08, 0x00, 0x80, 
	0x21, 0x00, 0xA4, 0x08, 0x78, 0xFF, 0x00, 0x00, 0x00, 0x00, 0x00, 0x00, 0x00, 0x00, 0x00, 0x00, 
	0x01, 0x00, 0x00, 0x08, 0x00, 0x00, 0x00, 0x00, 0x40, 0x00, 0x00, 0x00, 0x03, 0x60, 0x00, 0x00, 
	0x00, 0x00, 0x30, 0x00, 0x00, 0x00, 0x00, 0x00, 0x00, 0x00, 0x00, 0x00, 0x00, 0x00, 0x00, 0x00, 
	0x00, 0x00, 0x00, 0x00, 0x00, 0x00, 0x00, 0x06, 0x00, 0x00, 0x00, 0x10, 0x00, 0x00, 0x00, 0x00, 
	0x00, 0x00, 0x00, 0x00, 0x00, 0x00, 0x20, 0x00, 0x00, 0x00, 0x00, 0x00, 0x00, 0x00, 0x00, 0x00, 
	0x00, 0x40, 0xFD, 0x00, 0x00, 0x00, 0x00, 0x01, 0x20, 0x00, 0x1E, 0x04, 0x00, 0x18, 0x00, 0x02, 
	0x00, 0x00, 0x3C, 0x08, 0x01, 0xC0, 0x00, 0x04, 0x00, 0x03, 0x61, 0x00, 0x00, 0x40, 0x00, 0x30, 
	0x00, 0x00, 0x00, 0x00, 0x00, 0x00, 0x00, 0x00, 0x00, 0x00, 0x00, 0x00, 0x00, 0x00, 0x00, 0x00, 
	0xE0, 0x01, 0x00, 0x00, 0x06, 0x00, 0x00, 0x1C, 0x04, 0x00, 0x00, 0x00, 0x00, 0x60, 0x00, 0x00, 
	0x00, 0x06, 0xA0, 0x40, 0x00, 0xC0, 0x03, 0x58, 0x00, 0x02, 0xE0, 0x01, 0x38, 0x00, 0x00, 0xFE, 
	0x08, 0x00, 0x00, 0x80, 0x00, 0x10, 0x00, 0x1A, 0x00, 0x03, 0x04, 0x00, 0x01, 0x00, 0x00, 0x34, 
	0x80, 0x00, 0x80, 0x10, 0x02, 0x00, 0x10, 0x60, 0x20, 0x00, 0x20, 0x00, 0x30, 0x10, 0x00, 0x00, 
	0x00, 0x00, 0x00, 0x00, 0x00, 0x00, 0x00, 0x00, 0x00, 0x00, 0x00, 0x00, 0x00, 0x80, 0x01, 0x00, 
	0x00, 0x06, 0x08, 0x00, 0x02, 0x01, 0x00, 0x00, 0x00, 0x00, 0x00, 0x00, 0x00, 0x00, 0x00, 0x48, 
	0x08, 0x00, 0x00, 0x03, 0x20, 0x00, 0x01, 0x80, 0x01, 0xA4, 0x08, 0xA2, 0xF9, 0x00, 0x00, 0x00, 
	0x00, 0x46, 0xC0, 0x84, 0x80, 0x20, 0x00, 0x60, 0x04, 0x4C, 0x00, 0x00, 0x00, 0x02, 0x16, 0x00, 
	0x44, 0x18, 0x10, 0x11, 0x21, 0x22, 0x00, 0x80, 0x09, 0x10, 0x01, 0x00, 0x00, 0x00, 0x00, 0x00, 
	0x00, 0x00, 0x00, 0x00, 0x00, 0x00, 0x00, 0x00, 0x00, 0x00, 0x80, 0x09, 0x01, 0x00, 0x42, 0x00, 
	0x00, 0x00, 0x03, 0x00, 0x00, 0x00, 0x00, 0x80, 0x09, 0x00, 0x00, 0x06, 0xA0, 0x00, 0x00, 0x00, 
	0x13, 0x30, 0x00, 0x8C, 0x80, 0x81, 0x30, 0x08, 0x98, 0xFF, 0x00, 0x00, 0x00, 0x80, 0x07, 0xF1, 
	0x00, 0x06, 0xC0, 0x01, 0x7A, 0x10, 0x0F, 0x04, 0x00, 0x0C, 0xA0, 0x07, 0x32, 0x00, 0x1E, 0xC0, 
	0x02, 0x78, 0x00, 0x00, 0xE0, 0x41, 0x2C, 0x08, 0x00, 0x00, 0x00, 0x00, 0x00, 0x00, 0x00, 0x00, 
	0x00, 0x00, 0x00, 0x00, 0x00, 0x00, 0x00, 0xE0, 0x01, 0x00, 0x80, 0x05, 0x02, 0x00, 0x06, 0x00, 
	0x00, 0x00, 0x00, 0x00, 0xE0, 0x41, 0x00, 0x80, 0x00, 0x90, 0x00, 0x00, 0xC0, 0x03, 0x4A, 0x00, 
	0x0F, 0xE4, 0x01, 0x2C, 0x00, 0xF0, 0xFB, 0x04, 0x00, 0x00, 0x00, 0x06, 0xC0, 0x00, 0x18, 0x00, 
	0x83, 0x60, 0x00, 0x0C, 0x00, 0x00, 0x30, 0x00, 0x06, 0x40, 0x80, 0x18, 0x00, 0x80, 0x60, 0x00, 
	0x00, 0x80, 0x01, 0x10, 0x00, 0x00, 0x00, 0x00, 0x00, 0x00, 0x00, 0x00, 0x00, 0x00, 0x00, 0x00, 
	0x00, 0x00, 0x00, 0x00, 0x80, 0x01, 0x01, 0x00, 0x02, 0x00, 0x00, 0x18, 0x10, 0x00, 0x00, 0x00, 
	0x00, 0x80, 0x01, 0x00, 0x00, 0x00, 0xA0, 0x00, 0x00, 0x00, 0x03, 0x42, 0x00, 0x0C, 0x80, 0x01, 
	0x21, 0x00, 0xF9, 0xFD, 0x00, 0x00, 0x00, 0x00, 0x06, 0xC0, 0x00, 0x18, 0x04, 0x13, 0x60, 0x00, 
	0x0C, 0x00, 0x00, 0x30, 0x12, 0x06, 0xC0, 0x08, 0x18, 0x00, 0x0A, 0x60, 0x84, 0x00, 0x80, 0x01, 
	0x30, 0x40, 0x00, 0x00, 0x00, 0x00, 0x00, 0x00, 0x00, 0x00, 0x00, 0x00, 0x00, 0x00, 0x00, 0x00, 
	0x00, 0x80, 0x01, 0x00, 0x00, 0x86, 0x00, 0x00, 0x9A, 0x00, 0x00, 0x00, 0x00, 0x00, 0xA0, 0x01, 
	0x00, 0x00, 0x06, 0x40, 0x00, 0x00, 0x00, 0x03, 0x20, 0x00, 0x0C, 0x80, 0x01, 0x04, 0x42, 0x98, 
	0xFB, 0x00, 0x00, 0x00, 0x00, 0x40, 0x04, 0x88, 0x58, 0x60, 0x22, 0x04, 0x41, 0x80, 0x08, 0x08, 
	0x14, 0x02, 0x40, 0x14, 0x00, 0x02, 0x00, 0x20, 0x0A, 0x00, 0x4C, 0x10, 0x10, 0x35, 0x00, 0x00, 
	0x00, 0x00, 0x00, 0x00, 0x00, 0x00, 0x00, 0x00, 0x00, 0x00, 0x00, 0x00, 0x00, 0x00, 0x20, 0x00, 
	0x04, 0x00, 0x40, 0x01, 0x00, 0x0A, 0x05, 0x00, 0x00, 0x00, 0x00, 0xA0, 0x44, 0x04, 0x80, 0x40, 
	0x10, 0x02, 0x00, 0x40, 0x03, 0x48, 0x00, 0x80, 0xA1, 0x01, 0xA4, 0x08, 0x28, 0xF9, 0x00, 0x00, 
	0x00, 0x00, 0x00, 0x00, 0x00, 0x00, 0x00, 0x01, 0x00, 0x00, 0x00, 0x00, 0x00, 0x01, 0x08, 0x00, 
	0x00, 0x00, 0x00, 0x00, 0x00, 0x00, 0x00, 0x0C, 0x00, 0x00, 0x00, 0x00, 0x00, 0x00, 0x00, 0x00, 
	0x00, 0x00, 0x00, 0x00, 0x00, 0x00, 0x00, 0x00, 0x00, 0x00, 0x00, 0x00, 0x00, 0x30, 0x00, 0x00, 
	0x00, 0x00, 0x10, 0x00, 0x00, 0x00, 0x00, 0x00, 0x00, 0x01, 0x00, 0x00, 0x04, 0x04, 0x20, 0x00, 
	0x00, 0x03, 0x20, 0x00, 0x00, 0x00, 0x00, 0x00, 0x00, 0xB8, 0xFE, 0x00, 0x00, 0x00, 0x00, 0x01, 
	0x20, 0x00, 0x1E, 0x04, 0x03, 0x18, 0x00, 0x02, 0x60, 0x00, 0x00, 0x10, 0x01, 0xC0, 0x00, 0x06, 
	0xC0, 0x00, 0x60, 0x00, 0x0F, 0x40, 0x00, 0x30, 0x08, 0x00, 0x00, 0x00, 0x00, 0x00, 0x00, 0x00, 
	0x00, 0x00, 0x00, 0x00, 0x00, 0x00, 0x00, 0x00, 0xE0, 0x01, 0x3C, 0x80, 0x01, 0x00, 0x00, 0x1E, 
	0x04, 0x00, 0x00, 0x00, 0x00, 0xE0, 0x41, 0x30, 0x00, 0x00, 0xA0, 0x40, 0x00, 0x00, 0x03, 0x58, 
	0x00, 0x02, 0x80, 0x41, 0x38, 0x00, 0xC0, 0xFE, 0x08, 0x00, 0x00, 0x80, 0x00, 0x10, 0x00, 0x9A, 
	0x00, 0x22, 0x04, 0x00, 0x01, 0x00, 0x00, 0x30, 0x80, 0x00, 0xC0, 0x00, 0x00, 0x00, 0x00, 0x00, 
	0x11, 0x0D, 0x20, 0x00, 0x30, 0x00, 0x00, 0x00, 0x00, 0x00, 0x00, 0x00, 0x00, 0x10, 0x00, 0x00, 
	0x00, 0x00, 0x00, 0x00, 0x00, 0x88, 0x01, 0x00, 0x00, 0x00, 0x00, 0x00, 0x40, 0x00, 0x00, 0x00, 
	0x00, 0x00, 0x00, 0x10, 0x00, 0x05, 0x44, 0x42, 0x08, 0x00, 0x00, 0x03, 0x20, 0x00, 0x01, 0x80, 
	0x05, 0xA4, 0x08, 0xD0, 0xFA, 0x00, 0x00, 0x00, 0x00, 0x46, 0xC0, 0x42, 0x80, 0x20, 0x00, 0x62, 
	0x04, 0x4C, 0x80, 0x01, 0x00, 0x00, 0x16, 0x00, 0x84, 0x18, 0x05, 0x0B, 0x00, 0x20, 0x40, 0x80, 
	0x49, 0x00, 0x00, 0x02, 0x00, 0x00, 0x00, 0x00, 0x00, 0x00, 0x00, 0x01, 0x00, 0x00, 0x00, 0x00, 
	0x00, 0x00, 0x00, 0x10, 0x19, 0x00, 0x46, 0x04, 0x00, 0x08, 0x00, 0x00, 0x00, 0x00, 0x00, 0x80, 
	0x00, 0x00, 0x10, 0x04, 0xA0, 0x00, 0x00, 0x00, 0x20, 0x32, 0x00, 0x0C, 0x00, 0x08, 0x31, 0x0A, 
	0x58, 0xF8, 0x00, 0x00, 0x00, 0x80, 0x07, 0xF1, 0x00, 0x06, 0xC0, 0x00, 0x78, 0x10, 0x0F, 0xE4, 
	0x81, 0x2C, 0x88, 0x07, 0x32, 0x00, 0x1E, 0xC0, 0x83, 0x78, 0x00, 0x03, 0xE4, 0x01, 0x3C, 0x20, 
	0x04, 0x00, 0x00, 0x00, 0x00, 0x00, 0x00, 0x10, 0x02, 0x00, 0x00, 0x00, 0x00, 0x00, 0x00, 0x68, 
	0x00, 0x24, 0x80, 0x07, 0x00, 0x00, 0x16, 0x08, 0x00, 0x00, 0x00, 0x00, 0x60, 0x81, 0x3C, 0x80, 
	0x05, 0x90, 0x00, 0x00, 0xC0, 0x00, 0x58, 0x00, 0x0F, 0x64, 0x00, 0x2C, 0x00, 0x18, 0xFB, 0x04, 
	0x00, 0x00, 0x00, 0x06, 0xC0, 0x00, 0x18, 0x00, 0x01, 0x61, 0x00, 0x0C, 0x80, 0x01, 0x30, 0x10, 
	0x06, 0x00, 0x40, 0x18, 0x00, 0x03, 0x00, 0x40, 0x00, 0x80, 0x01, 0x00, 0x90, 0x04, 0x00, 0x00, 
	0x00, 0x00, 0x00, 0x00, 0x50, 0x02, 0x00, 0x00, 0x00, 0x00, 0x00, 0x00, 0x08, 0x00, 0x20, 0x00, 
	0x06, 0x00, 0x00, 0x08, 0x08, 0x00, 0x00, 0x00, 0x00, 0x80, 0x80, 0x00, 0x00, 0x04, 0xA0, 0x00, 
	0x00, 0x00, 0x00, 0x20, 0x00, 0x0C, 0x00, 0x00, 0x20, 0x00, 0xC0, 0xFC, 0x00, 0x00, 0x00, 0x00, 
	0x06, 0xC0, 0x00, 0x18, 0x04, 0x13, 0x60, 0x00, 0x0C, 0x80, 0x01, 0x30, 0x01, 0x06, 0x00, 0x00, 
	0x18, 0x00, 0x03, 0x60, 0x02, 0x00, 0x80, 0x01, 0x30, 0x02, 0x04, 0x00, 0x00, 0x00, 0x00, 0x00, 
	0x00, 0x00, 0x02, 0x00, 0x00, 0x00, 0x00, 0x00, 0x00, 0x00, 0x28, 0x10, 0x00, 0x06, 0x00, 0x00, 
	0x10, 0x01, 0x00, 0x00, 0x00, 0x00, 0x00, 0x11, 0x30, 0x20, 0x04, 0x40, 0x00, 0x00, 0x00, 0x00, 
	0x40, 0x00, 0x0C, 0x80, 0x49, 0x00, 0x42, 0x10, 0xFE, 0x00, 0x00, 0x00, 0x00, 0x00, 0x00, 0x00, 
	0x00, 0x00, 0x00, 0x00, 0x00, 0x00, 0x00, 0x00, 0x00, 0x00, 0x00, 0x00, 0x00, 0x00, 0x00, 0x00, 
	0x00, 0x00, 0x00, 0x00, 0x00, 0x00, 0x00, 0x04, 0x00, 0x00, 0x00, 0x00, 0x00, 0x00, 0x00, 0x02, 
	0x00, 0x00, 0x00, 0x00, 0x00, 0x00, 0x00, 0x00, 0x00, 0x00, 0x00, 0x00, 0x00, 0x10, 0x00, 0x00, 
	0x00, 0x00, 0x00, 0x00, 0x01, 0x00, 0x00, 0x00, 0x00, 0x00, 0x00, 0x00, 0x00, 0x00, 0x00, 0x00, 
	0x00, 0x00, 0x20, 0x00, 0x9C, 0xFC, 0x20, 0x00, 0x04, 0x80, 0x00, 0x10, 0x00, 0x02, 0x40, 0x00, 
	0x08, 0x00, 0x01, 0x20, 0x00, 0x04, 0x80, 0x00, 0x10, 0x00, 0x02, 0x40, 0x00, 0x08, 0x00, 0x01, 
	0x20, 0x00, 0x04, 0x00, 0x00, 0x00, 0x00, 0x00, 0x00, 0x00, 0x00, 0x00, 0x00, 0x00, 0x00, 0x00, 
	0x00, 0x00, 0x00, 0x20, 0x00, 0x04, 0x80, 0x00, 0x10, 0x00, 0x00, 0x40, 0x00, 0x08, 0x00, 0x01, 
	0x00, 0x00, 0x04, 0x80, 0x00, 0x10, 0x00, 0x02, 0x40, 0x00, 0x08, 0x00, 0x01, 0x20, 0x00, 0x00, 
	0x00, 0xB8, 0xFB, 0x00, 0x00, 0x00, 0x00, 0x00, 0x00, 0x00, 0x00, 0x00, 0x00, 0x00, 0x00, 0x00, 
	0x00, 0x00, 0x00, 0x00, 0x00, 0x00, 0x00, 0x00, 0x00, 0x00, 0x00, 0x00, 0x00, 0x00, 0x00, 0x00, 
	0x00, 0x00, 0x00, 0x00, 0x00, 0x00, 0x00, 0x00, 0x00, 0x00, 0x00, 0x00, 0x00, 0x00, 0x00, 0x00, 
	0x00, 0x00, 0x00, 0x00, 0x00, 0x00, 0x00, 0x00, 0x00, 0x00, 0x00, 0x00, 0x00, 0x00, 0x00, 0x00, 
	0x00, 0x00, 0x00, 0x00, 0x00, 0x00, 0x00, 0x00, 0x00, 0x00, 0x00, 0x00, 0x00, 0x00, 0x98, 0xFF, 
	0x28, 0x00, 0x04, 0x80, 0x00, 0x10, 0x00, 0x02, 0x40, 0x00, 0x08, 0x00, 0x01, 0x20, 0x00, 0x04, 
	0x80, 0x00, 0x10, 0x00, 0x02, 0x40, 0x00, 0x08, 0x00, 0x01, 0x20, 0x00, 0x04, 0x00, 0x00, 0x00, 
	0x00, 0x00, 0x00, 0x00, 0x00, 0x00, 0x00, 0x00, 0x00, 0x00, 0x00, 0x00, 0x00, 0x20, 0x00, 0x04, 
	0x80, 0x00, 0x10, 0x00, 0x02, 0x40, 0x00, 0x08, 0x00, 0x01, 0x20, 0x00, 0x04, 0x80, 0x00, 0x10, 
	0x00, 0x02, 0x40, 0x00, 0x08, 0x00, 0x01, 0x20, 0x00, 0x04, 0x00, 0xA3, 0xFC, 0x00, 0x00, 0x00, 
	0x00, 0x00, 0x00, 0x00, 0x00, 0x00, 0x00, 0x00, 0x00, 0x00, 0x00, 0x00, 0x00, 0x00, 0x00, 0x00, 
	0x00, 0x00, 0x00, 0x00, 0x00, 0x00, 0x00, 0x00, 0x00, 0x00, 0x00, 0x00, 0x00, 0x00, 0x00, 0x00, 
	0x00, 0x00, 0x00, 0x00, 0x00, 0x00, 0x00, 0x00, 0x00, 0x00, 0x00, 0x00, 0x00, 0x00, 0x00, 0x00, 
	0x00, 0x00, 0x00, 0x00, 0x00, 0x00, 0x00, 0x00, 0x00, 0x00, 0x00, 0x00, 0x00, 0x00, 0x00, 0x00, 
	0x00, 0x00, 0x00, 0x00, 0x00, 0x00, 0x00, 0x00, 0x89, 0xFE, 0x20, 0x00, 0x04, 0x00, 0x00, 0x00, 
	0x00, 0x00, 0x40, 0x00, 0x00, 0x00, 0x00, 0x00, 0x00, 0x00, 0x00, 0x00, 0x10, 0x00, 0x00, 0x00, 
	0x00, 0x00, 0x00, 0x00, 0x00, 0x00, 0x00, 0x00, 0x00, 0x00, 0x00, 0x00, 0x00, 0x00, 0x00, 0x00, 
	0x00, 0x00, 0x00, 0x00, 0x00, 0x00, 0x00, 0x00, 0x00, 0x00, 0x00, 0x00, 0x00, 0x00, 0x02, 0x00, 
	0x00, 0x08, 0x00, 0x01, 0x20, 0x00, 0x04, 0x80, 0x00, 0x00, 0x00, 0x02, 0x00, 0x00, 0x08, 0x00, 
	0x00, 0x00, 0x00, 0x04, 0x00, 0xB8, 0xFA, 0x04, 0x00, 0x00, 0x00, 0x04, 0x80, 0x00, 0x10, 0x00, 
	0x00, 0x40, 0x00, 0x08, 0x00, 0x01, 0x20, 0x00, 0x04, 0x00, 0x00, 0x10, 0x00, 0x02, 0x40, 0x00, 
	0x08, 0x00, 0x01, 0x20, 0x00, 0x00, 0x00, 0x00, 0x00, 0x00, 0x00, 0x00, 0x00, 0x00, 0x00, 0x00, 
	0x00, 0x00, 0x00, 0x00, 0x00, 0x01, 0x20, 0x00, 0x04, 0x80, 0x00, 0x10, 0x00, 0x02, 0x00, 0x00, 
	0x00, 0x00, 0x01, 0x00, 0x00, 0x00, 0x80, 0x00, 0x00, 0x00, 0x02, 0x40, 0x00, 0x08, 0x00, 0x01, 
	0x20, 0x00, 0x41, 0xFE, 0x20, 0x00, 0x04, 0x80, 0x00, 0x10, 0x00, 0x02, 0x40, 0x00, 0x08, 0x00, 
	0x01, 0x20, 0x00, 0x04, 0x80, 0x00, 0x10, 0x00, 0x02, 0x40, 0x00, 0x08, 0x00, 0x01, 0x20, 0x00, 
	0x04, 0x00, 0x00, 0x00, 0x00, 0x00, 0x00, 0x00, 0x00, 0x00, 0x00, 0x00, 0x00, 0x00, 0x00, 0x00, 
	0x00, 0x20, 0x00, 0x04, 0x80, 0x00, 0x10, 0x00, 0x02, 0x40, 0x00, 0x08, 0x00, 0x01, 0x20, 0x00, 
	0x04, 0x80, 0x00, 0x10, 0x00, 0x02, 0x40, 0x00, 0x08, 0x00, 0x01, 0x20, 0x00, 0x04, 0x00, 0x98, 
	0xFF, 0x00, 0x00, 0x00, 0x00, 0x00, 0x00, 0x00, 0x00, 0x20, 0x00, 0x00, 0x00, 0x00, 0x00, 0x00, 
	0x00, 0x40, 0x00, 0x00, 0x00, 0x00, 0x00, 0x00, 0x00, 0x00, 0x00, 0x00, 0x00, 0x00, 0x00, 0x00, 
	0x00, 0x00, 0x00, 0x00, 0x00, 0x00, 0x00, 0x00, 0x00, 0x00, 0x00, 0x00, 0x00, 0x00, 0x00, 0x00, 
	0x00, 0x00, 0x00, 0x00, 0x00, 0x00, 0x00, 0x00, 0x00, 0x00, 0x00, 0x00, 0x00, 0x00, 0x00, 0x00, 
	0x00, 0x00, 0x00, 0x00, 0x00, 0x00, 0x00, 0x00, 0x00, 0x00, 0x00, 0x00, 0xD8, 0xF9, 0x00, 0x00, 
	0x00, 0x00, 0x00, 0x00, 0x00, 0x00, 0x00, 0x00, 0x00, 0x00, 0x00, 0x00, 0x00, 0x00, 0x00, 0x00, 
	0x00, 0x10, 0x00, 0x00, 0x00, 0x00, 0x10, 0x00, 0x00, 0x00, 0x00, 0x00, 0x00, 0x00, 0x00, 0x00, 
	0x00, 0x00, 0x00, 0x00, 0x00, 0x00, 0x00, 0x00, 0x00, 0x00, 0x00, 0x00, 0x00, 0x00, 0x00, 0x00, 
	0x00, 0x00, 0x00, 0x00, 0x00, 0x00, 0x00, 0x00, 0x00, 0x00, 0x00, 0x00, 0x00, 0x00, 0x00, 0x00, 
	0x00, 0x00, 0x00, 0x00, 0x00, 0x00, 0x00, 0x00, 0x00, 0x98, 0xFE, 0x00, 0x00, 0x00, 0x00, 0x80, 
	0x00, 0x00, 0x00, 0x00, 0x00, 0x40, 0x00, 0x00, 0x02, 0x00, 0x00, 0x00, 0x80, 0x40, 0x00, 0x40, 
	0x00, 0x00, 0x00, 0x00, 0x08, 0x00, 0x00, 0x00, 0x00, 0x00, 0x00, 0x00, 0x00, 0x00, 0x00, 0x00, 
	0x00, 0x00, 0x00, 0x00, 0x00, 0x00, 0x00, 0x00, 0x00, 0x00, 0x00, 0x00, 0x00, 0x00, 0x00, 0x00, 
	0x02, 0x00, 0x00, 0x00, 0x00, 0x00, 0x00, 0x00, 0x00, 0x00, 0x00, 0x00, 0x00, 0x00, 0x00, 0x00, 
	0x00, 0x00, 0x00, 0x00, 0x22, 0x00, 0x90, 0xFD, 0x00, 0x00, 0x00, 0x00, 0x00, 0x00, 0x00, 0x00, 
	0x00, 0x00, 0x00, 0x00, 0x00, 0x00, 0x00, 0x00, 0x00, 0x00, 0x00, 0x80, 0x00, 0x00, 0x00, 0x00, 
	0x00, 0x00, 0x00, 0x00, 0x00, 0x00, 0x00, 0x00, 0x00, 0x00, 0x00, 0x00, 0x00, 0x00, 0x00, 0x00, 
	0x00, 0x00, 0x00, 0x00, 0x00, 0x00, 0x00, 0x00, 0x00, 0x00, 0x00, 0x00, 0x00, 0x00, 0x00, 0x00, 
	0x00, 0x00, 0x00, 0x00, 0x00, 0x00, 0x00, 0x00, 0x00, 0x00, 0x00, 0x00, 0x00, 0x00, 0x00, 0x00, 
	0x00, 0x00, 0x04, 0xD0, 0xFF, 0x00, 0x00, 0x00, 0x00, 0x00, 0x00, 0x00, 0x00, 0x00, 0x00, 0x00, 
	0x08, 0x00, 0x00, 0x00, 0x00, 0x10, 0x00, 0x00, 0x01, 0x00, 0x00, 0x40, 0x00, 0x00, 0x00, 0x00, 
	0x20, 0x00, 0x00, 0x00, 0x00, 0x00, 0x00, 0x00, 0x00, 0x00, 0x00, 0x00, 0x00, 0x00, 0x00, 0x00, 
	0x00, 0x00, 0x00, 0x00, 0x00, 0x00, 0x00, 0x00, 0x00, 0x00, 0x00, 0x00, 0x00, 0x00, 0x00, 0x00, 
	0x02, 0x00, 0x00, 0x00, 0x00, 0x00, 0x00, 0x00, 0x01, 0x00, 0x00, 0x01, 0x20, 0x00, 0x04, 0x00, 
	0x48, 0xFD, 0x00, 0x00, 0x00, 0x00, 0x00, 0x00, 0x00, 0x00, 0x20, 0x00, 0x80, 0x00, 0x00, 0x00, 
	0x00, 0x00, 0x00, 0x00, 0x00, 0x00, 0x00, 0x00, 0x00, 0x00, 0x00, 0x00, 0x00, 0x00, 0x00, 0x00, 
	0x00, 0x00, 0x00, 0x00, 0x00, 0x00, 0x00, 0x00, 0x00, 0x00, 0x00, 0x00, 0x00, 0x00, 0x00, 0x00, 
	0x00, 0x00, 0x00, 0x00, 0x00, 0x00, 0x00, 0x00, 0x00, 0x00, 0x00, 0x00, 0x00, 0x00, 0x00, 0x00, 
	0x00, 0x00, 0x00, 0x00, 0x00, 0x00, 0x00, 0x00, 0x00, 0x00, 0x00, 0x00, 0x00, 0x90, 0xFD, 0x00, 
	0x00, 0x00, 0x84, 0x00, 0x00, 0x00, 0x00, 0x00, 0x00, 0x00, 0x00, 0x00, 0x04, 0x00, 0x00, 0x80, 
	0x00, 0x00, 0x00, 0x00, 0x40, 0x00, 0x00, 0x00, 0x00, 0x00, 0x40, 0x00, 0x00, 0x00, 0x00, 0x00, 
	0x00, 0x00, 0x00, 0x00, 0x00, 0x00, 0x00, 0x00, 0x00, 0x00, 0x00, 0x00, 0x00, 0x00, 0x00, 0x00, 
	0x00, 0x00, 0x00, 0x00, 0x00, 0x00, 0x00, 0x00, 0x00, 0x00, 0x00, 0x08, 0x00, 0x00, 0x00, 0x00, 
	0x00, 0x40, 0x00, 0x00, 0x00, 0x02, 0x00, 0x80, 0x00, 0x10, 0x98, 0xFC, 0x00, 0x00, 0x00, 0x00, 
	0x00, 0x00, 0x00, 0x00, 0x00, 0x00, 0x08, 0x00, 0x00, 0x08, 0x00, 0x04, 0x00, 0x00, 0x00, 0x00, 
	0x00, 0x00, 0x40, 0x00, 0x10, 0x00, 0x42, 0x80, 0x04, 0x00, 0x00, 0x00, 0x00, 0x00, 0x00, 0x00, 
	0x00, 0x00, 0x00, 0x00, 0x00, 0x00, 0x00, 0x00, 0x00, 0x40, 0x00, 0x00, 0x00, 0x80, 0x80, 0x00, 
	0x00, 0x40, 0x00, 0x00, 0x00, 0x00, 0x80, 0x40, 0x00, 0x00, 0x02, 0x41, 0x20, 0x10, 0x10, 0x00, 
	0x20, 0x00, 0x00, 0x00, 0x00, 0x00, 0x00, 0xA0, 0xFF, 0x00, 0x00, 0x00, 0x10, 0x15, 0x40, 0x14, 
	0x88, 0x02, 0x00, 0x08, 0x00, 0x00, 0x0C, 0x00, 0x04, 0x00, 0x01, 0x80, 0x01, 0x00, 0x80, 0x00, 
	0x02, 0x40, 0x00, 0x28, 0x80, 0x05, 0x05, 0x00, 0x00, 0x00, 0x00, 0x00, 0x00, 0x00, 0x00, 0x00, 
	0x00, 0x00, 0x00, 0x00, 0x00, 0x00, 0x20, 0x00, 0x00, 0x00, 0x00, 0x14, 0x14, 0x80, 0x42, 0x00, 
	0x00, 0x00, 0x00, 0xA0, 0x00, 0x09, 0x80, 0x00, 0x14, 0x80, 0x02, 0x90, 0x00, 0x08, 0x00, 0x02, 
	0x00, 0x80, 0x60, 0x10, 0xA0, 0xFE, 0x80, 0x00, 0x00, 0x00, 0x04, 0x4A, 0x00, 0x08, 0x40, 0x80, 
	0x00, 0x00, 0x15, 0x08, 0x20, 0x44, 0x22, 0x80, 0xC0, 0x10, 0x00, 0x04, 0x82, 0x00, 0x00, 0x48, 
	0x00, 0x69, 0x04, 0x00, 0x00, 0x00, 0x00, 0x00, 0x00, 0x00, 0x00, 0x00, 0x00, 0x00, 0x00, 0x00, 
	0x00, 0x00, 0x00, 0x20, 0x01, 0x00, 0x00, 0x00, 0x00, 0x04, 0x80, 0x00, 0x00, 0x00, 0x00, 0x08, 
	0x00, 0x00, 0x00, 0x00, 0x04, 0x0A, 0x00, 0x18, 0x02, 0xC0, 0x20, 0x18, 0x04, 0x41, 0x00, 0x20, 
	0x00, 0x74, 0xFA, 0x50, 0x00, 0x00, 0x00, 0x00, 0x40, 0x00, 0x08, 0x00, 0x00, 0x01, 0x00, 0x08, 
	0x00, 0x00, 0x00, 0x00, 0x00, 0x10, 0x00, 0x00, 0x10, 0x00, 0x01, 0x00, 0x00, 0x00, 0x40, 0x00, 
	0x00, 0x00, 0x00, 0x00, 0x00, 0x00, 0x00, 0x00, 0x00, 0x00, 0x00, 0x00, 0x00, 0x00, 0x00, 0x00, 
	0x00, 0x00, 0x00, 0x00, 0x00, 0x00, 0x00, 0x00, 0x00, 0x00, 0x00, 0x00, 0x00, 0x00, 0x00, 0x00, 
	0x00, 0x00, 0x00, 0x00, 0x02, 0x00, 0x00, 0x22, 0x40, 0x04, 0x00, 0x00, 0x00, 0x00, 0x58, 0xFC, 
	0x00, 0x00, 0x00, 0x80, 0x00, 0x00, 0x00, 0x00, 0x00, 0x00, 0x00, 0x00, 0x00, 0x00, 0x80, 0x00, 
	0x00, 0x00, 0x42, 0x80, 0x00, 0x00, 0x01, 0x00, 0x00, 0x01, 0x80, 0x00, 0x01, 0x00, 0x00, 0x00, 
	0x00, 0x00, 0x00, 0x00, 0x00, 0x00, 0x00, 0x00, 0x00, 0x00, 0x00, 0x00, 0x00, 0x80, 0x00, 0x00, 
	0x00, 0x00, 0x00, 0x00, 0x00, 0x00, 0x00, 0x00, 0x00, 0x02, 0x00, 0x00, 0x00, 0x00, 0x02, 0x00, 
	0x00, 0x04, 0x08, 0x00, 0x01, 0x10, 0x00, 0x02, 0x00, 0x08, 0x00, 0x45, 0xFB, 0x00, 0x00, 0x00, 
	0x00, 0x00, 0x00, 0x00, 0x00, 0x00, 0x00, 0x00, 0x00, 0x00, 0x00, 0x00, 0x00, 0x00, 0x00, 0x00, 
	0x00, 0x00, 0x00, 0x00, 0x01, 0x00, 0x00, 0x00, 0x00, 0x00, 0x00, 0x00, 0x00, 0x00, 0x00, 0x00, 
	0x00, 0x00, 0x00, 0x00, 0x00, 0x00, 0x00, 0x00, 0x00, 0x00, 0x00, 0x00, 0x00, 0x80, 0x00, 0x00, 
	0x00, 0x00, 0x00, 0x00, 0x00, 0x00, 0x00, 0x00, 0x00, 0x00, 0x00, 0x02, 0x00, 0x00, 0x00, 0x00, 
	0x00, 0x00, 0x00, 0x00, 0x40, 0x00, 0x00, 0x00, 0x28, 0xFB, 0x00, 0x00, 0x00, 0x00, 0x00, 0x00, 
	0x00, 0x00, 0x40, 0x00, 0x00, 0x00, 0x00, 0x00, 0x00, 0x08, 0x00, 0x00, 0x00, 0x00, 0x00, 0x00, 
	0x00, 0x00, 0x00, 0x00, 0x40, 0x02, 0x00, 0x00, 0x00, 0x00, 0x00, 0x00, 0x00, 0x00, 0x00, 0x00, 
	0x00, 0x00, 0x00, 0x00, 0x00, 0x00, 0x00, 0x00, 0x00, 0x00, 0x00, 0x00, 0x04, 0x00, 0x00, 0x00, 
	0x00, 0x00, 0x00, 0x00, 0x00, 0x00, 0x00, 0x00, 0x00, 0x00, 0x00, 0x00, 0x00, 0x00, 0x00, 0x00, 
	0x00, 0x00, 0x00, 0x00, 0x00, 0xF0, 0xFD, 0x00, 0x00, 0x00, 0x00, 0x00, 0x00, 0x00, 0x00, 0x00, 
	0x00, 0x00, 0x00, 0x00, 0x00, 0x00, 0x00, 0x00, 0x00, 0x00, 0x20, 0x00, 0x00, 0x00, 0x80, 0x00, 
	0x00, 0x00, 0x00, 0x00, 0x00, 0x00, 0x00, 0x00, 0x00, 0x00, 0x00, 0x00, 0x00, 0x00, 0x00, 0x00, 
	0x00, 0x00, 0x00, 0x00, 0x00, 0x00, 0x00, 0x00, 0x00, 0x00, 0x00, 0x00, 0x00, 0x00, 0x00, 0x00, 
	0x00, 0x80, 0x00, 0x00, 0x00, 0x10, 0x00, 0x00, 0x00, 0x00, 0x00, 0x00, 0x00, 0x00, 0x00, 0x00, 
	0x00, 0x00, 0x38, 0xFC, 0x00, 0x00, 0x00, 0x00, 0x00, 0x00, 0x20, 0x00, 0x00, 0x00, 0x00, 0x00, 
	0x00, 0x00, 0x00, 0x00, 0x00, 0x00, 0x00, 0x01, 0x00, 0x00, 0x00, 0x00, 0x00, 0x00, 0x00, 0x00, 
	0x00, 0x00, 0x00, 0x00, 0x00, 0x00, 0x00, 0x00, 0x00, 0x00, 0x00, 0x00, 0x00, 0x00, 0x00, 0x00, 
	0x00, 0x00, 0x00, 0x00, 0x00, 0x00, 0x00, 0x00, 0x00, 0x00, 0x00, 0x00, 0x00, 0x00, 0x00, 0x00, 
	0x00, 0x00, 0x00, 0x00, 0x00, 0x00, 0x00, 0x00, 0x00, 0x00, 0x00, 0x00, 0x00, 0x00, 0x00, 0xB8, 
	0xFE, 0x00, 0x00, 0x00, 0x00, 0x00, 0x00, 0x00, 0x00, 0x00, 0x80, 0x00, 0x00, 0x00, 0x00, 0x00, 
	0x00, 0x00, 0x00, 0x00, 0x02, 0x00, 0x00, 0x00, 0x00, 0x00, 0x00, 0x00, 0x00, 0x04, 0x00, 0x00, 
	0x00, 0x00, 0x00, 0x00, 0x00, 0x00, 0x00, 0x00, 0x00, 0x00, 0x00, 0x00, 0x00, 0x00, 0x00, 0x00, 
	0x00, 0x00, 0x00, 0x00, 0x00, 0x00, 0x00, 0x00, 0x00, 0x00, 0x00, 0x20, 0x00, 0x00, 0x00, 0x00, 
	0x00, 0x00, 0x00, 0x00, 0x00, 0x00, 0x00, 0x00, 0x00, 0x00, 0x00, 0x00, 0x38, 0xFB, 0x00, 0x00, 
	0x00, 0x00, 0x00, 0x00, 0x00, 0x00, 0x00, 0x00, 0x00, 0x00, 0x00, 0x00, 0x00, 0x00, 0x00, 0x00, 
	0x00, 0x00, 0x00, 0x00, 0x00, 0x00, 0x00, 0x00, 0x00, 0x00, 0x00, 0x00, 0x00, 0x00, 0x00, 0x00, 
	0x00, 0x00, 0x00, 0x00, 0x00, 0x00, 0x00, 0x00, 0x00, 0x00, 0x00, 0x00, 0x04, 0x00, 0x00, 0x10, 
	0x00, 0x00, 0x20, 0x00, 0x08, 0x00, 0x00, 0x00, 0x00, 0x02, 0x00, 0x00, 0x00, 0x00, 0x00, 0x00, 
	0x00, 0x08, 0x00, 0x00, 0x00, 0x00, 0x04, 0x10, 0x00, 0x58, 0xFD, 0x00, 0x00, 0x00, 0x00, 0x00, 
	0x00, 0x00, 0x00, 0x00, 0x00, 0x00, 0x00, 0x00, 0x00, 0x00, 0x00, 0x04, 0x00, 0x00, 0x80, 0x00, 
	0x00, 0x00, 0x00, 0x00, 0x00, 0x00, 0x00, 0x00, 0x00, 0x00, 0x00, 0x00, 0x00, 0x00, 0x00, 0x00, 
	0x00, 0x00, 0x00, 0x00, 0x00, 0x00, 0x00, 0x00, 0x00, 0x00, 0x00, 0x00, 0x08, 0x00, 0x00, 0x08, 
	0x00, 0x00, 0x00, 0x00, 0x00, 0x00, 0x00, 0x00, 0x00, 0x00, 0x00, 0x00, 0x00, 0x00, 0x00, 0x00, 
	0x00, 0x00, 0x00, 0x00, 0x00, 0x00, 0x90, 0xFB, 0x00, 0x00, 0x00, 0x00, 0x00, 0x40, 0x00, 0x00, 
	0x00, 0x00, 0x00, 0x00, 0x00, 0x80, 0x00, 0x00, 0x00, 0x00, 0x00, 0x00, 0x00, 0x00, 0x00, 0x00, 
	0x00, 0x00, 0x00, 0x00, 0x00, 0x00, 0x00, 0x00, 0x00, 0x00, 0x00, 0x00, 0x00, 0x00, 0x00, 0x00, 
	0x00, 0x00, 0x00, 0x00, 0x00, 0x00, 0x00, 0x00, 0x00, 0x00, 0x00, 0x00, 0x00, 0x80, 0x00, 0x00, 
	0x00, 0x00, 0x00, 0x00, 0x04, 0x00, 0x00, 0x00, 0x00, 0x00, 0x00, 0x00, 0x00, 0x00, 0x10, 0x00, 
	0x00, 0x00, 0x00, 0x48, 0xFE, 0x00, 0x00, 0x00, 0x00, 0x10, 0x00, 0x00, 0x00, 0x00, 0x00, 0x00, 
	0x00, 0x00, 0x01, 0x00, 0x00, 0x20, 0x10, 0x00, 0x00, 0x00, 0x00, 0x00, 0x00, 0x00, 0x00, 0x00, 
	0x00, 0x00, 0x00, 0x00, 0x00, 0x00, 0x00, 0x00, 0x00, 0x00, 0x00, 0x00, 0x00, 0x00, 0x00, 0x00, 
	0x00, 0x00, 0x00, 0x00, 0x00, 0x00, 0x00, 0x00, 0x00, 0x00, 0x00, 0x00, 0x00, 0x00, 0x00, 0x00, 
	0x00, 0x00, 0x00, 0x00, 0x80, 0x00, 0x00, 0x00, 0x00, 0x00, 0x00, 0x00, 0x00, 0x00, 0x00, 0x00, 
	0x28, 0xFC, 0x00, 0x00, 0x00, 0x00, 0x00, 0x00, 0x00, 0x00, 0x00, 0x40, 0x00, 0x01, 0x08, 0x00, 
	0x00, 0x00, 0x00, 0x00, 0x00, 0x00, 0x00, 0x00, 0x08, 0x00, 0x00, 0x00, 0x00, 0x04, 0x00, 0x00, 
	0x00, 0x00, 0x00, 0x00, 0x00, 0x00, 0x00, 0x00, 0x00, 0x00, 0x00, 0x00, 0x00, 0x00, 0x00, 0x00, 
	0x00, 0x00, 0x00, 0x00, 0x00, 0x00, 0x00, 0x00, 0x00, 0x00, 0x00, 0x00, 0x00, 0x00, 0x00, 0x00, 
	0x00, 0x00, 0x00, 0x00, 0x00, 0x00, 0x00, 0x00, 0x00, 0x00, 0x20, 0x00, 0x00, 0x28, 0xFB, 0x00, 
	0x00, 0x00, 0x00, 0x00, 0x00, 0x00, 0x00, 0x00, 0x08, 0x00, 0x00, 0x00, 0x00, 0x00, 0x00, 0x00, 
	0x00, 0x00, 0x00, 0x00, 0x00, 0x00, 0x00, 0x00, 0x00, 0x00, 0x80, 0x00, 0x00, 0x00, 0x00, 0x00, 
	0x00, 0x00, 0x00, 0x00, 0x00, 0x00, 0x00, 0x00, 0x00, 0x00, 0x00, 0x00, 0x00, 0x00, 0x00, 0x00, 
	0x00, 0x00, 0x00, 0x00, 0x00, 0x00, 0x00, 0x00, 0x00, 0x00, 0x00, 0x00, 0x00, 0x04, 0x00, 0x00, 
	0x00, 0x00, 0x00, 0x00, 0x00, 0x00, 0x00, 0x00, 0x08, 0x00, 0xD8, 0xFF, 0x00, 0x00, 0x00, 0x00, 
	0x04, 0x00, 0x00, 0x00, 0x00, 0x00, 0x00, 0x00, 0x00, 0x00, 0x00, 0x00, 0x00, 0x04, 0x00, 0x00, 
	0x00, 0x00, 0x00, 0x00, 0x00, 0x04, 0x00, 0x00, 0x10, 0x00, 0x00, 0x00, 0x00, 0x00, 0x00, 0x00, 
	0x00, 0x00, 0x00, 0x00, 0x00, 0x00, 0x00, 0x00, 0x00, 0x20, 0x00, 0x00, 0x00, 0x00, 0x00, 0x00, 
	0x00, 0x02, 0x00, 0x00, 0x00, 0x00, 0x00, 0x00, 0x00, 0x00, 0x00, 0x00, 0x00, 0x00, 0x00, 0x00, 
	0x00, 0x00, 0x00, 0x00, 0x00, 0x00, 0x00, 0xC8, 0xFE, 0x00, 0x00, 0x00, 0x00, 0x00, 0x00, 0x00, 
	0x00, 0x00, 0x00, 0x00, 0x00, 0x00, 0x00, 0x00, 0x00, 0x00, 0x00, 0x00, 0x00, 0x00, 0x00, 0x00, 
	0x10, 0x00, 0x00, 0x00, 0x00, 0x00, 0x00, 0x00, 0x00, 0x00, 0x00, 0x00, 0x00, 0x00, 0x00, 0x00, 
	0x00, 0x00, 0x00, 0x00, 0x00, 0x00, 0x00, 0x00, 0x00, 0x00, 0x00, 0x00, 0x00, 0x00, 0x00, 0x00, 
	0x00, 0x00, 0x00, 0x00, 0x00, 0x08, 0x00, 0x00, 0x00, 0x00, 0x00, 0x00, 0x00, 0x00, 0x00, 0x00, 
	0x00, 0x00, 0x00, 0x00, 0x90, 0xFE, 0x00, 0x00, 0x00, 0x00, 0x00, 0x00, 0x00, 0x00, 0x00, 0x00, 
	0x40, 0x00, 0x00, 0x00, 0x00, 0x00, 0x00, 0x00, 0x00, 0x00, 0x00, 0x00, 0x00, 0x08, 0x00, 0x00, 
	0x00, 0x00, 0x00, 0x00, 0x00, 0x00, 0x00, 0x00, 0x00, 0x00, 0x00, 0x00, 0x00, 0x00, 0x00, 0x00, 
	0x00, 0x00, 0x00, 0x00, 0x00, 0x00, 0x00, 0x00, 0x00, 0x00, 0x08, 0x00, 0x00, 0x00, 0x00, 0x00, 
	0xA0, 0x00, 0x00, 0x00, 0x00, 0x00, 0x00, 0x00, 0x00, 0x00, 0x00, 0x00, 0x00, 0x00, 0x00, 0x08, 
	0x00, 0x61, 0xF8, 0x00, 0x00, 0x00, 0x00, 0x00, 0x00, 0x00, 0x00, 0x00, 0x00, 0x00, 0x00, 0x00, 
	0x00, 0x00, 0x80, 0x00, 0x00, 0x10, 0x00, 0x00, 0x00, 0x00, 0x00, 0x00, 0x00, 0x00, 0x00, 0x00, 
	0x00, 0x00, 0x00, 0x00, 0x00, 0x00, 0x00, 0x00, 0x00, 0x00, 0x00, 0x00, 0x00, 0x00, 0x00, 0x00, 
	0x00, 0x00, 0x00, 0x00, 0x00, 0x00, 0x00, 0x00, 0x00, 0x00, 0x00, 0x00, 0x00, 0x00, 0x00, 0x00, 
	0x00, 0x00, 0x00, 0x00, 0x00, 0x00, 0x00, 0x00, 0x00, 0x00, 0x00, 0x00, 0x00, 0x00, 0x08, 0xFF, 
	0x00, 0x00, 0x00, 0x00, 0x00, 0x00, 0x00, 0x00, 0x00, 0x00, 0x00, 0x00, 0x00, 0x00, 0x00, 0x00, 
	0x00, 0x00, 0x00, 0x00, 0x00, 0x00, 0x00, 0x00, 0x00, 0x00, 0x00, 0x00, 0x00, 0x00, 0x00, 0x00, 
	0x00, 0x00, 0x00, 0x00, 0x00, 0x00, 0x00, 0x00, 0x00, 0x00, 0x00, 0x00, 0x00, 0x00, 0x20, 0x00, 
	0x00, 0x00, 0x00, 0x00, 0x00, 0x00, 0x00, 0x00, 0x00, 0x00, 0x00, 0x00, 0x00, 0x00, 0x00, 0x00, 
	0x00, 0x00, 0x00, 0x00, 0x00, 0x00, 0x00, 0x00, 0x00, 0x00, 0x00, 0xB8, 0xFD, 0x00, 0x00, 0x00, 
	0x00, 0x00, 0x00, 0x00, 0x00, 0x00, 0x00, 0x00, 0x00, 0x08, 0x00, 0x00, 0x00, 0x00, 0x00, 0x00, 
	0x00, 0x00, 0x00, 0x00, 0x00, 0x00, 0x00, 0x00, 0x00, 0x00, 0x00, 0x00, 0x00, 0x00, 0x00, 0x00, 
	0x00, 0x00, 0x00, 0x00, 0x00, 0x00, 0x00, 0x00, 0x00, 0x00, 0x00, 0x00, 0x00, 0x00, 0x00, 0x00, 
	0x00, 0x00, 0x00, 0x00, 0x00, 0x00, 0x00, 0x00, 0x00, 0x00, 0x00, 0x00, 0x00, 0x00, 0x00, 0x00, 
	0x00, 0x00, 0x00, 0x00, 0x10, 0x00, 0x00, 0x00, 0x90, 0xFE, 0x00, 0x00, 0x00, 0x00, 0x00, 0x00, 
	0x00, 0x00, 0x00, 0x00, 0x00, 0x00, 0x00, 0x00, 0x00, 0x00, 0x00, 0x00, 0x00, 0x00, 0x00, 0x00, 
	0x00, 0x20, 0x00, 0x00, 0x00, 0x00, 0x00, 0x00, 0x00, 0x00, 0x00, 0x00, 0x00, 0x00, 0x00, 0x00, 
	0x00, 0x00, 0x00, 0x00, 0x00, 0x00, 0x00, 0x00, 0x00, 0x00, 0x00, 0x00, 0x00, 0x00, 0x00, 0x00, 
	0x00, 0x00, 0x00, 0x00, 0x00, 0x00, 0x00, 0x00, 0x00, 0x00, 0x00, 0x00, 0x00, 0x00, 0x00, 0x00, 
	0x00, 0x00, 0x00, 0x00, 0x80, 0x10, 0xFD, 0x00, 0x00, 0x00, 0x00, 0x00, 0x00, 0x20, 0x00, 0x00, 
	0x00, 0x00, 0x00, 0x00, 0x00, 0x40, 0x04, 0x00, 0x00, 0x00, 0x00, 0x00, 0x00, 0x00, 0x00, 0x10, 
	0x00, 0x80, 0x00, 0x40, 0x00, 0x00, 0x00, 0x00, 0x00, 0x00, 0x00, 0x00, 0x00, 0x00, 0x00, 0x00, 
	0x00, 0x00, 0x00, 0x00, 0x00, 0x00, 0x00, 0x00, 0x00, 0x00, 0x00, 0x00, 0x04, 0x00, 0x00, 0x00, 
	0x00, 0x00, 0x40, 0x00, 0x10, 0x00, 0x00, 0x00, 0x00, 0x00, 0x00, 0x00, 0x00, 0x00, 0x00, 0x00, 
	0x00, 0x00, 0x34, 0xFA, 0x00, 0x00, 0x00, 0x00, 0x00, 0x00, 0x00, 0x24, 0x00, 0x00, 0x00, 0x00, 
	0x00, 0x00, 0x00, 0x00, 0x04, 0x00, 0x00, 0x00, 0x00, 0x00, 0x00, 0x00, 0x00, 0x00, 0x10, 0x40, 
	0x00, 0x00, 0x00, 0x00, 0x00, 0x00, 0x00, 0x00, 0x00, 0x00, 0x00, 0x00, 0x00, 0x00, 0x00, 0x00, 
	0x00, 0x00, 0x00, 0x00, 0x00, 0x00, 0x00, 0x00, 0x00, 0x00, 0x00, 0x00, 0x00, 0x00, 0x00, 0x04, 
	0x00, 0x00, 0x00, 0x40, 0x00, 0x00, 0x00, 0x00, 0x00, 0x00, 0x00, 0x00, 0x00, 0x20, 0x00, 0xD8, 
	0xFE, 0x00, 0x00, 0x00, 0x00, 0x00, 0x00, 0x00, 0x04, 0x84, 0x00, 0x00, 0x00, 0x00, 0x00, 0x00, 
	0x00, 0x08, 0x00, 0x00, 0x00, 0x00, 0x80, 0x00, 0x00, 0x00, 0x00, 0x00, 0x00, 0x00, 0x00, 0x00, 
	0x00, 0x00, 0x00, 0x00, 0x00, 0x00, 0x00, 0x00, 0x00, 0x00, 0x00, 0x00, 0x00, 0x00, 0x00, 0x00, 
	0x00, 0x00, 0x00, 0x00, 0x00, 0x00, 0x00, 0x00, 0x00, 0x00, 0x00, 0x00, 0x00, 0x00, 0x00, 0x00, 
	0x08, 0x00, 0x00, 0x00, 0x00, 0x00, 0x00, 0x00, 0x00, 0x00, 0x00, 0x00, 0x50, 0xFB, 0x00, 0x00, 
	0x00, 0x00, 0x10, 0x00, 0x00, 0x00, 0x00, 0x00, 0x04, 0x00, 0x20, 0x00, 0x00, 0x40, 0x00, 0x10, 
	0x00, 0x00, 0x00, 0x00, 0x00, 0x00, 0x00, 0x02, 0x00, 0x00, 0x00, 0x10, 0x00, 0x00, 0x00, 0x00, 
	0x00, 0x00, 0x00, 0x00, 0x00, 0x00, 0x00, 0x00, 0x00, 0x00, 0x00, 0x00, 0x00, 0x00, 0x00, 0x00, 
	0x00, 0x00, 0x00, 0x00, 0x00, 0x00, 0x00, 0x00, 0x00, 0x00, 0x00, 0x00, 0x00, 0x01, 0x00, 0x00, 
	0x00, 0x00, 0x00, 0x00, 0x00, 0x00, 0x00, 0x00, 0x00, 0xF8, 0xF9, 0x00, 0x00, 0x00, 0x00, 0x00, 
	0x00, 0x00, 0x00, 0x00, 0x00, 0x00, 0x00, 0x00, 0x00, 0x00, 0x00, 0x00, 0x00, 0x00, 0x00, 0x00, 
	0x00, 0x00, 0x00, 0x00, 0x00, 0x00, 0x00, 0x00, 0x00, 0x00, 0x00, 0x00, 0x00, 0x00, 0x00, 0x00, 
	0x00, 0x00, 0x00, 0x00, 0x00, 0x00, 0x00, 0x00, 0x00, 0x00, 0x00, 0x00, 0x00, 0x00, 0x00, 0x00, 
	0x00, 0x00, 0x00, 0x00, 0x00, 0x00, 0x00, 0x00, 0x00, 0x00, 0x00, 0x00, 0x00, 0x00, 0x00, 0x00, 
	0x00, 0x00, 0x00, 0x00, 0x00, 0x00, 0x98, 0xFF, 0x00, 0x00, 0x00, 0x00, 0x00, 0x00, 0x00, 0x00, 
	0x00, 0x00, 0x00, 0x00, 0x00, 0x00, 0x00, 0x00, 0x00, 0x00, 0x00, 0x00, 0x00, 0x00, 0x00, 0x00, 
	0x00, 0x00, 0x00, 0x00, 0x00, 0x00, 0x00, 0x00, 0x00, 0x00, 0x00, 0x00, 0x00, 0x00, 0x00, 0x00, 
	0x00, 0x00, 0x00, 0x00, 0x00, 0x00, 0x00, 0x00, 0x00, 0x00, 0x00, 0x00, 0x00, 0x00, 0x80, 0x00, 
	0x00, 0x00, 0x00, 0x00, 0x00, 0x00, 0x00, 0x00, 0x00, 0x00, 0x00, 0x00, 0x00, 0x00, 0x0C, 0x00, 
	0x40, 0x00, 0x00, 0xD0, 0xFB, 0x02, 0x00, 0x00, 0x10, 0x00, 0x20, 0x00, 0x00, 0x08, 0x00, 0x20, 
	0x00, 0x01, 0x00, 0x00, 0x04, 0x00, 0x00, 0x04, 0x00, 0x08, 0x00, 0x00, 0x21, 0x00, 0x02, 0x00, 
	0x20, 0x00, 0x08, 0x00, 0x00, 0x00, 0x00, 0x00, 0x00, 0x10, 0x00, 0x00, 0x00, 0x00, 0x00, 0x00, 
	0x00, 0x00, 0x80, 0x00, 0x00, 0x00, 0x00, 0x00, 0x00, 0x00, 0x00, 0x00, 0x00, 0x40, 0x00, 0x00, 
	0x00, 0x04, 0x00, 0x00, 0x40, 0x00, 0x00, 0x00, 0x00, 0x00, 0x10, 0x00, 0x00, 0x00, 0x00, 0x00, 
	0xA8, 0xFC, 0x40, 0x00, 0x01, 0x00, 0x04, 0x80, 0x00, 0x00, 0x00, 0x02, 0x00, 0x40, 0x00, 0x80, 
	0x00, 0x00, 0x00, 0x00, 0x00, 0x40, 0x00, 0x00, 0x00, 0x02, 0x00, 0x00, 0x00, 0x00, 0x08, 0x00, 
	0x00, 0x00, 0x00, 0x00, 0x00, 0x00, 0x00, 0x00, 0x00, 0x00, 0x00, 0x00, 0x00, 0x00, 0x00, 0x00, 
	0x00, 0x00, 0x00, 0x00, 0x00, 0x00, 0x00, 0x08, 0x80, 0x00, 0x00, 0x00, 0x00, 0x00, 0x00, 0x00, 
	0x02, 0x21, 0x00, 0x00, 0x00, 0x01, 0x20, 0x08, 0x04, 0x02, 0x21, 0x00, 0x88, 0xC4, 0xFA, 0x20, 
	0x00, 0x01, 0x90, 0x00, 0x31, 0x00, 0x88, 0x4A, 0x80, 0x10, 0x40, 0x2A, 0x22, 0x00, 0x08, 0x00, 
	0xA0, 0x02, 0x94, 0x04, 0x00, 0x01, 0x13, 0x00, 0x5A, 0x01, 0x80, 0x04, 0x10, 0x00, 0x00, 0x00, 
	0x00, 0x00, 0x00, 0x10, 0x00, 0x00, 0x00, 0x00, 0x00, 0x00, 0x00, 0x00, 0xC0, 0x00, 0x00, 0x00, 
	0x00, 0x00, 0x00, 0x00, 0x10, 0x50, 0x02, 0x20, 0x00, 0x00, 0x00, 0x08, 0x80, 0x00, 0x34, 0x00, 
	0x00, 0x40, 0x01, 0x08, 0x60, 0x01, 0x28, 0x00, 0x01, 0x20, 0xE0, 0xFC, 0x00, 0x00, 0x00, 0x08, 
	0x64, 0x9A, 0x01, 0x04, 0x10, 0xA0, 0x42, 0x10, 0x20, 0x42, 0x25, 0x08, 0x08, 0x00, 0x00, 0x00, 
	0x40, 0x00, 0x0B, 0x30, 0x00, 0x04, 0x00, 0x00, 0x28, 0x04, 0x00, 0x00, 0x00, 0x00, 0x00, 0x00, 
	0x00, 0x00, 0x00, 0x00, 0x00, 0x00, 0x00, 0x00, 0x00, 0xA0, 0x01, 0x10, 0x80, 0x00, 0x00, 0x00, 
	0x02, 0x00, 0x00, 0x00, 0x00, 0x00, 0x20, 0x00, 0x28, 0x56, 0x84, 0x00, 0x02, 0x34, 0x17, 0x00, 
	0x40, 0x08, 0x28, 0x81, 0x01, 0x00, 0x5A, 0xE0, 0xFE, 0x00, 0x00, 0x00, 0x20, 0x00, 0x00, 0x00, 
	0x00, 0x00, 0x80, 0x00, 0x20, 0x00, 0x04, 0x00, 0x00, 0x08, 0x00, 0x00, 0x00, 0x00, 0x00, 0x01, 
	0x10, 0x00, 0x04, 0x00, 0x00, 0x00, 0x00, 0x00, 0x00, 0x00, 0x00, 0x00, 0x00, 0x00, 0x00, 0x00, 
	0x00, 0x00, 0x00, 0x00, 0x00, 0x00, 0x80, 0x00, 0x10, 0x00, 0x00, 0x00, 0x00, 0x00, 0x00, 0x00, 
	0x00, 0x00, 0x00, 0x00, 0x00, 0x00, 0x00, 0x00, 0x00, 0x00, 0x00, 0x04, 0x00, 0x00, 0x00, 0x00, 
	0x00, 0x01, 0x00, 0x08, 0xE0, 0xF9, 0x00, 0x00, 0x00, 0x00, 0x04, 0x40, 0x00, 0x00, 0x00, 0x00, 
	0x40, 0x00, 0x00, 0x20, 0x80, 0x00, 0x00, 0x00, 0x00, 0x00, 0x00, 0x40, 0x00, 0x00, 0x00, 0x00, 
	0x00, 0x00, 0x08, 0x10, 0x00, 0x00, 0x00, 0x00, 0x00, 0x00, 0x00, 0x00, 0x00, 0x00, 0x00, 0x00, 
	0x00, 0x00, 0x00, 0x40, 0x00, 0x00, 0x00, 0x00, 0x00, 0x00, 0x00, 0x00, 0x00, 0x00, 0x00, 0x00, 
	0x00, 0x00, 0x08, 0x08, 0x04, 0x01, 0x00, 0x08, 0x08, 0x00, 0x10, 0x10, 0x02, 0x88, 0x00, 0x00, 
	0x00, 0xB8, 0xFA, 0x10, 0x00, 0x00, 0x00, 0x00, 0x00, 0x00, 0x40, 0x00, 0x01, 0x00, 0x00, 0x00, 
	0x00, 0x00, 0x00, 0x00, 0x00, 0x00, 0x00, 0x00, 0x00, 0x00, 0x00, 0x00, 0x00, 0x00, 0x00, 0x00, 
	0x00, 0x00, 0x00, 0x00, 0x00, 0x00, 0x00, 0x00, 0x00, 0x00, 0x00, 0x00, 0x00, 0x00, 0x00, 0x00, 
	0x00, 0x00, 0x00, 0x00, 0x00, 0x00, 0x00, 0x00, 0x00, 0x00, 0x00, 0x00, 0x00, 0x00, 0x00, 0x00, 
	0x00, 0x00, 0x00, 0x00, 0x00, 0x00, 0x00, 0x00, 0x00, 0x20, 0x01, 0x00, 0x01, 0x00, 0xAC, 0xFD, 
	0x00, 0x00, 0x00, 0x00, 0x00, 0x00, 0x10, 0x00, 0x00, 0x00, 0x00, 0x00, 0x00, 0x00, 0x06, 0x00, 
	0x00, 0x00, 0x40, 0x00, 0x00, 0x00, 0x00, 0x00, 0x00, 0x00, 0x00, 0x00, 0x00, 0x00, 0x00, 0x00, 
	0x00, 0x00, 0x00, 0x00, 0x00, 0x00, 0x00, 0x00, 0x00, 0x00, 0x00, 0x00, 0x00, 0x00, 0x00, 0x00, 
	0x00, 0x00, 0x00, 0x00, 0x00, 0x00, 0x04, 0x00, 0x00, 0x00, 0x00, 0x00, 0x00, 0x00, 0x00, 0x04, 
	0x00, 0x00, 0x00, 0x00, 0x00, 0x00, 0x00, 0x00, 0x02, 0x00, 0x00, 0x88, 0xFD, 0x00, 0x00, 0x00, 
	0x00, 0x00, 0x00, 0x00, 0x10, 0x00, 0x00, 0x02, 0x00, 0x00, 0x00, 0x00, 0x20, 0x00, 0x00, 0x00, 
	0x00, 0x00, 0x00, 0x00, 0x00, 0x01, 0x00, 0x00, 0x00, 0x00, 0x10, 0x00, 0x00, 0x00, 0x00, 0x00, 
	0x00, 0x00, 0x00, 0x00, 0x00, 0x00, 0x00, 0x00, 0x00, 0x00, 0x00, 0x00, 0x00, 0x00, 0x00, 0x00, 
	0x00, 0x00, 0x00, 0x00, 0x00, 0x00, 0x00, 0x40, 0x00, 0x00, 0x00, 0x00, 0x00, 0x00, 0x00, 0x00, 
	0x00, 0x00, 0x00, 0x00, 0x00, 0x00, 0x00, 0x00, 0xF8, 0xF8, 0x00, 0x00, 0x00, 0x80, 0x01, 0x00, 
	0x00, 0x00, 0x04, 0x80, 0x10, 0x00, 0x03, 0x00, 0x00, 0x10, 0x80, 0x01, 0x00, 0x00, 0x00, 0x00, 
	0x00, 0x00, 0x00, 0x00, 0x00, 0x01, 0x00, 0x00, 0x00, 0x00, 0x00, 0x00, 0x00, 0x00, 0x00, 0x00, 
	0x00, 0x00, 0x00, 0x00, 0x00, 0x00, 0x00, 0x00, 0x00, 0x00, 0x00, 0x00, 0x00, 0x00, 0x00, 0x00, 
	0x00, 0x00, 0x00, 0x00, 0x00, 0x00, 0x00, 0x00, 0x80, 0x00, 0x00, 0x00, 0x00, 0x00, 0x00, 0x00, 
	0x00, 0x00, 0x00, 0x00, 0x00, 0x68, 0xFD, 0x00, 0x00, 0x00, 0x00, 0x00, 0x40, 0x00, 0x00, 0x00, 
	0x02, 0x00, 0x00, 0x00, 0x00, 0x00, 0x00, 0x00, 0x00, 0x00, 0x00, 0x00, 0x00, 0x00, 0x08, 0x00, 
	0x00, 0x00, 0x00, 0x00, 0x00, 0x00, 0x00, 0x00, 0x00, 0x00, 0x00, 0x00, 0x00, 0x00, 0x00, 0x00, 
	0x00, 0x00, 0x00, 0x00, 0x00, 0x00, 0x00, 0x00, 0x00, 0x00, 0x00, 0x02, 0x00, 0x00, 0x00, 0x00, 
	0x00, 0x00, 0x00, 0x00, 0x00, 0x00, 0x00, 0x00, 0x00, 0x00, 0x80, 0x00, 0x00, 0x10, 0x00, 0x00, 
	0x00, 0x00, 0x20, 0xFA, 0x00, 0x00, 0x00, 0x00, 0x00, 0x00, 0x00, 0x00, 0x00, 0x00, 0x00, 0x00, 
	0x00, 0x00, 0x00, 0x00, 0x00, 0x00, 0x00, 0x00, 0x00, 0x00, 0x00, 0x00, 0x80, 0x00, 0x00, 0x00, 
	0x04, 0x00, 0x00, 0x00, 0x00, 0x00, 0x00, 0x00, 0x00, 0x00, 0x00, 0x00, 0x00, 0x00, 0x00, 0x00, 
	0x00, 0x00, 0x00, 0x00, 0x00, 0x00, 0x00, 0x00, 0x40, 0x00, 0x00, 0x00, 0x00, 0x00, 0x00, 0x80, 
	0x00, 0x00, 0x04, 0x00, 0x00, 0x00, 0x00, 0x00, 0x00, 0x00, 0x00, 0x00, 0x00, 0x00, 0x00, 0x90, 
	0xFF, 0x00, 0x00, 0x00, 0x00, 0x00, 0x00, 0x00, 0x00, 0x00, 0x00, 0x00, 0x00, 0x00, 0x00, 0x00, 
	0x00, 0x00, 0x00, 0x00, 0x10, 0x00, 0x00, 0x00, 0x00, 0x00, 0x00, 0x00, 0x00, 0x00, 0x00, 0x00, 
	0x00, 0x00, 0x00, 0x00, 0x00, 0x00, 0x00, 0x00, 0x00, 0x00, 0x00, 0x00, 0x00, 0x00, 0x00, 0x00, 
	0x00, 0x00, 0x00, 0x00, 0x00, 0x00, 0x00, 0x00, 0x00, 0x00, 0x00, 0x00, 0x00, 0x00, 0x00, 0x00, 
	0x00, 0x00, 0x00, 0x00, 0x00, 0x00, 0x00, 0x00, 0x80, 0x00, 0x00, 0x00, 0x00, 0xFE, 0x00, 0x00, 
	0x00, 0x00, 0x02, 0x00, 0x00, 0x00, 0x08, 0x00, 0x00, 0x00, 0x00, 0x00, 0x00, 0x00, 0x00, 0x00, 
	0x00, 0x00, 0x00, 0x00, 0x00, 0x00, 0x00, 0x00, 0x00, 0x00, 0x00, 0x00, 0x00, 0x00, 0x00, 0x00, 
	0x00, 0x00, 0x00, 0x00, 0x00, 0x00, 0x00, 0x00, 0x00, 0x00, 0x00, 0x00, 0x00, 0x00, 0x00, 0x00, 
	0x00, 0x00, 0x00, 0x10, 0x00, 0x00, 0x00, 0x00, 0x00, 0x00, 0x00, 0x00, 0x00, 0x00, 0x00, 0x00, 
	0x00, 0x00, 0x00, 0x00, 0x00, 0x00, 0x00, 0x00, 0x40, 0x18, 0xF8, 0x00, 0x00, 0x00, 0x00, 0x00, 
	0x00, 0x00, 0x00, 0x00, 0x40, 0x30, 0x00, 0x00, 0x00, 0x00, 0x00, 0x00, 0x00, 0x00, 0x00, 0x00, 
	0x00, 0x00, 0x00, 0x00, 0x00, 0x00, 0x00, 0x00, 0x00, 0x00, 0x00, 0x00, 0x00, 0x00, 0x00, 0x00, 
	0x00, 0x00, 0x00, 0x00, 0x00, 0x00, 0x00, 0x00, 0x00, 0x00, 0x00, 0x00, 0x00, 0x00, 0x00, 0x40, 
	0x00, 0x00, 0x00, 0x00, 0x00, 0x00, 0x00, 0x00, 0x00, 0x00, 0x02, 0x00, 0x00, 0x00, 0x00, 0x00, 
	0x00, 0x00, 0x00, 0x20, 0x00, 0x00, 0xA8, 0xFA, 0x00, 0x00, 0x00, 0x00, 0x00, 0x00, 0x00, 0x00, 
	0x00, 0x00, 0x01, 0x00, 0x00, 0x00, 0x00, 0x00, 0x00, 0x00, 0x20, 0x00, 0x00, 0x00, 0x01, 0x10, 
	0x00, 0x00, 0x00, 0x00, 0x00, 0x20, 0x00, 0x00, 0x00, 0x00, 0x00, 0x00, 0x00, 0x00, 0x00, 0x00, 
	0x00, 0x00, 0x00, 0x00, 0x00, 0x00, 0x00, 0x00, 0x00, 0x00, 0x00, 0x00, 0x00, 0x00, 0x00, 0x00, 
	0x00, 0x00, 0x00, 0x00, 0x00, 0x00, 0x00, 0x00, 0x00, 0x00, 0x00, 0x00, 0x00, 0x00, 0x00, 0x04, 
	0x00, 0x00, 0x00, 0xF8, 0xFC, 0x00, 0x00, 0x00, 0x00, 0x00, 0x00, 0x00, 0x00, 0x00, 0x00, 0x00, 
	0x00, 0x00, 0x00, 0x00, 0x48, 0x00, 0x00, 0x00, 0x00, 0x00, 0x00, 0x00, 0x00, 0x00, 0x00, 0x00, 
	0x00, 0x00, 0x00, 0x00, 0x00, 0x00, 0x00, 0x00, 0x00, 0x00, 0x00, 0x00, 0x00, 0x00, 0x00, 0x00, 
	0x00, 0x00, 0x00, 0x00, 0x00, 0x00, 0x00, 0x00, 0x00, 0x00, 0x00, 0x00, 0x00, 0x00, 0x00, 0x00, 
	0x00, 0x00, 0x00, 0x00, 0x00, 0x00, 0x00, 0x00, 0x00, 0x00, 0x00, 0x00, 0x00, 0x00, 0x00, 0x00, 
	0xD0, 0xFF, 0x00, 0x00, 0x00, 0x00, 0x00, 0x04, 0x02, 0x00, 0x00, 0x00, 0x02, 0x00, 0x00, 0x08, 
	0x00, 0x00, 0x20, 0x00, 0x04, 0x00, 0x00, 0x80, 0x00, 0x00, 0x00, 0x00, 0x00, 0x00, 0x00, 0x00, 
	0x00, 0x00, 0x00, 0x00, 0x00, 0x00, 0x00, 0x00, 0x00, 0x00, 0x00, 0x00, 0x00, 0x00, 0x00, 0x80, 
	0x00, 0x00, 0x00, 0x00, 0x00, 0x00, 0x00, 0x00, 0x00, 0x00, 0x00, 0x00, 0x00, 0x00, 0x00, 0x00, 
	0x00, 0x00, 0x00, 0x00, 0x00, 0x40, 0x00, 0x00, 0x00, 0x20, 0x00, 0x00, 0x00, 0x50, 0xFF, 0xA0, 
	0x45, 0x34, 0x84, 0x02, 0xD8, 0x08, 0x02, 0x40, 0x09, 0x28, 0x04, 0x05, 0x02, 0x40, 0x04, 0x00, 
	0x00, 0x00, 0x00, 0x00, 0x40, 0x20, 0x09, 0x00, 0x01, 0x02, 0x30, 0x14, 0x09, 0x00, 0x00, 0x00, 
	0x00, 0x00, 0x00, 0x00, 0x00, 0x00, 0x00, 0x00, 0x00, 0x00, 0x00, 0x00, 0x00, 0x90, 0x00, 0x80, 
	0x22, 0x00, 0x08, 0x02, 0x00, 0x08, 0x28, 0x44, 0x00, 0x00, 0x00, 0x04, 0x80, 0x00, 0x10, 0x00, 
	0x02, 0x40, 0x00, 0x28, 0x10, 0x01, 0x20, 0x00, 0x14, 0x01, 0x80, 0xFF, 0x80, 0x01, 0x00, 0x00, 
	0x00, 0x80, 0x40, 0x00, 0x00, 0x00, 0x42, 0x20, 0x00, 0x00, 0x00, 0x00, 0x00, 0x00, 0x00, 0x00, 
	0x00, 0x00, 0x00, 0x00, 0x00, 0x04, 0x00, 0x00, 0x00, 0x00, 0x00, 0x00, 0x00, 0x00, 0x00, 0x00, 
	0x00, 0x00, 0x00, 0x00, 0x00, 0x00, 0x00, 0x00, 0x00, 0x00, 0x00, 0x00, 0x00, 0x00, 0x04, 0x80, 
	0x18, 0x00, 0x80, 0x40, 0x00, 0x00, 0x04, 0x00, 0x00, 0x00, 0x00, 0x00, 0x80, 0x00, 0x00, 0x00, 
	0x00, 0x00, 0x00, 0x00, 0x00, 0x20, 0x08, 0xA0, 0xFD, 0x80, 0x81, 0x30, 0x00, 0x00, 0xC2, 0x00, 
	0x04, 0x00, 0x00, 0x20, 0x40, 0x00, 0x68, 0x00, 0x00, 0x00, 0x00, 0x00, 0x00, 0x00, 0x00, 0x00, 
	0x01, 0x00, 0x0C, 0x60, 0x00, 0x00, 0x10, 0x00, 0x00, 0x00, 0x00, 0x00, 0x00, 0x00, 0x00, 0x00, 
	0x00, 0x00, 0x00, 0x00, 0x00, 0x00, 0x40, 0x00, 0x00, 0x00, 0x02, 0x20, 0x00, 0x00, 0xC0, 0x00, 
	0x78, 0x10, 0x03, 0x00, 0x00, 0x30, 0x90, 0x07, 0x40, 0x00, 0x18, 0xC4, 0x03, 0x20, 0x00, 0x0C, 
	0x80, 0x41, 0x30, 0x00, 0x90, 0xFC, 0x00, 0x09, 0x30, 0x41, 0x06, 0xC0, 0x88, 0x02, 0x00, 0x10, 
	0x01, 0x02, 0x2C, 0x00, 0x00, 0x00, 0x00, 0x00, 0x00, 0x00, 0x00, 0x00, 0x10, 0x00, 0x00, 0x8C, 
	0x04, 0x00, 0x80, 0x00, 0x00, 0x00, 0x00, 0x00, 0x00, 0x00, 0x00, 0x00, 0x00, 0x00, 0x00, 0x00, 
	0x00, 0x00, 0x00, 0x20, 0x00, 0x00, 0x00, 0x04, 0x18, 0x00, 0x00, 0x02, 0x00, 0x48, 0x00, 0x01, 
	0x00, 0x00, 0x00, 0x80, 0x06, 0x00, 0x40, 0x40, 0x40, 0x03, 0x00, 0x22, 0x00, 0x81, 0x01, 0x00, 
	0x20, 0x78, 0xFE, 0x80, 0x00, 0x02, 0x02, 0x10, 0x40, 0x00, 0x98, 0x08, 0x00, 0x04, 0x00, 0x40, 
	0x80, 0x05, 0xB0, 0x00, 0x00, 0x00, 0x00, 0x00, 0x00, 0x08, 0x00, 0x01, 0x4C, 0x82, 0x41, 0x00, 
	0x02, 0x00, 0x00, 0x00, 0x00, 0x00, 0x00, 0x00, 0x00, 0x00, 0x00, 0x00, 0x00, 0x00, 0x00, 0x00, 
	0x80, 0x09, 0x00, 0x00, 0xC0, 0xC0, 0x42, 0x80, 0x00, 0x13, 0x00, 0x10, 0x2C, 0x02, 0x00, 0x30, 
	0x00, 0x06, 0xC1, 0x44, 0x18, 0x00, 0x10, 0x61, 0x20, 0x0C, 0x00, 0x10, 0x12, 0x20, 0x38, 0xF8, 
	0x60, 0x01, 0x2C, 0x90, 0x05, 0xF2, 0x80, 0x1E, 0xC0, 0x00, 0x18, 0x20, 0x0B, 0xC2, 0x81, 0x3C, 
	0x10, 0x00, 0x00, 0x00, 0x00, 0xC0, 0x80, 0x18, 0x20, 0x0F, 0xE0, 0x01, 0x0C, 0x20, 0x00, 0x00, 
	0x00, 0x00, 0x00, 0x00, 0x00, 0x00, 0x00, 0x00, 0x00, 0x00, 0x00, 0x00, 0x00, 0xE0, 0x01, 0x01, 
	0x80, 0x01, 0xF0, 0x00, 0x06, 0xC4, 0x03, 0x1A, 0x00, 0x0F, 0x00, 0x00, 0x04, 0x80, 0x07, 0x70, 
	0x00, 0x02, 0xC0, 0x00, 0x18, 0x00, 0x01, 0xE0, 0x01, 0x2C, 0x00, 0x80, 0xFE, 0x80, 0x80, 0x10, 
	0x00, 0x06, 0x41, 0x00, 0x18, 0x00, 0x00, 0x01, 0x20, 0x0C, 0x82, 0x01, 0x30, 0x00, 0x00, 0x00, 
	0x00, 0x00, 0x00, 0x00, 0x60, 0x10, 0x00, 0x82, 0x01, 0x00, 0x08, 0x00, 0x00, 0x00, 0x00, 0x00, 
	0x00, 0x00, 0x00, 0x00, 0x00, 0x00, 0x00, 0x00, 0x00, 0x00, 0x80, 0x01, 0x00, 0x00, 0x00, 0xC2, 
	0x00, 0x00, 0x00, 0x03, 0x00, 0x00, 0x0C, 0x00, 0x00, 0x00, 0x00, 0x06, 0x00, 0x00, 0x00, 0x00, 
	0x80, 0x00, 0x40, 0x00, 0x00, 0x00, 0x11, 0x00, 0xB8, 0xFD, 0x00, 0x01, 0x20, 0x11, 0x16, 0xC0, 
	0x14, 0x18, 0x00, 0x20, 0x00, 0x04, 0x2C, 0x80, 0x01, 0x30, 0x00, 0x00, 0x00, 0x00, 0x00, 0x00, 
	0x52, 0x60, 0x02, 0x20, 0x80, 0x01, 0x80, 0x00, 0x00, 0x00, 0x00, 0x00, 0x00, 0x00, 0x00, 0x00, 
	0x00, 0x00, 0x00, 0x00, 0x00, 0x00, 0x00, 0x80, 0x01, 0x00, 0x00, 0x10, 0xC0, 0x00, 0x00, 0x11, 
	0x03, 0x00, 0x12, 0x0C, 0x00, 0x00, 0x30, 0x00, 0x16, 0x02, 0x20, 0x18, 0x00, 0x00, 0x00, 0x00, 
	0x0C, 0x80, 0x01, 0x20, 0x40, 0x98, 0xFF, 0xA0, 0x05, 0x04, 0x01, 0x10, 0x10, 0x04, 0x02, 0x40, 
	0x03, 0x28, 0x04, 0x81, 0x00, 0x00, 0x00, 0x00, 0xC0, 0x00, 0x02, 0x9A, 0x50, 0x00, 0x69, 0x22, 
	0x0D, 0x00, 0x30, 0x14, 0x00, 0x00, 0x00, 0x00, 0x00, 0x00, 0x00, 0x00, 0x10, 0x00, 0x00, 0x00, 
	0x00, 0x00, 0x00, 0x00, 0x08, 0x04, 0x00, 0x80, 0x06, 0x90, 0x28, 0x02, 0x00, 0x00, 0x68, 0x00, 
	0x00, 0x00, 0x00, 0x04, 0x80, 0x00, 0x10, 0x00, 0x02, 0x40, 0x00, 0x68, 0x00, 0x01, 0x00, 0x00, 
	0x14, 0x08, 0x04, 0xFE, 0x80, 0x41, 0x00, 0x08, 0x00, 0x04, 0x40, 0x00, 0x00, 0x03, 0x40, 0x20, 
	0x00, 0x04, 0x00, 0x00, 0x00, 0x00, 0x00, 0x80, 0x18, 0x00, 0x00, 0x40, 0x00, 0x0C, 0x00, 0x00, 
	0x00, 0x20, 0x00, 0x00, 0x00, 0x00, 0x00, 0x00, 0x00, 0x0C, 0x00, 0x00, 0x00, 0x00, 0x00, 0x00, 
	0x00, 0x06, 0x80, 0x00, 0x00, 0x00, 0xC0, 0x00, 0x00, 0x08, 0x00, 0x60, 0x00, 0x00, 0x04, 0x00, 
	0x00, 0x00, 0x00, 0x00, 0x00, 0x00, 0x00, 0x00, 0x60, 0x00, 0x00, 0x00, 0x00, 0x20, 0x00, 0x88, 
	0xF8, 0x80, 0x01, 0x10, 0x00, 0x01, 0xC0, 0x00, 0x06, 0x00, 0x03, 0x22, 0x20, 0x04, 0x08, 0x00, 
	0x00, 0x80, 0x01, 0x20, 0x00, 0x18, 0x00, 0x01, 0x60, 0x10, 0x00, 0x60, 0x00, 0x10, 0x20, 0x00, 
	0x00, 0x00, 0x00, 0x00, 0x00, 0x00, 0x08, 0x00, 0x00, 0x00, 0x00, 0x00, 0x00, 0x00, 0x44, 0x00, 
	0x00, 0x00, 0x06, 0x82, 0x00, 0x00, 0x00, 0x00, 0x60, 0x10, 0x03, 0x00, 0x00, 0x30, 0x80, 0x07, 
	0xF0, 0x00, 0x18, 0xC0, 0x03, 0x18, 0x00, 0x0C, 0x02, 0x00, 0x30, 0x00, 0x60, 0xF8, 0x04, 0x09, 
	0x01, 0xC0, 0x00, 0x80, 0x22, 0x02, 0x00, 0x23, 0x00, 0x02, 0x20, 0x00, 0x00, 0x00, 0x00, 0x00, 
	0x10, 0x00, 0x58, 0x04, 0x50, 0x60, 0x04, 0x00, 0x00, 0x00, 0x80, 0x00, 0x00, 0x00, 0x00, 0x00, 
	0x00, 0x00, 0x00, 0x00, 0x00, 0x00, 0x00, 0x00, 0x00, 0x00, 0x00, 0x20, 0x00, 0x00, 0x00, 0x46, 
	0xC0, 0x88, 0x00, 0x11, 0x00, 0x60, 0x02, 0x00, 0x00, 0x00, 0x00, 0x91, 0x06, 0xD0, 0x00, 0x00, 
	0x49, 0x03, 0x00, 0x00, 0x40, 0x00, 0x00, 0x00, 0x0A, 0xC3, 0xFB, 0x84, 0x00, 0x02, 0x02, 0x06, 
	0x84, 0x44, 0x58, 0x04, 0xA3, 0x00, 0x00, 0x80, 0x04, 0x00, 0x00, 0x00, 0x16, 0xC0, 0x84, 0x80, 
	0x20, 0x20, 0x61, 0x80, 0x40, 0x82, 0x09, 0x80, 0x40, 0x00, 0x00, 0x00, 0x00, 0x00, 0x00, 0x00, 
	0x00, 0x00, 0x00, 0x00, 0x00, 0x00, 0x00, 0x00, 0x80, 0x09, 0x00, 0x00, 0x26, 0xC4, 0x02, 0x00, 
	0x01, 0x00, 0x60, 0x00, 0x4C, 0x04, 0x00, 0x30, 0x00, 0x10, 0x00, 0x24, 0x18, 0x00, 0x10, 0x01, 
	0x01, 0x0C, 0x00, 0x00, 0x10, 0x20, 0xE1, 0xFC, 0x60, 0x01, 0x0C, 0x90, 0x07, 0x70, 0x00, 0x1E, 
	0xC0, 0x03, 0x18, 0x20, 0x03, 0x00, 0x00, 0x00, 0x80, 0x07, 0xF1, 0x00, 0x1E, 0xC0, 0x00, 0x78, 
	0x00, 0x03, 0xE0, 0x41, 0x0C, 0x00, 0x00, 0x00, 0x00, 0x00, 0x00, 0x00, 0x00, 0x00, 0x00, 0x00, 
	0x00, 0x00, 0x00, 0x00, 0x00, 0xE0, 0x01, 0x01, 0x80, 0x07, 0x70, 0x40, 0x06, 0x10, 0x00, 0x78, 
	0x10, 0x0F, 0x00, 0x00, 0x04, 0x80, 0x01, 0x32, 0x00, 0x02, 0xC0, 0x00, 0x18, 0x40, 0x01, 0x00, 
	0x00, 0x2C, 0x00, 0x38, 0xFE, 0x80, 0x80, 0x00, 0x10, 0x06, 0x40, 0x00, 0x18, 0x00, 0x00, 0x02, 
	0x20, 0x00, 0x04, 0x00, 0x00, 0x00, 0x06, 0xC0, 0x00, 0x08, 0x00, 0x00, 0x60, 0x10, 0x00, 0x82, 
	0x01, 0x00, 0x00, 0x00, 0x00, 0x00, 0x00, 0x00, 0x00, 0x00, 0x00, 0x00, 0x00, 0x00, 0x00, 0x00, 
	0x00, 0x00, 0x80, 0x01, 0x00, 0x00, 0x06, 0x00, 0x80, 0x00, 0x10, 0x00, 0x00, 0x10, 0x0C, 0x00, 
	0x00, 0x00, 0x00, 0x00, 0x01, 0x80, 0x00, 0x00, 0x80, 0x00, 0x10, 0x00, 0x00, 0x00, 0x10, 0x00, 
	0x59, 0xFD, 0x00, 0x01, 0x80, 0x00, 0x06, 0xC0, 0x42, 0x18, 0x00, 0x0B, 0x00, 0x04, 0x40, 0x00, 
	0x00, 0x00, 0x00, 0x06, 0xC0, 0x00, 0x10, 0x09, 0x88, 0x60, 0x02, 0x20, 0x80, 0x01, 0x20, 0x42, 
	0x00, 0x00, 0x00, 0x00, 0x00, 0x00, 0x00, 0x04, 0x00, 0x00, 0x00, 0x00, 0x00, 0x00, 0x00, 0x80, 
	0x01, 0x00, 0x00, 0x26, 0x22, 0x00, 0x50, 0x00, 0x00, 0x60, 0x00, 0x0C, 0x00, 0x00, 0x30, 0x00, 
	0x40, 0x00, 0x08, 0x18, 0x00, 0x20, 0x08, 0x02, 0x0C, 0x00, 0x00, 0x20, 0x40, 0x10, 0xFE, 0x20, 
	0x08, 0xB5, 0x80, 0x02, 0xD0, 0x22, 0x1A, 0x40, 0x90, 0x28, 0x04, 0x01, 0x00, 0x40, 0x34, 0x09, 
	0x20, 0x12, 0x02, 0x01, 0x40, 0x00, 0x08, 0x08, 0x4D, 0x00, 0x30, 0x14, 0x09, 0x00, 0x00, 0x00, 
	0x00, 0x00, 0x00, 0x00, 0x10, 0x00, 0x00, 0x00, 0x00, 0x00, 0x00, 0x00, 0x02, 0x90, 0x00, 0x04, 
	0x20, 0x91, 0x20, 0x1A, 0x44, 0x03, 0x08, 0x00, 0x00, 0x00, 0x00, 0x04, 0x80, 0x00, 0x10, 0x28, 
	0x02, 0x40, 0x00, 0x68, 0x00, 0x01, 0x20, 0x00, 0xB4, 0x00, 0xC0, 0xFF, 0x00, 0x00, 0x30, 0x20, 
	0x00, 0xC2, 0x00, 0x18, 0x00, 0x01, 0x40, 0x20, 0x00, 0x00, 0x00, 0x30, 0x00, 0x00, 0x00, 0x00, 
	0x00, 0x08, 0x00, 0x00, 0x00, 0x08, 0x04, 0x00, 0x20, 0x00, 0x00, 0x00, 0x00, 0x00, 0x00, 0x00, 
	0x00, 0x08, 0x00, 0x00, 0x00, 0x00, 0x00, 0x00, 0x00, 0x10, 0x00, 0x00, 0x00, 0x00, 0xC0, 0x00, 
	0x00, 0x00, 0x03, 0x60, 0x00, 0x00, 0x04, 0x00, 0x00, 0x00, 0x00, 0x80, 0x00, 0x00, 0x00, 0x00, 
	0x60, 0x00, 0x00, 0x00, 0x00, 0x20, 0x10, 0xE8, 0xFC, 0x80, 0x01, 0x30, 0x00, 0x00, 0xC2, 0x00, 
	0x18, 0x04, 0x00, 0x20, 0x00, 0x0C, 0x64, 0x00, 0x30, 0x80, 0x01, 0xC0, 0x00, 0x04, 0x00, 0x03, 
	0x00, 0x20, 0x0C, 0x62, 0x00, 0x10, 0x00, 0x00, 0x00, 0x00, 0x00, 0x00, 0x00, 0x00, 0x02, 0x00, 
	0x00, 0x00, 0x00, 0x00, 0x00, 0x00, 0x40, 0x00, 0x0C, 0x80, 0x01, 0x80, 0x00, 0x1E, 0x00, 0x03, 
	0x00, 0x10, 0x03, 0x00, 0x00, 0x30, 0x88, 0x07, 0x00, 0x00, 0x18, 0xC4, 0x03, 0x00, 0x00, 0x0C, 
	0x02, 0x00, 0x1C, 0x08, 0x30, 0xFE, 0x88, 0x09, 0xB2, 0x40, 0x06, 0xC0, 0x28, 0x80, 0x00, 0x40, 
	0x00, 0x44, 0x80, 0x00, 0x00, 0x30, 0x8A, 0x00, 0x80, 0x48, 0x02, 0x00, 0x03, 0x00, 0x00, 0x2C, 
	0x00, 0x00, 0x20, 0x10, 0x00, 0x00, 0x00, 0x00, 0x00, 0x00, 0x00, 0x10, 0x00, 0x00, 0x00, 0x00, 
	0x00, 0x00, 0x00, 0x22, 0x00, 0x00, 0x00, 0x00, 0xC0, 0x14, 0x52, 0x04, 0x03, 0x60, 0x02, 0x01, 
	0x00, 0x00, 0x00, 0x80, 0x06, 0x00, 0x20, 0x80, 0x40, 0x03, 0x00, 0x00, 0x00, 0x00, 0x00, 0x24, 
	0x00, 0x32, 0xFE, 0x00, 0x30, 0x30, 0x01, 0x80, 0x00, 0x10, 0x58, 0x00, 0x10, 0x00, 0x00, 0x80, 
	0x84, 0x11, 0x00, 0x04, 0x16, 0x81, 0x24, 0x58, 0x10, 0x60, 0x00, 0x0C, 0x08, 0x82, 0x49, 0x80, 
	0x40, 0x00, 0x00, 0x00, 0x00, 0x00, 0x00, 0x00, 0x02, 0x00, 0x00, 0x00, 0x00, 0x00, 0x00, 0x00, 
	0x84, 0x09, 0x31, 0x10, 0x00, 0xC0, 0x00, 0x01, 0x05, 0x08, 0x60, 0x00, 0x8C, 0x02, 0x00, 0x30, 
	0x00, 0x10, 0x00, 0x18, 0x18, 0x00, 0x10, 0x01, 0x01, 0x0C, 0x00, 0x04, 0x11, 0x09, 0xA8, 0xFE, 
	0x60, 0x01, 0x3C, 0x90, 0x05, 0xF0, 0x00, 0x06, 0xD0, 0x80, 0x18, 0x20, 0x03, 0xC0, 0x81, 0x3C, 
	0x80, 0x07, 0x70, 0x00, 0x1E, 0xC0, 0x00, 0x18, 0x00, 0x03, 0xE0, 0x01, 0x2C, 0x00, 0x00, 0x00, 
	0x00, 0x00, 0x00, 0x00, 0x00, 0x0A, 0x00, 0x00, 0x00, 0x00, 0x00, 0x00, 0x00, 0xE0, 0x01, 0x3C, 
	0x80, 0x01, 0x72, 0x00, 0x1E, 0xC0, 0x00, 0x19, 0x10, 0x0F, 0x00, 0x00, 0x04, 0x80, 0x01, 0x32, 
	0x00, 0x02, 0xC0, 0x00, 0x18, 0x40, 0x01, 0x60, 0x00, 0x2C, 0x00, 0x88, 0xFB, 0x04, 0x00, 0x30, 
	0x00, 0x06, 0x40, 0x00, 0x00, 0x00, 0x00, 0x00, 0x20, 0x00, 0x88, 0x01, 0x10, 0x00, 0x06, 0x40, 
	0x40, 0x18, 0x00, 0x00, 0x00, 0x00, 0x00, 0x82, 0x01, 0x10, 0x00, 0x00, 0x00, 0x00, 0x00, 0x00, 
	0x00, 0x00, 0x00, 0x00, 0x00, 0x00, 0x00, 0x00, 0x00, 0x00, 0x88, 0x01, 0x30, 0x00, 0x06, 0x02, 
	0x00, 0x08, 0x00, 0x00, 0x00, 0x10, 0x0C, 0x00, 0x00, 0x00, 0x00, 0x00, 0x00, 0x00, 0x00, 0x00, 
	0x00, 0x00, 0x10, 0x00, 0x80, 0x81, 0x10, 0x00, 0x71, 0xFD, 0x00, 0x51, 0x10, 0x41, 0x46, 0x81, 
	0x00, 0x19, 0x05, 0x10, 0x04, 0x04, 0x20, 0x80, 0x01, 0x20, 0x40, 0x06, 0xC0, 0x00, 0x18, 0x00, 
	0x20, 0x41, 0x24, 0x80, 0x80, 0x01, 0x20, 0x42, 0x00, 0x00, 0x00, 0x00, 0x00, 0x00, 0x00, 0x00, 
	0x00, 0x00, 0x00, 0x00, 0x00, 0x00, 0x00, 0x86, 0x01, 0x30, 0x00, 0x16, 0x00, 0x48, 0x90, 0x20, 
	0x00, 0x00, 0x00, 0x0C, 0x00, 0x00, 0x30, 0x00, 0x40, 0x01, 0x28, 0x18, 0x00, 0xA0, 0x00, 0x02, 
	0x0C, 0x80, 0x09, 0x30, 0x11, 0xB0, 0xF8, 0xA0, 0x01, 0x15, 0x80, 0x26, 0x01, 0x80, 0x02, 0x40, 
	0x03, 0x68, 0x04, 0x4D, 0x02, 0x40, 0x80, 0x00, 0xC0, 0x10, 0x00, 0x1A, 0x45, 0x20, 0x29, 0x10, 
	0x01, 0x00, 0x88, 0x34, 0x00, 0x00, 0x00, 0x00, 0x00, 0x00, 0x00, 0x00, 0x08, 0x00, 0x00, 0x00, 
	0x00, 0x00, 0x00, 0x00, 0x20, 0x20, 0x00, 0x84, 0x00, 0x90, 0x04, 0x02, 0x00, 0x0B, 0x48, 0x14, 
	0x0D, 0xA0, 0x01, 0x04, 0x80, 0x06, 0x10, 0x00, 0x02, 0x40, 0x03, 0x00, 0x00, 0x01, 0xA0, 0x01, 
	0x34, 0x00, 0xC8, 0xFF, 0x80, 0x01, 0x20, 0x08, 0x06, 0x00, 0x00, 0x00, 0x00, 0x00, 0x40, 0x40, 
	0x0C, 0x00, 0x00, 0x00, 0x20, 0x00, 0x00, 0x00, 0x10, 0x00, 0x00, 0x00, 0x00, 0x00, 0x00, 0x00, 
	0x00, 0x00, 0x00, 0x00, 0x00, 0x00, 0x00, 0x00, 0x00, 0x10, 0x00, 0x00, 0x00, 0x00, 0x00, 0x00, 
	0x00, 0x12, 0x00, 0x00, 0x00, 0x00, 0xC0, 0x80, 0x00, 0x00, 0x83, 0x60, 0x00, 0x0C, 0x80, 0x01, 
	0x00, 0x00, 0x06, 0x00, 0x00, 0x00, 0x00, 0x03, 0x00, 0x00, 0x00, 0x00, 0x00, 0x20, 0x08, 0x50, 
	0xFA, 0x80, 0x41, 0x18, 0x00, 0x00, 0x20, 0x00, 0x06, 0x00, 0x03, 0x62, 0x00, 0x0C, 0x60, 0x00, 
	0x08, 0x80, 0x01, 0xC0, 0x00, 0x18, 0x04, 0x81, 0x20, 0x00, 0x0C, 0x40, 0x00, 0x30, 0x00, 0x00, 
	0x00, 0x00, 0x00, 0x00, 0x00, 0x00, 0x02, 0x00, 0x00, 0x00, 0x00, 0x00, 0x00, 0x00, 0x80, 0x01, 
	0x0C, 0x00, 0x06, 0x80, 0x00, 0x1E, 0xC0, 0x03, 0x18, 0x00, 0x00, 0xE0, 0x01, 0x30, 0x08, 0x00, 
	0xF0, 0x00, 0x18, 0x04, 0x00, 0x00, 0x00, 0x0C, 0xC2, 0x01, 0x18, 0x08, 0xA8, 0xF8, 0x80, 0x11, 
	0xA4, 0x20, 0x44, 0x12, 0x00, 0x02, 0x00, 0x08, 0x40, 0x10, 0x48, 0x04, 0x00, 0x04, 0x00, 0x00, 
	0xC0, 0x00, 0x40, 0x00, 0x00, 0x40, 0x21, 0x0C, 0x20, 0x00, 0x00, 0x41, 0x00, 0x00, 0x00, 0x00, 
	0x00, 0x00, 0x00, 0x08, 0x00, 0x00, 0x00, 0x00, 0x00, 0x00, 0x00, 0x04, 0x90, 0x00, 0x00, 0x40, 
	0xC2, 0x24, 0x1A, 0x00, 0x03, 0x08, 0x12, 0x00, 0x80, 0x01, 0x00, 0x01, 0x00, 0xD0, 0x00, 0x00, 
	0x00, 0x00, 0x00, 0x00, 0x20, 0x20, 0x08, 0x05, 0x02, 0x12, 0xFE, 0x00, 0x08, 0x02, 0x21, 0x40, 
	0xC2, 0x82, 0x18, 0x00, 0x00, 0x20, 0x01, 0x04, 0x84, 0x09, 0x30, 0x11, 0x16, 0x01, 0x40, 0x88, 
	0x04, 0x60, 0x00, 0x04, 0x40, 0x90, 0x41, 0x80, 0x40, 0x00, 0x00, 0x00, 0x00, 0x00, 0x00, 0x00, 
	0x00, 0x00, 0x00, 0x00, 0x00, 0x00, 0x00, 0x00, 0x80, 0x40, 0x30, 0x12, 0x10, 0xC2, 0x84, 0x80, 
	0x08, 0x10, 0x00, 0x02, 0x80, 0x81, 0x01, 0x30, 0x00, 0x10, 0x00, 0x24, 0x18, 0x00, 0x08, 0x00, 
	0x00, 0x0C, 0x00, 0x04, 0x11, 0x01, 0xA8, 0xFE, 0xE0, 0x01, 0x28, 0x80, 0x07, 0xF0, 0x00, 0x1E, 
	0xC4, 0x03, 0x79, 0x20, 0x0B, 0xC0, 0x01, 0x3D, 0x80, 0x07, 0x30, 0x00, 0x16, 0xC0, 0x00, 0x58, 
	0x40, 0x03, 0xE0, 0x01, 0x0C, 0x80, 0x04, 0x00, 0x00, 0x00, 0x00, 0x00, 0x00, 0x40, 0x02, 0x00, 
	0x00, 0x00, 0x00, 0x00, 0x00, 0x60, 0x01, 0x3C, 0x80, 0x07, 0x70, 0x00, 0x06, 0xC0, 0x00, 0x59, 
	0x10, 0x01, 0xC0, 0x01, 0x04, 0x80, 0x00, 0x31, 0x00, 0x02, 0x40, 0x80, 0x00, 0x00, 0x01, 0xE0, 
	0x01, 0x0C, 0x10, 0xD8, 0xF8, 0x80, 0x00, 0x10, 0x00, 0x00, 0xC0, 0x00, 0x18, 0x00, 0x03, 0x60, 
	0x10, 0x04, 0x80, 0x01, 0x30, 0x00, 0x06, 0x00, 0x00, 0x00, 0x00, 0x00, 0x00, 0x40, 0x00, 0x80, 
	0x01, 0x00, 0x00, 0x00, 0x00, 0x00, 0x00, 0x00, 0x00, 0x00, 0x08, 0x00, 0x00, 0x00, 0x00, 0x00, 
	0x00, 0x00, 0x84, 0x00, 0x31, 0x00, 0x00, 0x00, 0x00, 0x00, 0x00, 0x00, 0x60, 0x10, 0x0C, 0x80, 
	0x01, 0x00, 0x00, 0x06, 0x00, 0x40, 0x00, 0x00, 0x03, 0x00, 0x00, 0x00, 0x00, 0x80, 0x00, 0x00, 
	0x51, 0xF8, 0x00, 0x05, 0xA2, 0x10, 0x86, 0xC0, 0x00, 0x18, 0x00, 0x0B, 0x62, 0x01, 0x08, 0x84, 
	0x01, 0x30, 0x00, 0x06, 0x00, 0x40, 0x00, 0x02, 0x20, 0x41, 0x01, 0x00, 0x81, 0x01, 0x30, 0x42, 
	0x09, 0x00, 0x00, 0x00, 0x00, 0x00, 0x00, 0x82, 0x00, 0x00, 0x00, 0x00, 0x00, 0x00, 0x00, 0x85, 
	0x09, 0x30, 0x00, 0x06, 0x28, 0x42, 0x40, 0x08, 0x00, 0x60, 0x02, 0x0C, 0x80, 0x01, 0x30, 0x00, 
	0x06, 0x00, 0x04, 0x18, 0x00, 0x03, 0x00, 0x00, 0x0C, 0x00, 0x08, 0x20, 0x11, 0xF0, 0xFA, 0x10, 
	0x00, 0x04, 0x00, 0x10, 0x90, 0x18, 0x02, 0x40, 0x20, 0x6A, 0x0C, 0x01, 0x08, 0x40, 0x04, 0x00, 
	0xC0, 0xD0, 0x00, 0x00, 0x48, 0x20, 0x09, 0x02, 0x01, 0x00, 0x88, 0x04, 0x10, 0x00, 0x00, 0x00, 
	0x00, 0x00, 0x00, 0x00, 0x20, 0x02, 0x00, 0x00, 0x00, 0x00, 0x00, 0x00, 0x20, 0x11, 0x00, 0x80, 
	0x00, 0x90, 0x10, 0x02, 0x11, 0x00, 0x00, 0x04, 0x01, 0x20, 0x00, 0x94, 0x80, 0x00, 0x50, 0x02, 
	0x12, 0x42, 0x00, 0x68, 0x00, 0x45, 0x22, 0x00, 0x04, 0x00, 0xF0, 0xFB, 0x00, 0x80, 0x00, 0x20, 
	0x00, 0x04, 0x00, 0x00, 0x00, 0x01, 0x40, 0x00, 0x00, 0x00, 0x00, 0x00, 0x00, 0x00, 0xC0, 0x00, 
	0x00, 0x00, 0x00, 0x00, 0x20, 0x0C, 0x02, 0x00, 0x20, 0x00, 0x00, 0x00, 0x00, 0x00, 0x00, 0x00, 
	0x00, 0x04, 0x00, 0x00, 0x00, 0x00, 0x00, 0x00, 0x00, 0x82, 0x81, 0x00, 0x00, 0x00, 0xC2, 0x00, 
	0x00, 0x00, 0x00, 0x00, 0x10, 0x00, 0x00, 0x00, 0x00, 0x10, 0x00, 0x80, 0x80, 0x00, 0x00, 0x00, 
	0x60, 0x00, 0x08, 0x00, 0x00, 0x00, 0x00, 0xD8, 0xF9, 0x40, 0x00, 0x00, 0x00, 0x01, 0x00, 0x00, 
	0x04, 0x00, 0x00, 0x60, 0x00, 0x0C, 0x64, 0x00, 0x30, 0x88, 0x01, 0xC0, 0x20, 0x04, 0x00, 0x81, 
	0x20, 0x00, 0x0A, 0x40, 0x00, 0x10, 0x00, 0x02, 0x00, 0x00, 0x00, 0x00, 0x00, 0x00, 0x10, 0x01, 
	0x00, 0x00, 0x00, 0x00, 0x00, 0x00, 0x08, 0x01, 0x00, 0x00, 0x06, 0x84, 0x20, 0x00, 0x00, 0x00, 
	0x78, 0x00, 0x0C, 0x60, 0x00, 0x10, 0x08, 0x06, 0x40, 0x20, 0x10, 0x08, 0x03, 0x00, 0x00, 0x07, 
	0x84, 0x41, 0x0C, 0x00, 0x90, 0xFF, 0x2C, 0x00, 0x80, 0xA0, 0x00, 0xC0, 0x48, 0x02, 0x00, 0x10, 
	0x41, 0x11, 0x4C, 0x00, 0x00, 0x30, 0x01, 0x00, 0xC0, 0x00, 0x02, 0x00, 0x00, 0x00, 0x0A, 0x85, 
	0x30, 0x00, 0xA0, 0x40, 0x02, 0x00, 0x00, 0x00, 0x00, 0x00, 0x00, 0x00, 0x01, 0x00, 0x00, 0x00, 
	0x00, 0x00, 0x00, 0x80, 0x49, 0x00, 0x00, 0x44, 0xC0, 0x02, 0x80, 0x04, 0x00, 0x60, 0x00, 0x40, 
	0x30, 0x00, 0x80, 0x00, 0x00, 0x81, 0x02, 0x80, 0x00, 0x80, 0x00, 0x00, 0x89, 0x80, 0x05, 0x04, 
	0x00, 0xAA, 0xFB, 0x84, 0x89, 0x00, 0x40, 0x26, 0x02, 0x00, 0x18, 0x03, 0x20, 0x20, 0x24, 0x80, 
	0x81, 0x85, 0x00, 0x12, 0x06, 0x01, 0x08, 0x18, 0x02, 0x10, 0x00, 0x24, 0x8C, 0x81, 0x51, 0x00, 
	0x92, 0x00, 0x00, 0x00, 0x00, 0x00, 0x00, 0x00, 0x62, 0x00, 0x00, 0x00, 0x00, 0x00, 0x00, 0x00, 
	0x84, 0x01, 0x00, 0x00, 0x12, 0xC2, 0x44, 0x00, 0x00, 0x00, 0x60, 0x10, 0x0C, 0x80, 0x51, 0x10, 
	0x00, 0x06, 0x40, 0x00, 0x08, 0x00, 0x03, 0x00, 0x01, 0x08, 0x00, 0x10, 0x32, 0x00, 0xC8, 0xF9, 
	0xE8, 0x01, 0x0C, 0x80, 0x07, 0x70, 0x20, 0x1E, 0xC0, 0x00, 0x7A, 0x00, 0x0B, 0xC0, 0x01, 0x3C, 
	0x80, 0x07, 0xF0, 0x40, 0x1E, 0xC0, 0x00, 0x19, 0x00, 0x0F, 0xE0, 0x01, 0x2C, 0x00, 0x00, 0x00, 
	0x00, 0x00, 0x00, 0x00, 0x00, 0x00, 0x01, 0x00, 0x00, 0x00, 0x00, 0x00, 0x00, 0xE0, 0x00, 0x01, 
	0x80, 0x07, 0x70, 0x00, 0x06, 0x08, 0x00, 0x78, 0x00, 0x01, 0xE0, 0x01, 0x1C, 0x80, 0x00, 0xB0, 
	0x40, 0x0E, 0x40, 0x00, 0x18, 0x40, 0x03, 0xE0, 0x01, 0x3C, 0x10, 0xB0, 0xFC, 0x90, 0x01, 0x00, 
	0x00, 0x06, 0xC0, 0x00, 0x18, 0x00, 0x00, 0x60, 0x10, 0x00, 0x80, 0x01, 0x00, 0x08, 0x06, 0xC0, 
	0x40, 0x18, 0x00, 0x00, 0x00, 0x00, 0x08, 0x84, 0x01, 0x00, 0x80, 0x04, 0x00, 0x00, 0x00, 0x00, 
	0x00, 0x00, 0x40, 0x00, 0x00, 0x00, 0x00, 0x00, 0x00, 0x00, 0x00, 0x00, 0x00, 0x00, 0x02, 0x00, 
	0x00, 0x00, 0x00, 0x00, 0x60, 0x00, 0x00, 0x80, 0x01, 0x10, 0x00, 0x00, 0x40, 0x00, 0x08, 0x00, 
	0x00, 0x00, 0x10, 0x08, 0x00, 0x00, 0x30, 0x00, 0x41, 0xF8, 0x80, 0x01, 0xA0, 0x40, 0x06, 0xC0, 
	0x20, 0x18, 0x80, 0x10, 0x62, 0x01, 0x28, 0x84, 0x01, 0xB0, 0x00, 0x06, 0xC0, 0x04, 0x18, 0x00, 
	0x40, 0x00, 0x08, 0x24, 0x80, 0x01, 0x00, 0xC2, 0x00, 0x00, 0x00, 0x00, 0x00, 0x00, 0x00, 0x00, 
	0x00, 0x00, 0x00, 0x00, 0x00, 0x00, 0x00, 0x40, 0x00, 0x01, 0x00, 0x06, 0x08, 0x48, 0x10, 0x10, 
	0x00, 0x60, 0x24, 0x0C, 0xA0, 0x01, 0x10, 0x00, 0x06, 0xC0, 0x24, 0x08, 0x00, 0x03, 0x00, 0x02, 
	0x00, 0x80, 0x85, 0x30, 0x00, 0x70, 0xF8, 0x20, 0x04, 0x94, 0x80, 0x06, 0x11, 0x00, 0x5A, 0x48, 
	0x23, 0x0C, 0x00, 0x29, 0x08, 0x40, 0x00, 0x10, 0x20, 0xD2, 0x00, 0x02, 0x40, 0x23, 0x69, 0x00, 
	0x0D, 0x01, 0x30, 0x34, 0x00, 0x02, 0x00, 0x00, 0x00, 0x00, 0x00, 0x00, 0x00, 0x02, 0x00, 0x00, 
	0x00, 0x00, 0x00, 0x00, 0x20, 0x21, 0x00, 0x80, 0x12, 0x02, 0x08, 0x02, 0x00, 0x08, 0x00, 0x04, 
	0x01, 0x00, 0x00, 0x00, 0x91, 0x00, 0x50, 0x04, 0x02, 0x40, 0x00, 0x00, 0x00, 0x01, 0xA0, 0x01, 
	0x94, 0x00, 0x70, 0xFA, 0x00, 0x80, 0x00, 0x20, 0x06, 0x00, 0x00, 0x08, 0x00, 0x03, 0x00, 0x00, 
	0x04, 0x00, 0x00, 0x00, 0x00, 0x00, 0xC0, 0x00, 0x00, 0x00, 0x03, 0x60, 0x40, 0x08, 0x00, 0x00, 
	0x30, 0x00, 0x04, 0x00, 0x00, 0x00, 0x00, 0x00, 0x00, 0x00, 0x02, 0x00, 0x00, 0x00, 0x00, 0x00, 
	0x00, 0x80, 0x01, 0x00, 0x00, 0x00, 0x00, 0x40, 0x00, 0x00, 0x80, 0x00, 0x10, 0x00, 0x00, 0x00, 
	0x00, 0x00, 0x00, 0x00, 0x20, 0x00, 0x00, 0x00, 0x00, 0x00, 0x00, 0x00, 0x00, 0x00, 0x20, 0x70, 
	0xFC, 0x80, 0x01, 0x10, 0x00, 0x00, 0xC0, 0x20, 0x10, 0x00, 0x00, 0x01, 0x00, 0x0C, 0x60, 0x00, 
	0x08, 0x00, 0x01, 0xC0, 0x00, 0x04, 0x00, 0x03, 0x60, 0x20, 0x02, 0x64, 0x00, 0x30, 0x00, 0x00, 
	0x00, 0x00, 0x00, 0x00, 0x00, 0x00, 0x00, 0x00, 0x00, 0x00, 0x00, 0x00, 0x00, 0x00, 0x00, 0x01, 
	0x00, 0x00, 0x02, 0x20, 0x00, 0x00, 0xC0, 0x00, 0x78, 0x00, 0x0C, 0x00, 0x00, 0x0C, 0x00, 0x06, 
	0x42, 0x40, 0x1E, 0x00, 0x03, 0x00, 0x00, 0x0F, 0xC0, 0x81, 0x10, 0x00, 0x10, 0xFE, 0x80, 0x09, 
	0x02, 0x41, 0x44, 0xC2, 0x04, 0x18, 0x04, 0x12, 0x00, 0x00, 0x08, 0x10, 0x00, 0x04, 0x80, 0x00, 
	0xC0, 0x20, 0x02, 0x00, 0x23, 0x61, 0x01, 0x29, 0x00, 0x00, 0x30, 0x00, 0x00, 0x00, 0x00, 0x00, 
	0x00, 0x00, 0x00, 0x00, 0x00, 0x00, 0x00, 0x00, 0x00, 0x00, 0x00, 0x80, 0x41, 0x00, 0x00, 0x44, 
	0x12, 0x00, 0x00, 0x04, 0x00, 0x60, 0x00, 0x40, 0x02, 0x00, 0x04, 0x00, 0x40, 0x00, 0x00, 0x1A, 
	0x00, 0x50, 0x00, 0x00, 0x0D, 0x20, 0x10, 0x00, 0x11, 0x52, 0xFD, 0x00, 0x30, 0x00, 0x02, 0x40, 
	0x02, 0x48, 0x10, 0x21, 0x40, 0x00, 0x00, 0x40, 0x90, 0x11, 0x30, 0x11, 0x06, 0x01, 0x08, 0x98, 
	0x04, 0xA3, 0x20, 0x44, 0x84, 0x82, 0x51, 0x80, 0xC0, 0x02, 0x00, 0x00, 0x00, 0x00, 0x00, 0x00, 
	0x40, 0x01, 0x00, 0x00, 0x00, 0x00, 0x00, 0x00, 0x80, 0x85, 0x00, 0x00, 0xC0, 0xC0, 0x42, 0x40, 
	0x08, 0x03, 0x62, 0x10, 0x0C, 0x00, 0x00, 0x30, 0x09, 0x06, 0x00, 0x08, 0x18, 0x00, 0x03, 0x00, 
	0x00, 0x4C, 0x00, 0x04, 0x31, 0x09, 0x08, 0xF9, 0x60, 0x01, 0x0C, 0x90, 0x07, 0xF0, 0x00, 0x0E, 
	0xC0, 0x00, 0x18, 0x20, 0x03, 0xC0, 0x01, 0x3D, 0x80, 0x07, 0xF0, 0x40, 0x1E, 0xC0, 0x02, 0x78, 
	0x00, 0x03, 0xE0, 0x01, 0x0C, 0x00, 0x02, 0x00, 0x00, 0x00, 0x00, 0x00, 0x00, 0x00, 0x01, 0x00, 
	0x00, 0x00, 0x00, 0x00, 0x00, 0xE0, 0x00, 0x00, 0x80, 0x05, 0xF0, 0x00, 0x06, 0xC0, 0x03, 0x78, 
	0x00, 0x01, 0x00, 0x00, 0x3C, 0x80, 0x00, 0xB0, 0x40, 0x1E, 0x44, 0x00, 0x00, 0x00, 0x0F, 0xE2, 
	0x01, 0x0C, 0x00, 0x90, 0xFB, 0x00, 0x40, 0x00, 0x00, 0x00, 0x00, 0x20, 0x10, 0x08, 0x00, 0x60, 
	0x00, 0x04, 0x84, 0x01, 0x30, 0x00, 0x06, 0xC0, 0x40, 0x18, 0x00, 0x01, 0x60, 0x00, 0x04, 0x82, 
	0x01, 0x30, 0x00, 0x00, 0x00, 0x00, 0x00, 0x00, 0x00, 0x00, 0x00, 0x00, 0x00, 0x00, 0x00, 0x00, 
	0x00, 0x00, 0x00, 0x00, 0x00, 0x00, 0x00, 0xC0, 0x00, 0x00, 0x10, 0x03, 0x60, 0x00, 0x00, 0x00, 
	0x00, 0x30, 0x00, 0x00, 0x80, 0x00, 0x18, 0x00, 0x00, 0x00, 0x00, 0x0C, 0x00, 0x80, 0x00, 0x00, 
	0x79, 0xFC, 0x00, 0x01, 0x20, 0x05, 0x86, 0xC0, 0x00, 0x0C, 0x00, 0x08, 0x64, 0x20, 0x0C, 0x80, 
	0x01, 0x30, 0x00, 0x06, 0xC0, 0x04, 0x18, 0x00, 0x42, 0x60, 0x10, 0x20, 0x80, 0x01, 0x30, 0xC2, 
	0x00, 0x00, 0x00, 0x00, 0x00, 0x00, 0x00, 0x80, 0x04, 0x00, 0x00, 0x00, 0x00, 0x00, 0x00, 0x00, 
	0x90, 0x00, 0x00, 0x44, 0xC4, 0x00, 0x98, 0x00, 0x03, 0x60, 0x84, 0x0C, 0x00, 0x00, 0x30, 0x00, 
	0x06, 0x00, 0x84, 0x58, 0x08, 0x03, 0x00, 0x00, 0x2C, 0x08, 0x08, 0x00, 0x21, 0xE0, 0xF9, 0xB0, 
	0x09, 0x34, 0x84, 0x46, 0x00, 0x40, 0x1A, 0x44, 0x03, 0x68, 0x02, 0x81, 0x00, 0x40, 0x94, 0x00, 
	0xC0, 0x00, 0x02, 0x02, 0x40, 0x00, 0x29, 0x10, 0x01, 0x02, 0x88, 0x34, 0x02, 0x04, 0x00, 0x00, 
	0x00, 0x00, 0x00, 0x00, 0x00, 0x00, 0x00, 0x00, 0x00, 0x00, 0x00, 0x00, 0xA0, 0x01, 0x00, 0x80, 
	0x00, 0x00, 0x08, 0x02, 0x00, 0x08, 0x28, 0x80, 0x01, 0x20, 0x00, 0x00, 0x91, 0x00, 0x10, 0x00, 
	0x40, 0x40, 0x00, 0x00, 0x00, 0x01, 0xA0, 0x01, 0x94, 0x00, 0x28, 0xFF, 0x80, 0x81, 0x30, 0x00, 
	0x06, 0x01, 0x00, 0x08, 0x00, 0x03, 0x40, 0x20, 0x00, 0x04, 0x00, 0x00, 0x08, 0x00, 0x00, 0x80, 
	0x00, 0x00, 0x00, 0x00, 0x00, 0x04, 0x00, 0x00, 0x00, 0x10, 0x02, 0x00, 0x00, 0x00, 0x00, 0x00, 
	0x00, 0x40, 0x00, 0x00, 0x00, 0x00, 0x00, 0x00, 0x00, 0x00, 0x00, 0x00, 0x00, 0x00, 0x00, 0x80, 
	0x00, 0x08, 0x80, 0x40, 0x00, 0x00, 0x00, 0x00, 0x00, 0x00, 0x00, 0xC0, 0x00, 0x00, 0x10, 0x00, 
	0x00, 0x00, 0x00, 0x00, 0x00, 0x20, 0x08, 0xA8, 0xFF, 0x80, 0x41, 0x30, 0x00, 0x00, 0x20, 0x00, 
	0x08, 0x00, 0x00, 0x60, 0x00, 0x04, 0x64, 0x00, 0x00, 0x80, 0x01, 0x20, 0x00, 0x04, 0x00, 0x00, 
	0x60, 0x00, 0x00, 0x40, 0x00, 0x00, 0x88, 0x00, 0x00, 0x00, 0x00, 0x00, 0x00, 0x00, 0x00, 0x01, 
	0x00, 0x00, 0x00, 0x00, 0x00, 0x00, 0x80, 0x01, 0x00, 0x00, 0x00, 0x20, 0x00, 0x00, 0xC0, 0x00, 
	0x78, 0x10, 0x0C, 0x40, 0x00, 0x0C, 0x00, 0x06, 0x02, 0x80, 0x06, 0x00, 0x03, 0x00, 0x00, 0x0F, 
	0xC0, 0x01, 0x30, 0x08, 0xC8, 0xFC, 0x8C, 0x09, 0x80, 0x10, 0x44, 0x12, 0x00, 0x18, 0x05, 0x43, 
	0x40, 0x12, 0x00, 0x00, 0x00, 0xB0, 0x10, 0x00, 0x10, 0x00, 0x02, 0x00, 0x50, 0x60, 0x40, 0x80, 
	0x24, 0x00, 0xA0, 0x00, 0x00, 0x00, 0x00, 0x00, 0x00, 0x00, 0x00, 0x10, 0x00, 0x00, 0x00, 0x00, 
	0x00, 0x00, 0x00, 0x08, 0x50, 0x00, 0x00, 0x00, 0x10, 0x00, 0x00, 0x11, 0x00, 0x48, 0x00, 0x20, 
	0x22, 0x00, 0x04, 0x00, 0x20, 0x00, 0x02, 0x02, 0x00, 0x90, 0x00, 0x00, 0x0D, 0x20, 0x04, 0x02, 
	0x01, 0x28, 0xFA, 0x04, 0x08, 0x12, 0x02, 0x40, 0xC2, 0x82, 0x58, 0x08, 0x00, 0x24, 0x80, 0x00, 
	0x84, 0x05, 0x00, 0x20, 0x26, 0xC4, 0x02, 0x18, 0x03, 0x08, 0x02, 0x02, 0x40, 0x82, 0x09, 0x00, 
	0x06, 0x00, 0x00, 0x00, 0x00, 0x00, 0x00, 0x00, 0x00, 0x00, 0x00, 0x00, 0x00, 0x00, 0x00, 0x00, 
	0x01, 0x04, 0x00, 0x00, 0x10, 0xC2, 0x02, 0x80, 0x00, 0x13, 0x02, 0x10, 0x0C, 0x80, 0x05, 0xB1, 
	0x00, 0x06, 0x00, 0x42, 0x98, 0x00, 0x03, 0x00, 0x00, 0x40, 0x04, 0x04, 0x11, 0x20, 0xB0, 0xFF, 
	0xE8, 0x01, 0x2C, 0x90, 0x07, 0xF0, 0x00, 0x1E, 0xC0, 0x00, 0x78, 0x00, 0x03, 0xC0, 0x01, 0x2D, 
	0x80, 0x07, 0xF0, 0x40, 0x1E, 0xC0, 0x00, 0x58, 0x40, 0x03, 0xE0, 0x41, 0x0C, 0x00, 0x00, 0x00, 
	0x00, 0x00, 0x00, 0x00, 0x00, 0x00, 0x00, 0x00, 0x00, 0x00, 0x00, 0x00, 0x00, 0xE0, 0x41, 0x00, 
	0x80, 0x01, 0xF0, 0x80, 0x06, 0xC4, 0x03, 0x18, 0x00, 0x01, 0xE0, 0x01, 0x3C, 0x88, 0x00, 0x30, 
	0x00, 0x1E, 0x44, 0x00, 0x00, 0x00, 0x03, 0xE0, 0x01, 0x2C, 0x00, 0x10, 0xFD, 0x90, 0x00, 0x00, 
	0x20, 0x00, 0xC0, 0x00, 0x18, 0x00, 0x00, 0x61, 0x10, 0x00, 0x88, 0x01, 0x30, 0x00, 0x06, 0xC0, 
	0x00, 0x18, 0x00, 0x00, 0x02, 0x10, 0x00, 0x82, 0x01, 0x00, 0x10, 0x00, 0x00, 0x00, 0x00, 0x00, 
	0x00, 0x00, 0x00, 0x00, 0x00, 0x00, 0x00, 0x00, 0x00, 0x00, 0x80, 0x01, 0x00, 0x00, 0x06, 0xC0, 
	0x00, 0x00, 0x00, 0x03, 0x00, 0x00, 0x00, 0x80, 0x01, 0x30, 0x00, 0x00, 0x00, 0x80, 0x18, 0x00, 
	0x00, 0x00, 0x00, 0x00, 0x00, 0x80, 0x10, 0x00, 0x58, 0xFD, 0x00, 0x05, 0x22, 0x02, 0x86, 0xC0, 
	0x00, 0x58, 0x10, 0x20, 0x60, 0x01, 0x20, 0x80, 0x01, 0x30, 0x11, 0x06, 0xC0, 0x00, 0x18, 0x00, 
	0x12, 0x40, 0x04, 0x20, 0x80, 0x01, 0x00, 0x00, 0x00, 0x00, 0x00, 0x00, 0x00, 0x00, 0x00, 0x00, 
	0x00, 0x00, 0x00, 0x00, 0x00, 0x00, 0x00, 0x80, 0x81, 0x00, 0x00, 0x26, 0xC2, 0x00, 0x10, 0x02, 
	0x03, 0x00, 0x12, 0x0C, 0xA0, 0x01, 0x30, 0x00, 0x06, 0x00, 0x04, 0x18, 0x00, 0x03, 0x00, 0x00, 
	0x20, 0x02, 0x08, 0x20, 0x40, 0xE8, 0xFD, 0x00, 0x00, 0x80, 0x08, 0x10, 0x00, 0x42, 0x02, 0x40, 
	0x00, 0x28, 0x04, 0x0D, 0x21, 0x00, 0x80, 0x10, 0x20, 0x92, 0x04, 0x00, 0x48, 0xA0, 0x28, 0x08, 
	0x4D, 0x00, 0x88, 0x04, 0x10, 0x00, 0x00, 0x00, 0x00, 0x00, 0x00, 0x00, 0x00, 0x00, 0x00, 0x00, 
	0x00, 0x00, 0x00, 0x00, 0x00, 0x04, 0x00, 0x84, 0x00, 0x00, 0x08, 0x02, 0x00, 0x00, 0x00, 0x04, 
	0x01, 0xA0, 0x11, 0x00, 0x91, 0x00, 0x10, 0x00, 0x40, 0x40, 0x00, 0x68, 0x00, 0x01, 0x20, 0x00, 
	0xB4, 0x08, 0xA0, 0xF9, 0x00, 0x80, 0x00, 0x00, 0x00, 0x04, 0x00, 0x00, 0x00, 0x00, 0x41, 0x20, 
	0x0C, 0x00, 0x00, 0x00, 0x00, 0x00, 0x00, 0x20, 0x00, 0x00, 0x02, 0x00, 0x00, 0x08, 0x02, 0x00, 
	0x00, 0x00, 0x00, 0x00, 0x00, 0x00, 0x00, 0x00, 0x00, 0x02, 0x00, 0x00, 0x00, 0x00, 0x00, 0x00, 
	0x00, 0x01, 0x80, 0x00, 0x00, 0x00, 0x00, 0x40, 0x08, 0x08, 0x00, 0x00, 0x20, 0x00, 0x80, 0x81, 
	0x00, 0x00, 0x00, 0x00, 0x00, 0x00, 0x10, 0x00, 0x60, 0x00, 0x00, 0x00, 0x00, 0x20, 0x00, 0xA0, 
	0xF9, 0x40, 0x00, 0x0C, 0x00, 0x01, 0x20, 0x00, 0x06, 0x00, 0x80, 0x20, 0x00, 0x0C, 0x00, 0x00, 
	0x08, 0x00, 0x01, 0x00, 0x00, 0x06, 0x00, 0x00, 0x01, 0x00, 0x02, 0x44, 0x00, 0x00, 0x10, 0x00, 
	0x00, 0x00, 0x00, 0x00, 0x00, 0x00, 0x08, 0x00, 0x00, 0x00, 0x00, 0x00, 0x00, 0x00, 0x44, 0x00, 
	0x0C, 0x00, 0x06, 0x20, 0x00, 0x00, 0x00, 0x00, 0x18, 0x00, 0x0C, 0x80, 0x41, 0x0C, 0x00, 0x06, 
	0x30, 0x00, 0x06, 0x00, 0x03, 0x71, 0x00, 0x0F, 0x80, 0x01, 0x18, 0x00, 0xB8, 0xFD, 0x20, 0x00, 
	0x00, 0x80, 0x00, 0x10, 0x00, 0x02, 0x00, 0x00, 0x00, 0x84, 0x8C, 0x08, 0x00, 0x04, 0x80, 0x00, 
	0xC0, 0x02, 0x01, 0x00, 0x00, 0x00, 0x08, 0x29, 0x20, 0x00, 0x00, 0x00, 0x00, 0x00, 0x00, 0x00, 
	0x00, 0x00, 0x00, 0x10, 0x00, 0x00, 0x00, 0x00, 0x00, 0x00, 0x00, 0x28, 0x00, 0x00, 0x00, 0x40, 
	0x14, 0x00, 0x00, 0x02, 0x00, 0x08, 0x00, 0x40, 0x81, 0x11, 0x04, 0x00, 0x20, 0x01, 0x20, 0x02, 
	0x00, 0x00, 0x68, 0x00, 0x0D, 0x00, 0x50, 0x24, 0x08, 0xE8, 0xFB, 0x80, 0x11, 0x32, 0x01, 0x26, 
	0xC0, 0x82, 0x98, 0x04, 0x08, 0x00, 0x00, 0x44, 0x04, 0x04, 0x31, 0x11, 0x26, 0x04, 0x42, 0x58, 
	0x10, 0x60, 0x00, 0x24, 0x24, 0x80, 0x21, 0x80, 0x20, 0x02, 0x00, 0x00, 0x00, 0x00, 0x00, 0x00, 
	0x18, 0x01, 0x00, 0x00, 0x00, 0x00, 0x00, 0x00, 0x8C, 0x09, 0x31, 0x21, 0x00, 0xC0, 0x02, 0x80, 
	0x00, 0x00, 0x60, 0x24, 0x0C, 0x00, 0x00, 0x30, 0x01, 0x06, 0x00, 0x88, 0x58, 0x00, 0x03, 0x60, 
	0x00, 0x40, 0x84, 0x31, 0x10, 0x09, 0x80, 0xFA, 0xE0, 0x01, 0x38, 0xA0, 0x07, 0xF4, 0x00, 0x1E, 
	0xC0, 0x00, 0x19, 0x20, 0x0F, 0x60, 0x00, 0x3C, 0x80, 0x07, 0x70, 0x00, 0x1E, 0xC0, 0x00, 0x18, 
	0x00, 0x03, 0xE2, 0x01, 0x0C, 0x00, 0x07, 0x00, 0x00, 0x00, 0x00, 0x00, 0x00, 0x90, 0x03, 0x00, 
	0x00, 0x00, 0x00, 0x00, 0x00, 0xE8, 0x01, 0x3C, 0x80, 0x01, 0xF4, 0x80, 0x06, 0x04, 0x00, 0x78, 
	0x00, 0x01, 0x60, 0x81, 0x3C, 0x88, 0x00, 0x30, 0x00, 0x1E, 0x44, 0x00, 0x70, 0x00, 0x03, 0xE0, 
	0x01, 0x2C, 0x00, 0x10, 0xF9, 0x80, 0x01, 0x30, 0x00, 0x06, 0xC0, 0x00, 0x18, 0x00, 0x00, 0x00, 
	0x20, 0x04, 0x80, 0x01, 0x30, 0x00, 0x06, 0xC0, 0x00, 0x18, 0x00, 0x00, 0x00, 0x00, 0x04, 0x82, 
	0x01, 0x00, 0x88, 0x05, 0x00, 0x00, 0x00, 0x00, 0x00, 0x00, 0xD8, 0x02, 0x00, 0x00, 0x00, 0x00, 
	0x00, 0x00, 0x8C, 0x01, 0x30, 0x00, 0x00, 0xC2, 0x00, 0x00, 0x00, 0x00, 0x60, 0x00, 0x00, 0x00, 
	0x80, 0x30, 0x00, 0x00, 0x00, 0x20, 0x18, 0x00, 0x00, 0x60, 0x00, 0x00, 0x00, 0x00, 0x10, 0x00, 
	0x58, 0xFC, 0x80, 0x01, 0x30, 0x00, 0x06, 0xC0, 0x00, 0x18, 0x00, 0x0A, 0x02, 0x04, 0x28, 0x88, 
	0x09, 0x32, 0x00, 0x06, 0xC0, 0x22, 0x18, 0x00, 0x20, 0x01, 0x24, 0x00, 0x80, 0x01, 0xA0, 0x00, 
	0x04, 0x00, 0x00, 0x00, 0x00, 0x00, 0x00, 0x08, 0x02, 0x00, 0x00, 0x00, 0x00, 0x00, 0x00, 0x84, 
	0x01, 0x30, 0x00, 0x10, 0xC0, 0x00, 0x00, 0x11, 0x00, 0x60, 0x00, 0x0C, 0x00, 0x08, 0x30, 0x00, 
	0x06, 0xC0, 0x00, 0x18, 0x00, 0x03, 0x60, 0x00, 0x00, 0x82, 0x01, 0x32, 0x11, 0x28, 0xF9, 0x10, 
	0x00, 0x00, 0x00, 0x00, 0x00, 0x00, 0x00, 0x00, 0x00, 0x00, 0x00, 0x00, 0x00, 0x00, 0x00, 0x00, 
	0x00, 0x00, 0x00, 0x00, 0x00, 0x00, 0x00, 0x00, 0x00, 0x00, 0x00, 0x00, 0x00, 0x04, 0x00, 0x00, 
	0x00, 0x00, 0x00, 0x00, 0x00, 0x02, 0x00, 0x00, 0x00, 0x00, 0x00, 0x00, 0x00, 0x00, 0x00, 0x00, 
	0x00, 0x00, 0x00, 0x00, 0x00, 0x00, 0x00, 0x00, 0x00, 0x00, 0x01, 0x00, 0x00, 0x00, 0x00, 0x00, 
	0x00, 0x00, 0x00, 0x40, 0x00, 0x00, 0x00, 0x00, 0x00, 0x00, 0xBC, 0xFB, 0x20, 0x00, 0x04, 0x80, 
	0x00, 0x10, 0x00, 0x02, 0x40, 0x00, 0x08, 0x00, 0x01, 0x20, 0x00, 0x04, 0x80, 0x00, 0x10, 0x00, 
	0x02, 0x40, 0x00, 0x08, 0x00, 0x01, 0x20, 0x00, 0x04, 0x00, 0x00, 0x00, 0x00, 0x00, 0x00, 0x00, 
	0x00, 0x10, 0x00, 0x00, 0x00, 0x00, 0x00, 0x00, 0x00, 0x28, 0x00, 0x04, 0x80, 0x00, 0x10, 0x00, 
	0x02, 0x40, 0x00, 0x08, 0x00, 0x01, 0x00, 0x00, 0x04, 0x80, 0x00, 0x10, 0x00, 0x02, 0x40, 0x00, 
	0x00, 0x00, 0x01, 0x20, 0x00, 0x04, 0x00, 0x20, 0xFC, 0x00, 0x00, 0x00, 0x00, 0x00, 0x00, 0x00, 
	0x00, 0x00, 0x00, 0x00, 0x00, 0x00, 0x00, 0x00, 0x00, 0x00, 0x00, 0x00, 0x00, 0x00, 0x00, 0x00, 
	0x00, 0x00, 0x00, 0x00, 0x00, 0x00, 0x00, 0x00, 0x00, 0x00, 0x00, 0x00, 0x00, 0x00, 0x00, 0x00, 
	0x00, 0x00, 0x00, 0x00, 0x00, 0x00, 0x00, 0x00, 0x00, 0x00, 0x00, 0x00, 0x00, 0x00, 0x00, 0x00, 
	0x00, 0x00, 0x00, 0x00, 0x00, 0x00, 0x00, 0x00, 0x00, 0x00, 0x00, 0x00, 0x00, 0x00, 0x00, 0x00, 
	0x00, 0x00, 0x00, 0x00, 0x98, 0xFF, 0x2C, 0x00, 0x04, 0x80, 0x00, 0x10, 0x00, 0x02, 0x40, 0x00, 
	0x08, 0x00, 0x01, 0x20, 0x00, 0x04, 0x80, 0x00, 0x10, 0x00, 0x02, 0x40, 0x00, 0x08, 0x00, 0x01, 
	0x20, 0x00, 0x04, 0x00, 0x00, 0x00, 0x00, 0x00, 0x00, 0x00, 0x00, 0x00, 0x00, 0x00, 0x00, 0x00, 
	0x00, 0x00, 0x00, 0x20, 0x00, 0x04, 0x80, 0x00, 0x10, 0x00, 0x02, 0x40, 0x00, 0x08, 0x00, 0x01, 
	0x20, 0x00, 0x04, 0x80, 0x00, 0x10, 0x00, 0x02, 0x40, 0x00, 0x08, 0x00, 0x01, 0x20, 0x00, 0x04, 
	0x00, 0xE3, 0xF8, 0x04, 0x00, 0x00, 0x00, 0x00, 0x00, 0x00, 0x00, 0x00, 0x00, 0x00, 0x00, 0x00, 
	0x00, 0x00, 0x00, 0x00, 0x00, 0x00, 0x00, 0x00, 0x00, 0x00, 0x00, 0x00, 0x00, 0x00, 0x00, 0x00, 
	0x00, 0x00, 0x00, 0x00, 0x00, 0x00, 0x00, 0x00, 0x00, 0x00, 0x00, 0x00, 0x00, 0x00, 0x00, 0x00, 
	0x00, 0x01, 0x20, 0x00, 0x04, 0x80, 0x00, 0x00, 0x00, 0x00, 0x00, 0x00, 0x00, 0x00, 0x40, 0x00, 
	0x00, 0x00, 0x00, 0x00, 0x00, 0x00, 0x00, 0x00, 0x08, 0x00, 0x00, 0x00, 0x00, 0x00, 0x49, 0xF9, 
	0x08, 0x00, 0x00, 0x20, 0x00, 0x00, 0x00, 0x00, 0x40, 0x00, 0x08, 0x00, 0x01, 0x00, 0x80, 0x00, 
	0x00, 0x00, 0x00, 0x00, 0x00, 0x40, 0x00, 0x08, 0x00, 0x00, 0x00, 0x00, 0x04, 0x00, 0x00, 0x00, 
	0x00, 0x00, 0x00, 0x00, 0x00, 0x00, 0x00, 0x00, 0x00, 0x00, 0x00, 0x00, 0x00, 0x00, 0x00, 0x00, 
	0x00, 0x00, 0x00, 0x00, 0x00, 0x00, 0x00, 0x00, 0x00, 0x00, 0x00, 0x00, 0x00, 0x00, 0x00, 0x00, 
	0x00, 0x00, 0x00, 0x00, 0x00, 0x00, 0x00, 0x00, 0x00, 0x00, 0x00, 0x60, 0xFE, 0x10, 0x01, 0x20, 
	0x00, 0x04, 0x80, 0x00, 0x10, 0x00, 0x00, 0x00, 0x00, 0x00, 0x00, 0x01, 0x20, 0x00, 0x04, 0x80, 
	0x00, 0x10, 0x00, 0x00, 0x00, 0x00, 0x08, 0x00, 0x01, 0x00, 0x00, 0x00, 0x00, 0x00, 0x00, 0x00, 
	0x00, 0x00, 0x00, 0x00, 0x00, 0x00, 0x00, 0x00, 0x00, 0x00, 0x00, 0x00, 0x00, 0x00, 0x00, 0x00, 
	0x00, 0x10, 0x00, 0x02, 0x40, 0x00, 0x08, 0x00, 0x00, 0x20, 0x00, 0x04, 0x80, 0x00, 0x10, 0x00, 
	0x02, 0x00, 0x20, 0x08, 0x00, 0x01, 0x20, 0x00, 0x69, 0xFF, 0x20, 0x00, 0x00, 0x80, 0x00, 0x10, 
	0x00, 0x02, 0x40, 0x00, 0x08, 0x00, 0x01, 0x00, 0x00, 0x04, 0x80, 0x00, 0x10, 0x00, 0x02, 0x40, 
	0x00, 0x08, 0x00, 0x01, 0x20, 0x00, 0x04, 0x00, 0x00, 0x00, 0x00, 0x00, 0x00, 0x00, 0x00, 0x00, 
	0x00, 0x00, 0x00, 0x00, 0x00, 0x00, 0x00, 0x20, 0x00, 0x04, 0x80, 0x00, 0x10, 0x00, 0x02, 0x40, 
	0x00, 0x08, 0x00, 0x01, 0x20, 0x28, 0x04, 0x80, 0x00, 0x10, 0x00, 0x02, 0x40, 0x00, 0x08, 0x04, 
	0x01, 0x20, 0x00, 0x04, 0x00, 0x38, 0xFB, 0x00, 0x00, 0x00, 0x00, 0x00, 0x20, 0x00, 0x00, 0x00, 
	0x00, 0x00, 0x00, 0x00, 0x01, 0x00, 0x08, 0x00, 0x00, 0x00, 0x00, 0x00, 0x00, 0x40, 0x00, 0x40, 
	0x00, 0x00, 0x00, 0x00, 0x00, 0x00, 0x00, 0x00, 0x00, 0x00, 0x00, 0x01, 0x00, 0x00, 0x00, 0x00, 
	0x00, 0x00, 0x00, 0x00, 0x00, 0x00, 0x00, 0x00, 0x00, 0x01, 0x00, 0x00, 0x00, 0x00, 0x00, 0x00, 
	0x00, 0x00, 0x00, 0x00, 0x00, 0x00, 0x00, 0x00, 0x00, 0x00, 0x00, 0x00, 0x00, 0x00, 0x00, 0x00, 
	0x00, 0x00, 0x90, 0xF9, 0x00, 0x00, 0x00, 0x00, 0x00, 0x00, 0x00, 0x00, 0x00, 0x00, 0x00, 0x00, 
	0x00, 0x00, 0x00, 0x00, 0x00, 0x00, 0x00, 0x00, 0x00, 0x00, 0x00, 0x20, 0x00, 0x00, 0x00, 0x00, 
	0x00, 0x00, 0x00, 0x00, 0x00, 0x00, 0x00, 0x00, 0x00, 0x00, 0x00, 0x00, 0x00, 0x04, 0x00, 0x00, 
	0x00, 0x00, 0x00, 0x00, 0x00, 0x00, 0x00, 0x00, 0x00, 0x00, 0x00, 0x00, 0x00, 0x00, 0x00, 0x00, 
	0x00, 0x00, 0x00, 0x00, 0x00, 0x00, 0x00, 0x00, 0x00, 0x00, 0x00, 0x00, 0x00, 0x00, 0x00, 0xD8, 
	0xFD, 0x00, 0x00, 0x00, 0x00, 0x00, 0x00, 0x00, 0x00, 0x00, 0x00, 0x80, 0x20, 0x00, 0x00, 0x00, 
	0x01, 0x00, 0x00, 0x00, 0x01, 0x00, 0x00, 0x00, 0x20, 0x00, 0x00, 0x00, 0x00, 0x00, 0x00, 0x00, 
	0x00, 0x00, 0x00, 0x00, 0x00, 0x00, 0x00, 0x00, 0x00, 0x20, 0x00, 0x00, 0x00, 0x00, 0x00, 0x00, 
	0x00, 0x00, 0x00, 0x00, 0x00, 0x02, 0x02, 0x00, 0x00, 0x00, 0x00, 0x00, 0x00, 0x00, 0x00, 0x00, 
	0x00, 0x10, 0x00, 0x00, 0x00, 0x00, 0x00, 0x00, 0x40, 0x00, 0x00, 0x00, 0x90, 0xFA, 0x00, 0x00, 
	0x00, 0x00, 0x04, 0x01, 0x00, 0x00, 0x00, 0x05, 0x00, 0x00, 0x00, 0x08, 0x00, 0x00, 0x00, 0x00, 
	0x00, 0x20, 0x00, 0x00, 0x00, 0x00, 0x20, 0x00, 0x20, 0x00, 0x00, 0x00, 0x00, 0x00, 0x80, 0x20, 
	0x00, 0x00, 0x00, 0x00, 0x00, 0x00, 0x00, 0x10, 0x00, 0x00, 0x00, 0x00, 0x00, 0x00, 0x00, 0x00, 
	0x02, 0x00, 0x00, 0x00, 0x00, 0x00, 0x00, 0x00, 0x00, 0x00, 0x40, 0x00, 0x00, 0x40, 0x00, 0x00, 
	0x40, 0x00, 0x00, 0x00, 0x00, 0x00, 0x00, 0x20, 0x00, 0xB8, 0xFD, 0x00, 0x00, 0x00, 0x80, 0x00, 
	0x10, 0x00, 0x00, 0x00, 0x00, 0x00, 0x00, 0x00, 0x00, 0x02, 0x00, 0x00, 0x00, 0x00, 0x00, 0x00, 
	0x00, 0x00, 0x00, 0x20, 0x00, 0x00, 0x00, 0x00, 0x00, 0x00, 0x00, 0x00, 0x00, 0x00, 0x00, 0x00, 
	0x00, 0x00, 0x00, 0x00, 0x00, 0x00, 0x00, 0x00, 0x80, 0x00, 0x00, 0x00, 0x00, 0x00, 0x00, 0x00, 
	0x00, 0x00, 0x00, 0x00, 0x00, 0x00, 0x00, 0x00, 0x00, 0x00, 0x00, 0x00, 0x00, 0x00, 0x00, 0x00, 
	0x00, 0x00, 0x00, 0x00, 0x00, 0x00, 0xDC, 0xFA, 0x00, 0x02, 0x00, 0x00, 0x00, 0x00, 0x00, 0x00, 
	0x00, 0x00, 0x00, 0x00, 0x00, 0x00, 0x00, 0x00, 0x00, 0x00, 0x80, 0x00, 0x20, 0x02, 0x00, 0x00, 
	0x00, 0x00, 0x00, 0x00, 0x00, 0x00, 0x00, 0x00, 0x00, 0x00, 0x00, 0x00, 0x00, 0x00, 0x00, 0x00, 
	0x00, 0x00, 0x00, 0x00, 0x00, 0x00, 0x00, 0x00, 0x00, 0x00, 0x00, 0x00, 0x00, 0x00, 0x00, 0x00, 
	0x00, 0x00, 0x00, 0x00, 0x00, 0x00, 0x00, 0x00, 0x00, 0x00, 0x00, 0x00, 0x00, 0x00, 0x00, 0x80, 
	0x00, 0x01, 0x10, 0xB0, 0xFD, 0x00, 0x00, 0x00, 0x20, 0x04, 0x00, 0x40, 0x08, 0x10, 0x00, 0x10, 
	0x00, 0x04, 0x04, 0x00, 0x04, 0x04, 0x81, 0x00, 0x00, 0x00, 0x04, 0x00, 0x00, 0x00, 0x04, 0x00, 
	0x40, 0x00, 0x00, 0x00, 0x00, 0x00, 0x00, 0x00, 0x00, 0x00, 0x00, 0x00, 0x00, 0x00, 0x00, 0x00, 
	0x00, 0x00, 0x00, 0x00, 0x00, 0x00, 0x00, 0x01, 0x00, 0x08, 0x04, 0x00, 0x00, 0x00, 0x00, 0x00, 
	0x00, 0x00, 0x08, 0x02, 0x41, 0x20, 0x00, 0x00, 0x81, 0x00, 0x00, 0x00, 0x02, 0x00, 0x20, 0x00, 
	0xF0, 0xFB, 0x00, 0x00, 0x01, 0x00, 0x01, 0x02, 0x00, 0x00, 0x00, 0x80, 0x00, 0x00, 0x00, 0x40, 
	0x00, 0x08, 0x80, 0x00, 0x40, 0x40, 0x00, 0x40, 0x00, 0x21, 0x00, 0x00, 0x00, 0x00, 0x10, 0x00, 
	0x00, 0x00, 0x00, 0x00, 0x00, 0x00, 0x00, 0x00, 0x00, 0x00, 0x00, 0x00, 0x00, 0x00, 0x00, 0x40, 
	0x00, 0x10, 0x00, 0x00, 0x80, 0x20, 0x00, 0x10, 0x01, 0x20, 0x10, 0x04, 0x02, 0x00, 0x00, 0x00, 
	0x00, 0x00, 0x00, 0x10, 0x08, 0x00, 0x00, 0x40, 0x00, 0x00, 0x00, 0x01, 0x00, 0xF8, 0xF9, 0x00, 
	0x40, 0xA1, 0x90, 0xB5, 0x04, 0x40, 0x04, 0x08, 0x0A, 0xD2, 0x10, 0x2A, 0x24, 0x28, 0x0C, 0x95, 
	0x01, 0x12, 0x80, 0x80, 0x4A, 0x00, 0x4A, 0x0B, 0x2A, 0x00, 0xAD, 0x04, 0x08, 0x00, 0x00, 0x00, 
	0x00, 0x00, 0x00, 0x00, 0x00, 0x00, 0x00, 0x00, 0x00, 0x00, 0x00, 0x00, 0x20, 0x00, 0x04, 0x00, 
	0x14, 0x12, 0x80, 0x04, 0x5C, 0x06, 0x08, 0x4A, 0x69, 0x09, 0x00, 0x00, 0x10, 0x15, 0x23, 0x54, 
	0x32, 0x90, 0x00, 0x01, 0x40, 0x00, 0x04, 0x45, 0x09, 0x00, 0xF0, 0xFD, 0x80, 0x00, 0x21, 0x50, 
	0x80, 0x00, 0x00, 0x10, 0x86, 0x81, 0x22, 0x12, 0x04, 0x17, 0x41, 0x70, 0x56, 0x84, 0x81, 0x2A, 
	0x84, 0x04, 0x83, 0x25, 0x08, 0x20, 0x01, 0x80, 0x22, 0x50, 0x00, 0x00, 0x00, 0x00, 0x00, 0x00, 
	0x00, 0x00, 0x00, 0x00, 0x00, 0x00, 0x00, 0x00, 0x00, 0x00, 0x00, 0x10, 0x00, 0x02, 0x80, 0x14, 
	0xC0, 0x80, 0x2A, 0x4A, 0x00, 0x08, 0x8A, 0x00, 0x00, 0x08, 0x0A, 0x00, 0x24, 0x00, 0x04, 0x80, 
	0x20, 0x50, 0x9C, 0x08, 0x05, 0x00, 0x06, 0x80, 0xFF, 0x10, 0x01, 0x00, 0x00, 0x00, 0x00, 0x00, 
	0x00, 0x04, 0x02, 0x21, 0x20, 0x01, 0x02, 0x80, 0x08, 0x00, 0x00, 0x02, 0x20, 0x00, 0x04, 0x01, 
	0x12, 0x00, 0x00, 0x00, 0x00, 0x00, 0x00, 0x00, 0x00, 0x00, 0x00, 0x00, 0x00, 0x00, 0x00, 0x00, 
	0x00, 0x00, 0x00, 0x00, 0x00, 0x00, 0x00, 0x00, 0x10, 0x00, 0x02, 0x00, 0x00, 0x00, 0x00, 0x00, 
	0x00, 0x00, 0x00, 0x82, 0x00, 0x00, 0x08, 0x02, 0x00, 0x20, 0x00, 0x04, 0x80, 0x10, 0x08, 0x04, 
	0x00, 0x00, 0x00, 0x00, 0xF8, 0xF8, 0x00, 0x00, 0x04, 0x00, 0x00, 0x04, 0x00, 0x08, 0x10, 0x00, 
	0x00, 0x00, 0x00, 0x81, 0x00, 0x10, 0x88, 0x00, 0x41, 0x00, 0x00, 0x40, 0x00, 0x00, 0x40, 0x00, 
	0x02, 0x00, 0x10, 0x00, 0x00, 0x00, 0x00, 0x00, 0x00, 0x00, 0x00, 0x00, 0x00, 0x00, 0x00, 0x00, 
	0x00, 0x00, 0x00, 0x00, 0x00, 0x00, 0x00, 0x00, 0x40, 0x20, 0x00, 0x00, 0x01, 0x20, 0x00, 0x04, 
	0x00, 0x00, 0x00, 0x00, 0x00, 0x00, 0x00, 0x00, 0x00, 0x00, 0x00, 0x00, 0x02, 0x40, 0x00, 0x00, 
	0x08, 0x7C, 0xFE, 0x00, 0x01, 0x00, 0x00, 0x00, 0x00, 0x00, 0x00, 0x00, 0x00, 0x01, 0x00, 0x00, 
	0x00, 0x00, 0x00, 0x00, 0x00, 0x00, 0x00, 0x04, 0x00, 0x00, 0x00, 0x00, 0x00, 0x00, 0x00, 0x00, 
	0x00, 0x00, 0x00, 0x00, 0x00, 0x00, 0x00, 0x00, 0x00, 0x00, 0x00, 0x00, 0x00, 0x00, 0x00, 0x00, 
	0x00, 0x00, 0x00, 0x00, 0x00, 0x00, 0x00, 0x00, 0x00, 0x00, 0x80, 0x00, 0x00, 0x00, 0x00, 0x00, 
	0x00, 0x00, 0x00, 0x00, 0x00, 0x00, 0x00, 0x00, 0x00, 0x00, 0x00, 0x00, 0x00, 0x00, 0xD0, 0xFF, 
	0x00, 0x00, 0x00, 0x00, 0x00, 0x00, 0x00, 0x00, 0x00, 0x00, 0x00, 0x00, 0x00, 0x10, 0x00, 0x00, 
	0x00, 0x00, 0x00, 0x00, 0x00, 0x00, 0x00, 0x00, 0x00, 0x00, 0x00, 0x00, 0x00, 0x00, 0x00, 0x00, 
	0x00, 0x00, 0x00, 0x00, 0x00, 0x00, 0x00, 0x00, 0x00, 0x00, 0x00, 0x00, 0x00, 0x00, 0x00, 0x00, 
	0x00, 0x00, 0x00, 0x00, 0x00, 0x00, 0x00, 0x00, 0x00, 0x00, 0x00, 0x00, 0x00, 0x00, 0x00, 0x20, 
	0x00, 0x02, 0x80, 0x00, 0x00, 0x01, 0x00, 0x00, 0x00, 0x00, 0x00, 0x18, 0xFF, 0x00, 0x00, 0x00, 
	0x00, 0x00, 0x00, 0x02, 0x00, 0x00, 0x00, 0x40, 0x10, 0x00, 0x00, 0x00, 0x00, 0x00, 0x00, 0x00, 
	0x00, 0x00, 0x00, 0x00, 0x00, 0x00, 0x00, 0x00, 0x00, 0x00, 0x00, 0x00, 0x00, 0x00, 0x00, 0x00, 
	0x00, 0x00, 0x00, 0x00, 0x00, 0x00, 0x00, 0x00, 0x00, 0x00, 0x00, 0x00, 0x00, 0x00, 0x00, 0x00, 
	0x00, 0x40, 0x10, 0x00, 0x40, 0x00, 0x00, 0x00, 0x00, 0x00, 0x00, 0x00, 0x20, 0x02, 0x00, 0x00, 
	0x00, 0x00, 0x00, 0x00, 0x00, 0x00, 0x00, 0x00, 0xD8, 0xFB, 0x00, 0x00, 0x02, 0x00, 0x08, 0x00, 
	0x40, 0x00, 0x00, 0x00, 0x00, 0x00, 0x04, 0x00, 0x00, 0x00, 0x08, 0x00, 0x00, 0x10, 0x00, 0x20, 
	0x00, 0x00, 0x00, 0x00, 0x00, 0x00, 0x00, 0x00, 0x04, 0x00, 0x00, 0x00, 0x00, 0x00, 0x00, 0x00, 
	0x00, 0x01, 0x00, 0x00, 0x00, 0x00, 0x00, 0x00, 0x00, 0x04, 0x00, 0x00, 0x00, 0x00, 0x00, 0x00, 
	0x00, 0x00, 0x00, 0x00, 0x20, 0x00, 0x00, 0x00, 0x00, 0x00, 0x00, 0x00, 0x00, 0x00, 0x20, 0x00, 
	0x00, 0x00, 0x00, 0x00, 0x00, 0xB8, 0xFF, 0x00, 0x00, 0x00, 0x00, 0x10, 0x00, 0x00, 0x00, 0x00, 
	0x00, 0x00, 0x00, 0x00, 0x00, 0x00, 0x00, 0x00, 0x00, 0x00, 0x00, 0x00, 0x00, 0x00, 0x00, 0x00, 
	0x00, 0x00, 0x00, 0x00, 0x00, 0x00, 0x20, 0x00, 0x00, 0x00, 0x00, 0x00, 0x00, 0x00, 0x00, 0x00, 
	0x00, 0x00, 0x00, 0x00, 0x00, 0x06, 0x00, 0x00, 0x00, 0x00, 0x20, 0x00, 0x00, 0x00, 0x00, 0x00, 
	0x00, 0x00, 0x02, 0x00, 0x00, 0x00, 0x00, 0x00, 0x04, 0x00, 0x00, 0x00, 0x00, 0x00, 0x00, 0x00, 
	0x00, 0x10, 0xE8, 0xFB, 0x00, 0x00, 0x00, 0x00, 0x00, 0x00, 0x00, 0x04, 0x00, 0x00, 0x00, 0x00, 
	0x00, 0x00, 0x00, 0x00, 0x00, 0x00, 0x00, 0x00, 0x02, 0x00, 0x00, 0x00, 0x00, 0x00, 0x00, 0x00, 
	0x00, 0x00, 0x00, 0x00, 0x00, 0x00, 0x00, 0x00, 0x00, 0x00, 0x02, 0x00, 0x00, 0x00, 0x00, 0x00, 
	0x00, 0x00, 0x00, 0x00, 0x00, 0x00, 0x00, 0x00, 0x00, 0x00, 0x00, 0x00, 0x01, 0x00, 0x00, 0x00, 
	0x00, 0x00, 0x00, 0x00, 0x00, 0x00, 0x00, 0x00, 0x00, 0x00, 0x00, 0x00, 0x80, 0x00, 0x00, 0x08, 
	0xFB, 0x00, 0x04, 0x03, 0x00, 0x04, 0x80, 0x00, 0x00, 0x00, 0x00, 0x00, 0x00, 0x02, 0x00, 0x00, 
	0x00, 0x00, 0x00, 0x00, 0x00, 0x13, 0x80, 0x02, 0x40, 0x00, 0x00, 0x00, 0x00, 0x00, 0x00, 0x00, 
	0x00, 0x00, 0x08, 0x00, 0x00, 0x00, 0x00, 0x00, 0x00, 0x00, 0x00, 0x00, 0x00, 0x00, 0x00, 0x00, 
	0x00, 0x00, 0x00, 0x00, 0x00, 0x00, 0x00, 0x00, 0x00, 0x00, 0x00, 0x00, 0x00, 0x00, 0x00, 0x00, 
	0x00, 0x01, 0x00, 0x00, 0x00, 0x00, 0x00, 0x00, 0x00, 0x00, 0x00, 0x00, 0xB8, 0xFB, 0x02, 0x00, 
	0x00, 0x00, 0x00, 0x00, 0x00, 0x00, 0x00, 0x00, 0x00, 0x00, 0x00, 0x00, 0x00, 0x00, 0x00, 0x00, 
	0x00, 0x00, 0x00, 0x00, 0x00, 0x08, 0x00, 0x00, 0x00, 0x00, 0x00, 0x00, 0x00, 0x00, 0x00, 0x00, 
	0x00, 0x80, 0x00, 0x00, 0x00, 0x00, 0x00, 0x00, 0x04, 0x40, 0x00, 0x00, 0x00, 0x00, 0x00, 0x00, 
	0x00, 0x10, 0x00, 0x00, 0x00, 0x10, 0x00, 0x10, 0x00, 0x00, 0x30, 0x00, 0x00, 0x00, 0x00, 0x00, 
	0x00, 0x00, 0x00, 0x00, 0x00, 0x00, 0x00, 0x00, 0x00, 0x90, 0xFC, 0x60, 0x00, 0x00, 0x00, 0x00, 
	0x00, 0x10, 0x00, 0x00, 0x00, 0x10, 0x00, 0x11, 0x00, 0x00, 0x00, 0x00, 0x00, 0x40, 0x00, 0x00, 
	0x42, 0x00, 0x08, 0x00, 0x08, 0x00, 0x00, 0x00, 0x00, 0x80, 0x00, 0x00, 0x00, 0x00, 0x00, 0x02, 
	0x00, 0x40, 0x10, 0x00, 0x08, 0x00, 0x00, 0x00, 0x00, 0x00, 0x00, 0x00, 0x00, 0x00, 0x00, 0x00, 
	0x00, 0x08, 0x00, 0x00, 0x00, 0x00, 0x00, 0x00, 0x00, 0x01, 0x00, 0x00, 0x00, 0x00, 0x00, 0x00, 
	0x00, 0x00, 0x00, 0x20, 0x00, 0x00, 0xD8, 0xFB, 0x40, 0x00, 0x01, 0x00, 0x00, 0x00, 0x00, 0x00, 
	0x00, 0x40, 0x00, 0x00, 0x08, 0x00, 0x00, 0x00, 0x00, 0x00, 0x00, 0x00, 0x00, 0x00, 0x00, 0x00, 
	0x00, 0x01, 0x00, 0x00, 0x00, 0x00, 0x00, 0x00, 0x40, 0x00, 0x00, 0x00, 0x00, 0x00, 0x00, 0x00, 
	0x00, 0x00, 0x00, 0x00, 0x00, 0x00, 0x00, 0x00, 0x00, 0x80, 0x00, 0x02, 0x00, 0x00, 0x00, 0x00, 
	0x00, 0x04, 0x00, 0x00, 0x00, 0x00, 0x00, 0x00, 0x00, 0x00, 0x04, 0x00, 0x00, 0x00, 0x00, 0x00, 
	0x00, 0x00, 0x00, 0xA8, 0xF8, 0x00, 0x00, 0x00, 0x08, 0x00, 0x00, 0x00, 0x00, 0x00, 0x00, 0x00, 
	0x40, 0x00, 0x00, 0x00, 0x00, 0x00, 0x00, 0x00, 0x00, 0x00, 0x00, 0x00, 0x00, 0x00, 0x00, 0x00, 
	0x00, 0x18, 0x10, 0x00, 0x00, 0x00, 0x00, 0x00, 0x00, 0x00, 0x00, 0x00, 0x00, 0x00, 0x00, 0x00, 
	0x00, 0x00, 0x00, 0x40, 0x00, 0x00, 0x02, 0x00, 0x00, 0x00, 0x00, 0x00, 0x00, 0x00, 0x00, 0x00, 
	0x00, 0x00, 0x00, 0x00, 0x00, 0x00, 0x00, 0x00, 0x00, 0x00, 0x00, 0x00, 0x00, 0x00, 0x00, 0x00, 
	0x48, 0xFD, 0x80, 0x00, 0x00, 0x10, 0x00, 0x00, 0x00, 0x00, 0x00, 0x00, 0x00, 0x00, 0x00, 0x02, 
	0x03, 0x10, 0x00, 0x00, 0x00, 0x00, 0x00, 0x00, 0x00, 0x00, 0x00, 0x00, 0x00, 0x00, 0x00, 0x00, 
	0x00, 0x00, 0x00, 0x00, 0x00, 0x00, 0x00, 0x00, 0x00, 0x00, 0x00, 0x00, 0x00, 0x00, 0x00, 0x00, 
	0x00, 0x00, 0x00, 0x00, 0x00, 0x00, 0x00, 0x00, 0x00, 0x00, 0x00, 0x00, 0x00, 0x02, 0x00, 0x00, 
	0x00, 0x00, 0x00, 0x00, 0x00, 0x00, 0x00, 0x00, 0x00, 0x00, 0x00, 0x00, 0x00, 0x08, 0xFD, 0x02, 
	0x00, 0x00, 0x00, 0x00, 0x00, 0x00, 0x00, 0x00, 0x00, 0x00, 0x00, 0x00, 0x00, 0x00, 0x00, 0x00, 
	0x00, 0x00, 0x00, 0x00, 0x00, 0x00, 0x00, 0x00, 0x00, 0x00, 0x00, 0x00, 0x00, 0x00, 0x00, 0x00, 
	0x00, 0x00, 0x00, 0x20, 0x00, 0x00, 0x00, 0x00, 0x00, 0x00, 0x08, 0x00, 0x00, 0x00, 0x00, 0x00, 
	0x00, 0x00, 0x00, 0x00, 0x00, 0x00, 0x00, 0x00, 0x01, 0x00, 0x00, 0x00, 0x00, 0x00, 0x00, 0x00, 
	0x00, 0x00, 0x00, 0x00, 0x00, 0x00, 0x00, 0x00, 0x02, 0x00, 0x00, 0xFE, 0x00, 0x00, 0x00, 0x00, 
	0x00, 0x00, 0x00, 0x08, 0x00, 0x00, 0x10, 0x00, 0x00, 0x00, 0x00, 0x00, 0x00, 0x00, 0x00, 0x00, 
	0x00, 0x00, 0x00, 0x40, 0x00, 0x00, 0x10, 0x00, 0x00, 0x00, 0x00, 0x00, 0x00, 0x00, 0x00, 0x00, 
	0x00, 0x00, 0x00, 0x00, 0x00, 0x00, 0x00, 0x00, 0x00, 0x00, 0x00, 0x00, 0x00, 0x00, 0x00, 0x00, 
	0x00, 0x00, 0x00, 0x00, 0x00, 0x00, 0x00, 0x00, 0x00, 0x00, 0x00, 0x00, 0x00, 0x00, 0x00, 0x00, 
	0x00, 0x00, 0x00, 0x00, 0x00, 0x00, 0x00, 0x00, 0xFB, 0x00, 0x00, 0x00, 0x00, 0x00, 0x00, 0x00, 
	0x0A, 0x00, 0x00, 0x00, 0x00, 0x00, 0x00, 0x00, 0x00, 0x00, 0x00, 0x00, 0x00, 0x00, 0x00, 0x00, 
	0x00, 0x00, 0x04, 0x00, 0x00, 0x00, 0x00, 0x00, 0x00, 0x00, 0x00, 0x00, 0x00, 0x00, 0x00, 0x00, 
	0x00, 0x00, 0x00, 0x00, 0x00, 0x00, 0x00, 0x00, 0x00, 0x00, 0x00, 0x00, 0x00, 0x00, 0x00, 0x00, 
	0x00, 0x00, 0x00, 0x00, 0x00, 0x00, 0x00, 0x00, 0x00, 0x00, 0x00, 0x00, 0x00, 0x00, 0x00, 0x01, 
	0x00, 0x00, 0x00, 0x00, 0x10, 0xF8, 0x00, 0x00, 0x40, 0x00, 0x00, 0x00, 0x00, 0x00, 0x00, 0x00, 
	0x40, 0x00, 0x00, 0x00, 0x00, 0x00, 0x00, 0x80, 0x00, 0x00, 0x00, 0x00, 0x00, 0x00, 0x00, 0x00, 
	0x00, 0x00, 0x00, 0x00, 0x00, 0x00, 0x00, 0x00, 0x00, 0x00, 0x00, 0x00, 0x00, 0x00, 0x00, 0x00, 
	0x00, 0x00, 0x00, 0x00, 0xA0, 0x00, 0x00, 0x00, 0x00, 0x00, 0x40, 0x00, 0x00, 0x00, 0x00, 0x00, 
	0x00, 0x00, 0x00, 0x00, 0x00, 0x00, 0x00, 0x00, 0x00, 0x00, 0x00, 0x10, 0x00, 0x00, 0x00, 0x00, 
	0x08, 0xA8, 0xF9, 0x00, 0x00, 0x00, 0x00, 0x00, 0x00, 0x00, 0x00, 0x00, 0x00, 0x00, 0x00, 0x00, 
	0x00, 0x00, 0x00, 0x00, 0x00, 0x00, 0x00, 0x00, 0x00, 0x00, 0x00, 0x00, 0x00, 0x00, 0x00, 0x00, 
	0x00, 0x00, 0x00, 0x00, 0x00, 0x00, 0x00, 0x00, 0x00, 0x00, 0x00, 0x00, 0x00, 0x00, 0x00, 0x00, 
	0x00, 0x00, 0x00, 0x00, 0x00, 0x00, 0x00, 0x00, 0x00, 0x00, 0x00, 0x00, 0x00, 0x00, 0x20, 0x00, 
	0x00, 0x00, 0x00, 0x00, 0x00, 0x00, 0x00, 0x00, 0x00, 0x00, 0x00, 0x00, 0x00, 0x00, 0x98, 0xFD, 
	0x00, 0x00, 0x00, 0x00, 0x00, 0x00, 0x00, 0x00, 0x00, 0x00, 0x00, 0x00, 0x01, 0x00, 0x00, 0x00, 
	0x00, 0x00, 0x00, 0x00, 0x00, 0x00, 0x00, 0x00, 0x00, 0x00, 0x00, 0x00, 0x00, 0x00, 0x00, 0x00, 
	0x00, 0x00, 0x00, 0x00, 0x00, 0x00, 0x00, 0x00, 0x00, 0x00, 0x00, 0x00, 0x00, 0x00, 0x00, 0x00, 
	0x00, 0x02, 0x00, 0x00, 0x00, 0x00, 0x00, 0x00, 0x80, 0x00, 0x00, 0x00, 0x00, 0x00, 0x00, 0x00, 
	0x00, 0x00, 0x00, 0x00, 0x00, 0x00, 0x00, 0x00, 0x00, 0x00, 0x00, 0x00, 0xFC, 0x00, 0x00, 0x00, 
	0x00, 0x00, 0x00, 0x20, 0x00, 0x00, 0x00, 0x00, 0x00, 0x00, 0x80, 0x00, 0x00, 0x00, 0x00, 0x00, 
	0x00, 0x00, 0x00, 0x00, 0x00, 0x00, 0x00, 0x00, 0x00, 0x00, 0x00, 0x00, 0x00, 0x00, 0x00, 0x08, 
	0x00, 0x00, 0x00, 0x00, 0x00, 0x00, 0x00, 0x04, 0x00, 0x00, 0x00, 0x00, 0x00, 0x00, 0x00, 0x40, 
	0x00, 0x00, 0x00, 0x00, 0x00, 0x00, 0x00, 0x00, 0x00, 0x00, 0x00, 0x00, 0x00, 0x00, 0x00, 0x00, 
	0x00, 0x00, 0x00, 0x00, 0x00, 0x00, 0x00, 0x00, 0x78, 0xFF, 0x00, 0x00, 0x00, 0x00, 0x00, 0x00, 
	0x00, 0x00, 0x00, 0x00, 0x00, 0x00, 0x00, 0x00, 0x40, 0x00, 0x00, 0x00, 0x00, 0x00, 0x00, 0x00, 
	0x00, 0x00, 0x00, 0x00, 0x00, 0x00, 0x00, 0x00, 0x00, 0x00, 0x00, 0x00, 0x00, 0x00, 0x00, 0x00, 
	0x00, 0x00, 0x00, 0x00, 0x00, 0x00, 0x00, 0x00, 0x00, 0x00, 0x00, 0x00, 0x00, 0x20, 0x20, 0x00, 
	0x00, 0x00, 0x00, 0x00, 0x00, 0x00, 0x00, 0x00, 0x00, 0x00, 0x40, 0x00, 0x00, 0x00, 0x00, 0x00, 
	0x00, 0x00, 0x01, 0x00, 0x00, 0xC8, 0xFC, 0x08, 0x00, 0x20, 0x40, 0x00, 0x04, 0x00, 0x00, 0x00, 
	0x00, 0x0C, 0x00, 0x00, 0x00, 0x00, 0x00, 0x00, 0x00, 0x20, 0x00, 0x00, 0x00, 0x00, 0x00, 0x10, 
	0x00, 0x00, 0x00, 0x00, 0x00, 0x00, 0x80, 0x01, 0x00, 0x00, 0x00, 0x00, 0x00, 0x00, 0xC0, 0x00, 
	0x00, 0x00, 0x00, 0x00, 0x00, 0x00, 0x00, 0x00, 0x00, 0x00, 0x00, 0x00, 0x00, 0x00, 0x00, 0x40, 
	0x00, 0x00, 0x00, 0x00, 0x00, 0x00, 0x00, 0x00, 0x10, 0x00, 0x00, 0x00, 0x00, 0x00, 0x00, 0x00, 
	0x00, 0x00, 0xF0, 0xFC, 0x00, 0x01, 0x00, 0x80, 0x00, 0x40, 0x00, 0x00, 0x00, 0x08, 0x80, 0x00, 
	0x00, 0x00, 0x00, 0x00, 0x00, 0x00, 0x00, 0x00, 0x00, 0x00, 0x00, 0x00, 0x00, 0x00, 0x00, 0x00, 
	0x00, 0x10, 0x10, 0x00, 0x00, 0x00, 0x00, 0x00, 0x00, 0x00, 0x08, 0x00, 0x00, 0x00, 0x00, 0x00, 
	0x00, 0x00, 0x00, 0x00, 0x00, 0x00, 0x00, 0x00, 0x00, 0x00, 0x02, 0x00, 0x00, 0x00, 0x00, 0x00, 
	0x00, 0x00, 0x04, 0x00, 0x00, 0x10, 0x00, 0x00, 0x00, 0x00, 0x00, 0x00, 0x00, 0x00, 0x80, 0x60, 
	0xF8, 0x00, 0x00, 0x40, 0x00, 0x00, 0x00, 0x00, 0x00, 0x00, 0x40, 0x00, 0x00, 0x00, 0x00, 0x00, 
	0x80, 0x00, 0x00, 0x00, 0x00, 0x00, 0x00, 0x00, 0x00, 0x00, 0x00, 0x00, 0x00, 0x04, 0x60, 0x00, 
	0x00, 0x00, 0x00, 0x00, 0x00, 0x00, 0x00, 0x00, 0x00, 0x00, 0x00, 0x00, 0x00, 0x00, 0x00, 0x00, 
	0x00, 0x80, 0x04, 0x00, 0x00, 0x00, 0x00, 0x00, 0x00, 0x00, 0x00, 0x40, 0x00, 0x00, 0x00, 0x00, 
	0x00, 0x00, 0x00, 0x00, 0x00, 0x10, 0x00, 0x00, 0x00, 0x00, 0x00, 0x00, 0x98, 0xF8, 0x00, 0x00, 
	0x00, 0x20, 0x00, 0x20, 0x00, 0x00, 0x00, 0x82, 0x01, 0x00, 0x00, 0x00, 0x00, 0x48, 0x00, 0x00, 
	0x00, 0x00, 0x00, 0x00, 0x00, 0x00, 0x00, 0x00, 0x00, 0x00, 0x00, 0x00, 0x00, 0x00, 0x00, 0x00, 
	0x00, 0x00, 0x00, 0x00, 0x00, 0x00, 0x00, 0x00, 0x00, 0x00, 0x00, 0x00, 0x00, 0x00, 0x00, 0x00, 
	0x00, 0x00, 0x00, 0x00, 0x00, 0x00, 0x00, 0x00, 0x00, 0x00, 0x00, 0x00, 0x00, 0x00, 0x00, 0x00, 
	0x00, 0x00, 0x00, 0x00, 0x00, 0x00, 0x00, 0x00, 0x00, 0x50, 0xFE, 0x52, 0x00, 0x00, 0x04, 0x00, 
	0x00, 0x00, 0x00, 0x00, 0x01, 0x00, 0x00, 0x00, 0x08, 0x00, 0x10, 0x00, 0x80, 0x20, 0x00, 0x04, 
	0x48, 0x80, 0x20, 0x00, 0x00, 0x80, 0x20, 0x20, 0x00, 0x00, 0x00, 0x00, 0x00, 0x04, 0x00, 0x00, 
	0x00, 0x00, 0x00, 0x00, 0x00, 0x02, 0x00, 0x00, 0x00, 0x40, 0x00, 0x00, 0x00, 0x00, 0x00, 0x00, 
	0x00, 0x00, 0x20, 0x10, 0x00, 0x02, 0x00, 0x08, 0x00, 0x02, 0x20, 0x00, 0x08, 0x04, 0x81, 0x40, 
	0x00, 0x04, 0x02, 0x00, 0x00, 0x00, 0xA0, 0xFE, 0x22, 0x00, 0x11, 0x20, 0x00, 0x02, 0x20, 0x00, 
	0x40, 0x00, 0x00, 0x40, 0x04, 0x00, 0x00, 0x00, 0x00, 0x02, 0x01, 0x00, 0x02, 0x80, 0x00, 0x01, 
	0x00, 0x08, 0x48, 0x80, 0x00, 0x00, 0x00, 0x00, 0x00, 0x10, 0x00, 0x00, 0x00, 0x00, 0x00, 0x00, 
	0x00, 0x00, 0x00, 0x00, 0x00, 0x00, 0x00, 0x00, 0x00, 0x00, 0x00, 0x00, 0x08, 0x04, 0x00, 0x40, 
	0x00, 0x00, 0x80, 0x40, 0x08, 0x20, 0x00, 0x20, 0x20, 0x00, 0x00, 0x00, 0x10, 0x08, 0x00, 0x00, 
	0x00, 0x00, 0x88, 0x58, 0xFC, 0x60, 0x40, 0x05, 0x30, 0x00, 0x04, 0x80, 0x80, 0xC2, 0x00, 0x00, 
	0x40, 0x01, 0x84, 0x28, 0x08, 0x88, 0x00, 0x26, 0x00, 0x06, 0xC8, 0x60, 0x33, 0x00, 0x19, 0x68, 
	0x85, 0x69, 0x05, 0x00, 0x00, 0x00, 0x08, 0x02, 0x00, 0x00, 0x00, 0x00, 0x00, 0x00, 0x00, 0x01, 
	0x00, 0x00, 0x00, 0x80, 0x60, 0x00, 0xB4, 0x00, 0x00, 0x52, 0x10, 0x01, 0x58, 0x31, 0x00, 0x24, 
	0x28, 0x6D, 0x20, 0x01, 0x30, 0x80, 0x54, 0x88, 0x51, 0x19, 0x4A, 0x02, 0x04, 0x40, 0x00, 0x25, 
	0x60, 0xF9, 0x00, 0x28, 0x14, 0x00, 0x00, 0x00, 0x38, 0x88, 0x04, 0x0A, 0x40, 0xB0, 0x94, 0x01, 
	0x00, 0x11, 0x0F, 0x4A, 0x01, 0x30, 0x12, 0x05, 0x43, 0x00, 0x09, 0x94, 0x2A, 0x27, 0x00, 0x0D, 
	0x00, 0x00, 0x00, 0x00, 0x00, 0x00, 0x00, 0x00, 0x00, 0x00, 0x00, 0x00, 0x00, 0x00, 0x00, 0x00, 
	0x00, 0x10, 0x26, 0x83, 0x04, 0x48, 0x41, 0x02, 0x80, 0x0A, 0x50, 0x08, 0x80, 0x04, 0x24, 0x58, 
	0x8E, 0x80, 0x00, 0x00, 0x05, 0x19, 0x00, 0x10, 0x0C, 0x21, 0x00, 0x00, 0x00, 0xD8, 0xFA, 0x00, 
	0x00, 0x10, 0x00, 0x00, 0x00, 0x40, 0x02, 0x10, 0x00, 0x00, 0x10, 0x04, 0x00, 0x00, 0x08, 0x10, 
	0x02, 0x01, 0x80, 0x00, 0x04, 0x01, 0x00, 0x00, 0x04, 0x04, 0x00, 0x00, 0x08, 0x00, 0x00, 0x00, 
	0x00, 0x00, 0x00, 0x00, 0x00, 0x00, 0x00, 0x00, 0x00, 0x00, 0x00, 0x00, 0x00, 0x00, 0x10, 0x00, 
	0x02, 0x00, 0x00, 0x00, 0x00, 0x80, 0x00, 0x10, 0x00, 0x80, 0x00, 0x00, 0x08, 0x02, 0x00, 0x00, 
	0x00, 0x04, 0x01, 0x00, 0x40, 0x08, 0x00, 0x00, 0x00, 0x00, 0x90, 0xFE, 0x00, 0x00, 0x01, 0x00, 
	0x00, 0x00, 0x20, 0x00, 0x00, 0x01, 0x20, 0x00, 0x00, 0x02, 0x00, 0x00, 0x08, 0x00, 0x00, 0x40, 
	0x08, 0x00, 0x01, 0x02, 0x10, 0x00, 0x00, 0x21, 0x00, 0x04, 0x00, 0x00, 0x00, 0x00, 0x00, 0x00, 
	0x00, 0x00, 0x00, 0x00, 0x00, 0x00, 0x00, 0x00, 0x00, 0x00, 0x00, 0x00, 0x10, 0x00, 0x01, 0x00, 
	0x00, 0x04, 0x00, 0x00, 0x00, 0x04, 0x00, 0x00, 0x10, 0x00, 0x01, 0x11, 0x00, 0x00, 0x00, 0x00, 
	0x00, 0x00, 0x04, 0x02, 0x00, 0x00, 0x00, 0xB0, 0xFB, 0x00, 0x00, 0x00, 0x00, 0x00, 0x00, 0x00, 
	0x00, 0x40, 0x00, 0x02, 0x00, 0x00, 0x00, 0x40, 0x00, 0x00, 0x00, 0x00, 0x00, 0x00, 0x00, 0x00, 
	0x00, 0x00, 0x00, 0x00, 0x00, 0x00, 0x00, 0x00, 0x00, 0x00, 0x00, 0x00, 0x00, 0x00, 0x01, 0x00, 
	0x00, 0x00, 0x00, 0x00, 0x20, 0x00, 0x00, 0x00, 0x00, 0x00, 0x00, 0x00, 0x40, 0x00, 0x00, 0x00, 
	0x00, 0x00, 0x00, 0x00, 0x00, 0x00, 0x00, 0x00, 0x00, 0x00, 0x00, 0x00, 0x00, 0x00, 0x00, 0x00, 
	0x00, 0x00, 0x80, 0x00, 0xF0, 0xFE, 0x12, 0x00, 0x00, 0x00, 0x00, 0x00, 0x00, 0x00, 0x00, 0x00, 
	0x00, 0x00, 0x00, 0x00, 0x00, 0x00, 0x00, 0x00, 0x00, 0x00, 0x00, 0x00, 0x00, 0x00, 0x00, 0x00, 
	0x00, 0x00, 0x00, 0x00, 0x00, 0x00, 0x00, 0x00, 0x00, 0x00, 0x00, 0x00, 0x00, 0x00, 0x00, 0x00, 
	0x00, 0x00, 0x00, 0x60, 0x00, 0x00, 0x00, 0x00, 0x10, 0x00, 0x00, 0x00, 0x00, 0x00, 0x00, 0x00, 
	0x00, 0x00, 0x00, 0x00, 0x00, 0x00, 0x20, 0x00, 0x00, 0x00, 0x00, 0x00, 0x00, 0x02, 0x00, 0x00, 
	0xA0, 0x04, 0xF8, 0x00, 0x00, 0x00, 0x00, 0x00, 0x00, 0x01, 0x00, 0x00, 0x00, 0x00, 0x01, 0x00, 
	0x00, 0x00, 0x00, 0x00, 0x00, 0x80, 0x00, 0x00, 0x00, 0x00, 0x00, 0x00, 0x01, 0x00, 0x00, 0x00, 
	0x00, 0x00, 0x00, 0x00, 0x00, 0x00, 0x00, 0x80, 0x00, 0x00, 0x00, 0x00, 0x00, 0x00, 0x80, 0x00, 
	0x00, 0x00, 0x00, 0x00, 0x00, 0x00, 0x00, 0x08, 0x08, 0x00, 0x00, 0x00, 0x00, 0x00, 0x00, 0x00, 
	0x00, 0x00, 0x50, 0x00, 0x00, 0x00, 0x00, 0x00, 0x00, 0x00, 0x00, 0x00, 0x20, 0x00, 0xE8, 0xFD, 
	0x00, 0x80, 0x20, 0x04, 0x00, 0x10, 0x00, 0x00, 0x04, 0x00, 0x02, 0x00, 0x00, 0x00, 0x00, 0x04, 
	0x00, 0x02, 0x00, 0x00, 0x00, 0x40, 0x00, 0x00, 0x00, 0x00, 0x80, 0x00, 0x00, 0x00, 0x00, 0x20, 
	0x00, 0x00, 0x00, 0x00, 0x10, 0x00, 0x00, 0x10, 0x00, 0x00, 0x00, 0x00, 0x40, 0x00, 0x00, 0x00, 
	0x00, 0x00, 0x00, 0x00, 0x10, 0x00, 0x00, 0x00, 0x00, 0x01, 0x00, 0x00, 0x00, 0x00, 0x00, 0x00, 
	0x10, 0x00, 0x00, 0x00, 0x00, 0x00, 0x00, 0x00, 0x00, 0x00, 0x00, 0x08, 0xF9, 0x08, 0x00, 0x00, 
	0x00, 0x00, 0x41, 0x00, 0x00, 0x00, 0x00, 0x00, 0x00, 0x00, 0x00, 0x00, 0x10, 0x80, 0x00, 0x00, 
	0x00, 0x00, 0x00, 0x00, 0x00, 0x00, 0x00, 0x20, 0x00, 0x00, 0x00, 0x00, 0x00, 0x00, 0x00, 0x00, 
	0x00, 0x00, 0x00, 0x00, 0x00, 0x00, 0x00, 0x00, 0x00, 0x00, 0x00, 0x00, 0x00, 0x00, 0x00, 0x00, 
	0x80, 0x00, 0x00, 0x00, 0x00, 0x00, 0x00, 0x00, 0x00, 0x00, 0x00, 0x00, 0x00, 0x00, 0x00, 0x00, 
	0x00, 0x00, 0x00, 0x00, 0x00, 0x00, 0x00, 0x00, 0x18, 0xF9, 0x00, 0x00, 0x04, 0x00, 0x00, 0x00, 
	0x00, 0x00, 0x00, 0x00, 0x00, 0x00, 0x00, 0x00, 0x00, 0x00, 0x00, 0x00, 0x00, 0x00, 0x00, 0x00, 
	0x00, 0x00, 0x00, 0x00, 0x00, 0x00, 0x00, 0x40, 0x00, 0x40, 0x00, 0x00, 0x00, 0x00, 0x00, 0x00, 
	0x00, 0x20, 0x00, 0x00, 0x00, 0x00, 0x00, 0x00, 0x00, 0x00, 0x00, 0x00, 0x00, 0x00, 0x00, 0x00, 
	0x00, 0x00, 0x00, 0x00, 0x00, 0x00, 0x00, 0x00, 0x02, 0x00, 0x00, 0x00, 0x00, 0x00, 0x80, 0x00, 
	0x00, 0x00, 0x00, 0x40, 0x00, 0x50, 0xFB, 0x00, 0x00, 0x10, 0x20, 0x00, 0x00, 0x00, 0x00, 0x00, 
	0x00, 0x00, 0x00, 0x20, 0x00, 0x20, 0x00, 0x00, 0x00, 0x00, 0x00, 0x00, 0x00, 0x00, 0x00, 0x08, 
	0x00, 0x00, 0x00, 0x00, 0x04, 0x00, 0x00, 0x00, 0x00, 0x00, 0x00, 0x00, 0x00, 0x00, 0x00, 0x00, 
	0x20, 0x00, 0x00, 0x00, 0x00, 0x01, 0x00, 0x00, 0x00, 0x80, 0x00, 0x00, 0x04, 0x00, 0x00, 0x00, 
	0x00, 0x00, 0x00, 0x00, 0x00, 0x00, 0x00, 0x00, 0x00, 0x00, 0x00, 0x00, 0x00, 0x00, 0x00, 0x00, 
	0x00, 0x00, 0x18, 0xFF, 0x00, 0x00, 0x00, 0x00, 0x01, 0x80, 0x00, 0x00, 0x00, 0x00, 0x00, 0x00, 
	0x00, 0x00, 0x00, 0x20, 0x00, 0x00, 0x20, 0x00, 0x00, 0x80, 0x00, 0x10, 0x00, 0x00, 0x00, 0x00, 
	0x00, 0x00, 0x00, 0x00, 0x00, 0x00, 0x00, 0x00, 0x00, 0x00, 0x00, 0x00, 0x00, 0x00, 0x00, 0x00, 
	0x00, 0x00, 0x00, 0x00, 0x00, 0x00, 0x00, 0x00, 0x08, 0x00, 0x00, 0x00, 0x00, 0x00, 0x00, 0x00, 
	0x00, 0x00, 0x00, 0x00, 0x00, 0x00, 0x00, 0x01, 0x00, 0x00, 0x04, 0x00, 0x04, 0x00, 0x00, 0x58, 
	0xFE, 0x00, 0x00, 0x00, 0x00, 0x00, 0x00, 0x00, 0x00, 0x80, 0x00, 0x00, 0x00, 0x00, 0x00, 0x80, 
	0x00, 0x00, 0x00, 0x00, 0x00, 0x00, 0x00, 0x08, 0x00, 0x00, 0x00, 0x00, 0x00, 0x00, 0x00, 0x00, 
	0x00, 0x00, 0x00, 0x00, 0x00, 0x00, 0x00, 0x00, 0x00, 0x00, 0x00, 0x08, 0x00, 0x00, 0x00, 0x00, 
	0x00, 0x00, 0x00, 0x00, 0x01, 0x00, 0x00, 0x82, 0x00, 0x00, 0x00, 0x08, 0x00, 0x00, 0x00, 0x00, 
	0x00, 0x00, 0x00, 0x00, 0x00, 0x00, 0x00, 0x00, 0x00, 0x00, 0x00, 0x00, 0x20, 0xFC, 0x00, 0x20, 
	0x00, 0x08, 0x00, 0x00, 0x00, 0x00, 0x10, 0x00, 0x20, 0x80, 0x12, 0x00, 0x00, 0x00, 0x00, 0x00, 
	0x00, 0x00, 0x00, 0x00, 0x00, 0x00, 0x01, 0x00, 0x00, 0x00, 0x00, 0x00, 0x00, 0x00, 0x20, 0x08, 
	0x00, 0x20, 0x00, 0x00, 0x00, 0x02, 0x00, 0x00, 0x00, 0x10, 0x00, 0x00, 0x01, 0x00, 0x04, 0x08, 
	0x04, 0x00, 0x00, 0x00, 0x00, 0x00, 0x00, 0x00, 0x00, 0x00, 0x08, 0x00, 0x00, 0x00, 0x00, 0x00, 
	0x00, 0x00, 0x08, 0x00, 0x00, 0x00, 0x00, 0x00, 0x00, 0x00, 0xFB, 0x02, 0x00, 0x00, 0x00, 0x00, 
	0x00, 0x00, 0x00, 0x00, 0x00, 0x00, 0x00, 0x00, 0x02, 0x00, 0x00, 0x00, 0x00, 0x00, 0x00, 0x00, 
	0x00, 0x00, 0x00, 0x00, 0x00, 0x00, 0x00, 0x40, 0x00, 0x00, 0x00, 0x00, 0x00, 0x00, 0x00, 0x00, 
	0x00, 0x00, 0x00, 0x00, 0x00, 0x00, 0x00, 0x00, 0x00, 0x80, 0x08, 0x00, 0x00, 0x00, 0x00, 0x00, 
	0x00, 0x00, 0x00, 0x00, 0x00, 0x00, 0x00, 0x00, 0x00, 0x00, 0x00, 0x00, 0x00, 0x00, 0x00, 0x00, 
	0x00, 0x00, 0x20, 0x00, 0x00, 0x00, 0x70, 0xF9, 0x00, 0x00, 0x00, 0x00, 0x02, 0x00, 0x80, 0x00, 
	0x40, 0x00, 0x00, 0x00, 0x00, 0x00, 0x00, 0x00, 0x20, 0x00, 0x00, 0x00, 0x00, 0x00, 0x00, 0x00, 
	0x00, 0x00, 0x00, 0x00, 0x08, 0x00, 0x00, 0x00, 0x00, 0x00, 0x00, 0x00, 0x02, 0x00, 0x00, 0x00, 
	0x00, 0x00, 0x00, 0x00, 0x00, 0x00, 0x00, 0x08, 0x00, 0x00, 0xC0, 0x00, 0x00, 0x00, 0x40, 0x00, 
	0x00, 0x00, 0x00, 0x00, 0x00, 0x00, 0x00, 0x00, 0x03, 0x00, 0x00, 0x00, 0x00, 0x00, 0x00, 0x00, 
	0x00, 0x00, 0x00, 0xD8, 0xFE, 0x00, 0x00, 0x00, 0x00, 0x10, 0x04, 0x04, 0x9A, 0x00, 0x10, 0x00, 
	0x41, 0x20, 0x08, 0x04, 0x85, 0x40, 0x26, 0x00, 0x00, 0x00, 0x00, 0x08, 0x02, 0x08, 0x00, 0x20, 
	0x00, 0x80, 0x20, 0x00, 0x00, 0x00, 0x00, 0x00, 0x00, 0x00, 0x00, 0x00, 0x00, 0x00, 0x00, 0x00, 
	0x00, 0x00, 0x20, 0x10, 0x02, 0x00, 0x10, 0x04, 0x00, 0x00, 0x40, 0x00, 0x00, 0x00, 0x80, 0x21, 
	0x00, 0x04, 0x00, 0x00, 0xC0, 0x00, 0x18, 0x40, 0x00, 0x00, 0x00, 0x01, 0xA0, 0x05, 0x01, 0x21, 
	0xC0, 0xF9, 0x00, 0x00, 0x00, 0x00, 0x00, 0x00, 0x40, 0x10, 0x04, 0x00, 0x02, 0x00, 0x00, 0x00, 
	0x00, 0x00, 0x00, 0x06, 0x02, 0x00, 0x00, 0x00, 0x00, 0x00, 0x00, 0x00, 0x00, 0x00, 0x00, 0x00, 
	0x00, 0x00, 0x00, 0x00, 0x00, 0x00, 0x00, 0x00, 0x00, 0x00, 0x00, 0x00, 0x00, 0x00, 0x00, 0x00, 
	0x00, 0x00, 0x00, 0x00, 0x00, 0x00, 0x00, 0x00, 0x00, 0x00, 0x00, 0x00, 0x00, 0x00, 0x00, 0x00, 
	0x00, 0x00, 0x40, 0x00, 0x08, 0x03, 0x00, 0x00, 0x00, 0x00, 0x00, 0x00, 0x00, 0x80, 0xF9, 0x00, 
	0x00, 0x00, 0x00, 0x01, 0x30, 0x00, 0x18, 0xC0, 0x00, 0x10, 0x00, 0x02, 0x40, 0x00, 0x10, 0x80, 
	0x07, 0x00, 0x00, 0x00, 0xC0, 0x00, 0x18, 0x00, 0x00, 0x80, 0x41, 0x08, 0x00, 0x00, 0x00, 0x00, 
	0x00, 0x00, 0x00, 0x00, 0x00, 0x00, 0x00, 0x00, 0x00, 0x00, 0x00, 0x00, 0x80, 0x01, 0x01, 0x00, 
	0x01, 0x00, 0x00, 0x00, 0x00, 0x83, 0x00, 0x00, 0x03, 0x80, 0x41, 0x30, 0x08, 0x00, 0xF0, 0x00, 
	0x1E, 0xC0, 0x00, 0x00, 0x00, 0x0C, 0x84, 0x00, 0x0C, 0x00, 0x28, 0xFA, 0x00, 0x00, 0x00, 0x80, 
	0x00, 0x00, 0x00, 0x50, 0x04, 0x00, 0x08, 0x00, 0x01, 0x20, 0x00, 0x00, 0x0A, 0x06, 0x00, 0x00, 
	0x00, 0x40, 0x00, 0x00, 0x00, 0x00, 0x80, 0x09, 0x04, 0x00, 0x00, 0x00, 0x00, 0x00, 0x00, 0x00, 
	0x00, 0x00, 0x00, 0x00, 0x00, 0x00, 0x00, 0x00, 0x00, 0x00, 0x01, 0x00, 0x80, 0x00, 0x00, 0x00, 
	0x00, 0x00, 0x0B, 0x00, 0x00, 0x00, 0x80, 0x09, 0x30, 0x00, 0x00, 0xD0, 0x24, 0x9A, 0x04, 0x20, 
	0x01, 0x00, 0x40, 0x00, 0x11, 0x02, 0x00, 0x70, 0xFA, 0x00, 0x00, 0x00, 0x00, 0x46, 0xC0, 0x02, 
	0x08, 0x08, 0x0B, 0x60, 0x00, 0x4C, 0x88, 0x05, 0x00, 0x01, 0x10, 0x08, 0x00, 0x00, 0x00, 0x0B, 
	0x60, 0x01, 0x00, 0x00, 0x80, 0x30, 0x02, 0x00, 0x00, 0x00, 0x00, 0x00, 0x00, 0x00, 0x00, 0x00, 
	0x00, 0x00, 0x00, 0x00, 0x00, 0x00, 0x00, 0x11, 0x00, 0x00, 0x26, 0x02, 0x00, 0x00, 0x00, 0x10, 
	0x00, 0x00, 0x2C, 0x02, 0x04, 0x00, 0x42, 0x00, 0x00, 0x08, 0x00, 0x01, 0x88, 0x00, 0x00, 0x00, 
	0x02, 0x00, 0xB0, 0x40, 0x90, 0xFF, 0x00, 0x00, 0x00, 0x80, 0x07, 0xF1, 0x80, 0x1E, 0xC0, 0x03, 
	0x7A, 0x20, 0x0F, 0xE0, 0x81, 0x0C, 0x90, 0x01, 0x00, 0x00, 0x00, 0xC0, 0x83, 0x70, 0x40, 0x00, 
	0xE0, 0x01, 0x3C, 0x10, 0x00, 0x00, 0x00, 0x00, 0x00, 0x00, 0x00, 0x00, 0x00, 0x00, 0x00, 0x00, 
	0x00, 0x00, 0x00, 0xE0, 0x40, 0x00, 0x80, 0x07, 0x00, 0x00, 0x00, 0xC0, 0x03, 0x01, 0x00, 0x0F, 
	0xE0, 0x81, 0x3C, 0x00, 0x00, 0x30, 0x80, 0x06, 0xC4, 0x00, 0x00, 0x00, 0x03, 0x60, 0x80, 0x38, 
	0x00, 0x30, 0xFB, 0x00, 0x00, 0x00, 0x00, 0x06, 0xC0, 0x00, 0x18, 0x00, 0x03, 0x60, 0x00, 0x0C, 
	0x80, 0x01, 0x00, 0x00, 0x00, 0x00, 0x00, 0x00, 0x00, 0x03, 0x60, 0x00, 0x00, 0x00, 0x80, 0x30, 
	0x00, 0x00, 0x00, 0x00, 0x00, 0x00, 0x00, 0x00, 0x00, 0x00, 0x00, 0x00, 0x00, 0x00, 0x00, 0x00, 
	0x80, 0x00, 0x00, 0x00, 0x06, 0x00, 0x00, 0x00, 0x00, 0x00, 0x00, 0x00, 0x0C, 0x00, 0x00, 0x00, 
	0x00, 0x00, 0xC0, 0x00, 0x18, 0x04, 0x00, 0x02, 0x00, 0x00, 0x02, 0x00, 0x31, 0x00, 0xC0, 0xFE, 
	0x00, 0x00, 0x00, 0x00, 0x06, 0xC0, 0x00, 0x98, 0x02, 0x03, 0x60, 0x00, 0x0C, 0x80, 0x01, 0x80, 
	0x20, 0x00, 0x00, 0x00, 0x00, 0x00, 0x03, 0x60, 0x00, 0x00, 0x80, 0x05, 0x30, 0x00, 0x00, 0x00, 
	0x00, 0x00, 0x00, 0x00, 0x00, 0x00, 0x00, 0x00, 0x00, 0x00, 0x00, 0x00, 0x00, 0x80, 0x91, 0x00, 
	0x00, 0x06, 0x00, 0x00, 0x00, 0x00, 0x0B, 0x02, 0x00, 0x0C, 0x80, 0x49, 0xB0, 0x20, 0x00, 0xC0, 
	0x22, 0x18, 0x01, 0x00, 0x00, 0x00, 0x00, 0x00, 0x08, 0x30, 0x00, 0x40, 0xFA, 0x10, 0x04, 0x01, 
	0x00, 0x10, 0x04, 0x00, 0x40, 0x10, 0x10, 0x00, 0x41, 0x20, 0x08, 0x90, 0x34, 0x42, 0x00, 0x00, 
	0x00, 0x00, 0x00, 0x08, 0x62, 0x08, 0x00, 0x00, 0x00, 0x80, 0x20, 0x00, 0x00, 0x00, 0x00, 0x00, 
	0x00, 0x00, 0x10, 0x00, 0x00, 0x00, 0x00, 0x00, 0x00, 0x00, 0x28, 0x01, 0x00, 0x00, 0xC0, 0x00, 
	0x00, 0x00, 0x00, 0x00, 0x00, 0x00, 0x01, 0x00, 0x00, 0x00, 0x80, 0x16, 0xC4, 0x82, 0x02, 0x40, 
	0x00, 0x00, 0x00, 0x00, 0xA0, 0x01, 0x00, 0x00, 0x0C, 0xF9, 0x00, 0x00, 0x00, 0x00, 0x00, 0x00, 
	0x00, 0x00, 0x00, 0x00, 0x02, 0x00, 0x00, 0x00, 0x00, 0x30, 0x00, 0x00, 0x00, 0x00, 0x00, 0x00, 
	0x00, 0x60, 0x00, 0x00, 0x00, 0x00, 0x00, 0x00, 0x00, 0x00, 0x00, 0x00, 0x00, 0x00, 0x00, 0x0C, 
	0x00, 0x00, 0x00, 0x00, 0x00, 0x00, 0x00, 0x06, 0x00, 0x01, 0x00, 0x00, 0x00, 0x00, 0x00, 0x00, 
	0x00, 0x00, 0x00, 0x00, 0x00, 0x00, 0x00, 0x00, 0x06, 0x00, 0x00, 0x00, 0x00, 0x00, 0x00, 0x00, 
	0x00, 0x80, 0x41, 0x00, 0x00, 0xE8, 0xF8, 0x40, 0x00, 0x00, 0x00, 0x01, 0x00, 0x00, 0x04, 0xC0, 
	0x00, 0x10, 0x00, 0x03, 0x40, 0x00, 0x30, 0x00, 0x00, 0x00, 0x00, 0x00, 0x80, 0x00, 0x78, 0x00, 
	0x00, 0x00, 0x00, 0x08, 0x00, 0x00, 0x00, 0x00, 0x00, 0x00, 0x00, 0x00, 0x08, 0x00, 0x00, 0x00, 
	0x00, 0x00, 0x00, 0x00, 0x04, 0x80, 0x00, 0x00, 0x01, 0x00, 0x00, 0x00, 0x00, 0x00, 0x00, 0x00, 
	0x03, 0x00, 0x00, 0x00, 0x00, 0x06, 0xF0, 0x00, 0x18, 0x80, 0x00, 0x00, 0x00, 0x00, 0xC0, 0x01, 
	0x00, 0x00, 0x70, 0xFD, 0x2C, 0x00, 0x00, 0x80, 0x00, 0x00, 0x00, 0x02, 0x00, 0x00, 0x08, 0x00, 
	0x01, 0x20, 0x00, 0x00, 0x11, 0x00, 0x00, 0x00, 0x00, 0x40, 0x00, 0x60, 0x00, 0x00, 0x00, 0x00, 
	0x04, 0x00, 0x00, 0x00, 0x00, 0x00, 0x00, 0x00, 0x00, 0x00, 0x00, 0x00, 0x00, 0x00, 0x00, 0x00, 
	0x00, 0x80, 0x01, 0x00, 0x80, 0x00, 0x00, 0x00, 0x00, 0x00, 0x00, 0x00, 0x00, 0x01, 0x00, 0x00, 
	0x00, 0x00, 0x46, 0xD2, 0x20, 0x18, 0x40, 0x00, 0x00, 0x00, 0x00, 0xA0, 0x01, 0x01, 0x00, 0x53, 
	0xFC, 0x84, 0x05, 0x00, 0x00, 0x26, 0x02, 0x00, 0x58, 0x08, 0x63, 0x60, 0x02, 0x0C, 0x80, 0x05, 
	0x90, 0x00, 0x00, 0x00, 0x00, 0x00, 0x00, 0x13, 0x00, 0x04, 0x00, 0x00, 0x00, 0xB0, 0x00, 0x00, 
	0x00, 0x00, 0x00, 0x00, 0x00, 0x00, 0x00, 0x00, 0x00, 0x00, 0x00, 0x00, 0x00, 0x00, 0x00, 0x44, 
	0x00, 0x00, 0x26, 0x02, 0x00, 0x00, 0x00, 0x00, 0x00, 0x00, 0x0C, 0x02, 0x00, 0x00, 0x00, 0x02, 
	0x00, 0x08, 0x00, 0x02, 0x13, 0x00, 0x00, 0x00, 0x80, 0x04, 0x00, 0x00, 0xB1, 0xFC, 0xE8, 0x41, 
	0x00, 0x80, 0x07, 0x00, 0x00, 0x1E, 0xC0, 0x03, 0x78, 0x10, 0x0F, 0xE2, 0x81, 0x2C, 0x08, 0x00, 
	0x00, 0x00, 0x00, 0xC0, 0x03, 0x11, 0x40, 0x00, 0x00, 0x00, 0x3C, 0x08, 0x00, 0x00, 0x00, 0x00, 
	0x00, 0x00, 0x00, 0x00, 0x00, 0x00, 0x00, 0x00, 0x00, 0x00, 0x00, 0xE0, 0x00, 0x00, 0x80, 0x07, 
	0x00, 0x00, 0x00, 0x00, 0x00, 0x00, 0x00, 0x0F, 0x00, 0x00, 0x00, 0x80, 0x07, 0x32, 0x80, 0x06, 
	0xC0, 0x83, 0x00, 0x00, 0x00, 0xE0, 0x01, 0x01, 0x00, 0xE0, 0xFE, 0x90, 0x01, 0x00, 0x00, 0x06, 
	0x00, 0x00, 0x18, 0x00, 0x03, 0x60, 0x00, 0x0C, 0x80, 0x01, 0x00, 0x00, 0x00, 0x00, 0x00, 0x00, 
	0x00, 0x03, 0x00, 0x00, 0x00, 0x00, 0x00, 0x30, 0x00, 0x00, 0x00, 0x00, 0x00, 0x00, 0x00, 0x00, 
	0x00, 0x00, 0x00, 0x00, 0x00, 0x00, 0x00, 0x00, 0x80, 0x01, 0x00, 0x00, 0x06, 0x00, 0x00, 0x00, 
	0x00, 0x00, 0x00, 0x00, 0x0C, 0x00, 0x00, 0x00, 0x00, 0x06, 0xC0, 0x00, 0x00, 0x08, 0x03, 0x00, 
	0x00, 0x00, 0x80, 0x01, 0x00, 0x00, 0x49, 0xF8, 0x80, 0x01, 0x00, 0x00, 0x06, 0x00, 0x00, 0x18, 
	0x00, 0x03, 0x60, 0x00, 0x0C, 0x80, 0x01, 0x20, 0x41, 0x00, 0x00, 0x00, 0x00, 0x00, 0x03, 0x00, 
	0x00, 0x00, 0x00, 0x00, 0x30, 0x00, 0x00, 0x00, 0x00, 0x00, 0x00, 0x00, 0x00, 0x00, 0x00, 0x00, 
	0x00, 0x00, 0x00, 0x00, 0x00, 0x80, 0x51, 0x00, 0x00, 0x06, 0x00, 0x00, 0x00, 0x00, 0x00, 0x00, 
	0x00, 0x0C, 0x00, 0x00, 0x00, 0x00, 0xA6, 0xC0, 0x22, 0x40, 0x40, 0x03, 0x00, 0x00, 0x00, 0x80, 
	0x09, 0x02, 0x00, 0x90, 0xFD, 0x00, 0x04, 0x01, 0x80, 0x46, 0x02, 0x00, 0x8A, 0x00, 0x00, 0x00, 
	0x41, 0x8D, 0x01, 0x04, 0x01, 0x12, 0x00, 0x00, 0x00, 0x00, 0x00, 0x08, 0x0A, 0x00, 0x01, 0x00, 
	0x00, 0x80, 0x20, 0x00, 0x00, 0x00, 0x00, 0x00, 0x00, 0x00, 0x08, 0x00, 0x00, 0x00, 0x00, 0x00, 
	0x00, 0x00, 0xA4, 0x08, 0x00, 0x80, 0x16, 0x00, 0x00, 0x00, 0x00, 0x00, 0x00, 0x00, 0x80, 0x21, 
	0x00, 0x04, 0x80, 0x02, 0x52, 0x42, 0x18, 0x43, 0x10, 0x00, 0x00, 0x2D, 0xA2, 0x09, 0x00, 0x21, 
	0x20, 0xFF, 0x00, 0x00, 0x00, 0x00, 0x06, 0x00, 0x00, 0x10, 0x08, 0x00, 0x00, 0x00, 0x0C, 0x00, 
	0x00, 0x00, 0x00, 0x00, 0x00, 0x00, 0x00, 0x00, 0x00, 0x00, 0x00, 0x00, 0x00, 0x00, 0x00, 0x00, 
	0x00, 0x00, 0x00, 0x00, 0x00, 0x00, 0x00, 0x02, 0x00, 0x00, 0x00, 0x00, 0x00, 0x00, 0x00, 0x01, 
	0x00, 0x01, 0x00, 0x06, 0x02, 0x00, 0x00, 0x00, 0x00, 0x00, 0x00, 0x00, 0x00, 0x00, 0x00, 0x00, 
	0x00, 0x00, 0x00, 0x00, 0x00, 0x00, 0x01, 0x00, 0x0C, 0x80, 0x81, 0x00, 0x00, 0xE0, 0xFC, 0x40, 
	0x00, 0x00, 0x00, 0x06, 0x02, 0x00, 0x08, 0x10, 0x00, 0x18, 0x00, 0x0C, 0x64, 0x00, 0x08, 0x00, 
	0x00, 0x00, 0x00, 0x00, 0x80, 0x00, 0x60, 0x10, 0x03, 0x00, 0x00, 0x08, 0x00, 0x00, 0x00, 0x00, 
	0x00, 0x00, 0x00, 0x00, 0x10, 0x00, 0x00, 0x00, 0x00, 0x00, 0x00, 0x00, 0x08, 0x00, 0x00, 0x00, 
	0x06, 0x02, 0x00, 0x00, 0x00, 0x00, 0x00, 0x00, 0x03, 0x80, 0x41, 0x30, 0x08, 0x00, 0x00, 0x00, 
	0x1E, 0x00, 0x00, 0x02, 0x00, 0x0C, 0xC4, 0x01, 0x0C, 0x00, 0x60, 0xFE, 0x28, 0x00, 0x00, 0x00, 
	0x10, 0x00, 0x00, 0x00, 0x01, 0x00, 0x00, 0x00, 0x20, 0x00, 0x00, 0x04, 0x00, 0x00, 0x00, 0x00, 
	0x00, 0x40, 0x00, 0x60, 0x02, 0x00, 0x00, 0x00, 0x04, 0x00, 0x00, 0x00, 0x00, 0x00, 0x00, 0x00, 
	0x00, 0x08, 0x00, 0x00, 0x00, 0x00, 0x00, 0x00, 0x00, 0x84, 0x01, 0x02, 0x00, 0x10, 0x00, 0x00, 
	0x00, 0x00, 0x00, 0x00, 0x00, 0x00, 0x80, 0x01, 0x00, 0x01, 0x00, 0x08, 0x14, 0x5A, 0x04, 0x00, 
	0x00, 0x00, 0x8C, 0xA0, 0x01, 0x02, 0x00, 0x30, 0xFE, 0x80, 0x11, 0x01, 0x00, 0x22, 0x00, 0x00, 
	0x80, 0x08, 0x00, 0x60, 0x04, 0x44, 0x82, 0x45, 0x30, 0x06, 0x00, 0x00, 0x00, 0x00, 0x00, 0x23, 
	0x00, 0x82, 0x0C, 0x02, 0x00, 0x30, 0x00, 0x00, 0x00, 0x00, 0x00, 0x00, 0x00, 0x00, 0x00, 0x00, 
	0x00, 0x00, 0x00, 0x00, 0x00, 0x00, 0x00, 0x10, 0x00, 0x00, 0x42, 0x00, 0x00, 0x00, 0x00, 0x00, 
	0x00, 0x00, 0x4C, 0x02, 0x00, 0x30, 0x21, 0xC0, 0x00, 0x00, 0x01, 0x01, 0x02, 0x04, 0x00, 0x04, 
	0x10, 0x04, 0x30, 0x11, 0x00, 0xFF, 0xE0, 0x01, 0x00, 0x80, 0x05, 0x01, 0x00, 0x06, 0x00, 0x00, 
	0x78, 0x10, 0x0B, 0xE0, 0x01, 0x3C, 0x00, 0x00, 0x00, 0x00, 0x00, 0xC0, 0x83, 0x78, 0x00, 0x0F, 
	0x00, 0x00, 0x3C, 0x08, 0x00, 0x00, 0x00, 0x00, 0x00, 0x00, 0x00, 0x00, 0x00, 0x00, 0x00, 0x00, 
	0x00, 0x00, 0x00, 0x60, 0x01, 0x01, 0x80, 0x05, 0x01, 0x00, 0x00, 0x00, 0x00, 0x00, 0x00, 0x0F, 
	0xE0, 0x41, 0x3C, 0x80, 0x01, 0x30, 0x00, 0x06, 0xC4, 0x00, 0x00, 0x00, 0x0F, 0xE0, 0x01, 0x39, 
	0x00, 0x28, 0xFD, 0x84, 0x01, 0x00, 0x00, 0x00, 0x01, 0x00, 0x00, 0x00, 0x00, 0x60, 0x00, 0x00, 
	0x82, 0x01, 0x30, 0x00, 0x00, 0x00, 0x00, 0x00, 0x00, 0x03, 0x00, 0x00, 0x0C, 0x00, 0x00, 0x30, 
	0x00, 0x00, 0x00, 0x00, 0x00, 0x00, 0x00, 0x00, 0x12, 0x00, 0x00, 0x00, 0x00, 0x00, 0x00, 0x00, 
	0x89, 0x01, 0x00, 0x00, 0x00, 0x01, 0x00, 0x00, 0x00, 0x00, 0x00, 0x00, 0x0C, 0x00, 0x00, 0x00, 
	0x00, 0x00, 0x04, 0x80, 0x18, 0x04, 0x00, 0x01, 0x00, 0x0C, 0x88, 0x00, 0x31, 0x00, 0x40, 0xFA, 
	0x80, 0x01, 0x00, 0x00, 0x44, 0x00, 0x00, 0x00, 0x20, 0x00, 0x60, 0x00, 0x2A, 0x80, 0x01, 0x30, 
	0x00, 0x00, 0x00, 0x00, 0x00, 0x00, 0x03, 0x60, 0x40, 0x0C, 0x00, 0x00, 0x30, 0x00, 0x00, 0x00, 
	0x00, 0x00, 0x00, 0x00, 0x00, 0x00, 0x00, 0x00, 0x00, 0x00, 0x00, 0x00, 0x00, 0x80, 0x49, 0x00, 
	0x00, 0x45, 0x00, 0x00, 0x00, 0x00, 0x00, 0x00, 0x00, 0x0C, 0x80, 0x81, 0x30, 0x40, 0x10, 0x00, 
	0x08, 0x18, 0x01, 0x08, 0x00, 0x00, 0x0C, 0x00, 0x09, 0x30, 0x00, 0x70, 0xF9, 0x00, 0x30, 0x34, 
	0x00, 0xC0, 0x00, 0x00, 0x42, 0x04, 0x00, 0x00, 0x41, 0x2D, 0x00, 0x90, 0x34, 0x42, 0x00, 0x00, 
	0x00, 0x00, 0x00, 0x20, 0x01, 0x08, 0x00, 0x00, 0x00, 0x00, 0x06, 0x00, 0x00, 0x00, 0x00, 0x00, 
	0x00, 0x00, 0x12, 0x00, 0x00, 0x00, 0x00, 0x00, 0x00, 0x00, 0x30, 0x91, 0x00, 0x80, 0x46, 0x00, 
	0x00, 0x00, 0x00, 0x00, 0x01, 0x00, 0x20, 0x28, 0x00, 0x00, 0x80, 0x00, 0x90, 0x28, 0x18, 0x40, 
	0x03, 0x00, 0x00, 0x0D, 0xA0, 0x21, 0x94, 0x08, 0x00, 0xFC, 0x00, 0x00, 0x00, 0x00, 0x00, 0x00, 
	0x00, 0x00, 0x00, 0x00, 0x00, 0x00, 0x0C, 0x08, 0x00, 0x30, 0x00, 0x00, 0x00, 0x00, 0x00, 0x00, 
	0x00, 0x00, 0x00, 0x00, 0x00, 0x00, 0x00, 0x00, 0x00, 0x00, 0x00, 0x00, 0x00, 0x00, 0x00, 0x00, 
	0x00, 0x00, 0x00, 0x00, 0x00, 0x00, 0x00, 0x80, 0x00, 0x00, 0x00, 0x06, 0x04, 0x00, 0x00, 0x00, 
	0x00, 0x00, 0x00, 0x00, 0x00, 0x00, 0x00, 0x00, 0x00, 0x00, 0x00, 0x00, 0x08, 0x03, 0x00, 0x00, 
	0x0C, 0x80, 0x01, 0x20, 0x00, 0x90, 0xF9, 0x40, 0x00, 0x30, 0x08, 0x01, 0x00, 0x00, 0x08, 0x00, 
	0x00, 0x10, 0x00, 0x0C, 0x48, 0x00, 0x30, 0x00, 0x00, 0x00, 0x00, 0x00, 0x80, 0x00, 0x18, 0x00, 
	0x00, 0x00, 0x00, 0x08, 0x00, 0x00, 0x00, 0x00, 0x00, 0x00, 0x00, 0x00, 0x04, 0x00, 0x00, 0x00, 
	0x00, 0x00, 0x00, 0x00, 0x82, 0x01, 0x00, 0x00, 0x06, 0x00, 0x00, 0x00, 0x80, 0x00, 0x00, 0x00, 
	0x03, 0x80, 0x81, 0x00, 0x00, 0x06, 0x00, 0x40, 0x1E, 0x80, 0x00, 0x00, 0x00, 0x02, 0xC0, 0x01, 
	0x10, 0x10, 0x30, 0xFD, 0x20, 0x00, 0x30, 0x80, 0x00, 0x00, 0x00, 0x00, 0x21, 0x00, 0x08, 0x00, 
	0x00, 0x20, 0x00, 0x00, 0x11, 0x00, 0x00, 0x00, 0x00, 0x40, 0x00, 0x00, 0x00, 0x00, 0x00, 0x00, 
	0x04, 0x00, 0x00, 0x00, 0x00, 0x00, 0x00, 0x00, 0x00, 0x04, 0x00, 0x00, 0x00, 0x00, 0x00, 0x00, 
	0x00, 0x09, 0x05, 0x01, 0x00, 0x10, 0x04, 0x00, 0x00, 0x40, 0x00, 0x00, 0x00, 0x00, 0x00, 0x08, 
	0x00, 0x00, 0x06, 0xC0, 0x02, 0x1A, 0x45, 0x00, 0x00, 0x00, 0x01, 0xA0, 0x85, 0x20, 0x00, 0x71, 
	0xFE, 0x80, 0x05, 0x00, 0x21, 0x06, 0x00, 0x00, 0x80, 0x00, 0x00, 0x60, 0x00, 0x84, 0x82, 0x01, 
	0x10, 0x09, 0x00, 0x00, 0x00, 0x00, 0x00, 0x23, 0x60, 0x22, 0x00, 0x00, 0x00, 0x30, 0x02, 0x00, 
	0x00, 0x00, 0x00, 0x00, 0x00, 0x00, 0x08, 0x00, 0x00, 0x00, 0x00, 0x00, 0x00, 0x00, 0x00, 0x00, 
	0x01, 0x00, 0x12, 0x01, 0x00, 0x00, 0x00, 0x0B, 0x04, 0x00, 0x4C, 0x02, 0x40, 0x00, 0x00, 0x06, 
	0x00, 0x04, 0x00, 0x01, 0x10, 0x00, 0x00, 0x80, 0x08, 0x04, 0xB0, 0x10, 0x19, 0xFF, 0xE0, 0x41, 
	0x3C, 0x80, 0x07, 0x01, 0x00, 0x06, 0x08, 0x00, 0x78, 0x10, 0x0B, 0xE0, 0x41, 0x2C, 0x00, 0x00, 
	0x00, 0x00, 0x00, 0xC0, 0x83, 0x70, 0x00, 0x00, 0x00, 0x00, 0x3C, 0x88, 0x00, 0x00, 0x00, 0x00, 
	0x00, 0x00, 0x00, 0x80, 0x00, 0x00, 0x00, 0x00, 0x00, 0x00, 0x00, 0x60, 0x00, 0x00, 0x80, 0x05, 
	0x00, 0x00, 0x00, 0xC0, 0x03, 0x00, 0x00, 0x0F, 0x60, 0x00, 0x00, 0x80, 0x07, 0x74, 0x80, 0x06, 
	0xC4, 0x00, 0x01, 0x00, 0x03, 0xE0, 0x01, 0x0D, 0x00, 0xA8, 0xFA, 0x80, 0x01, 0x00, 0x00, 0x06, 
	0x00, 0x00, 0x00, 0x00, 0x00, 0x60, 0x00, 0x00, 0x80, 0x01, 0x00, 0x00, 0x00, 0x00, 0x00, 0x00, 
	0x00, 0x03, 0x60, 0x00, 0x00, 0x00, 0x00, 0x30, 0x00, 0x02, 0x00, 0x00, 0x00, 0x00, 0x00, 0x00, 
	0x08, 0x04, 0x00, 0x00, 0x00, 0x00, 0x00, 0x00, 0x84, 0x00, 0x00, 0x00, 0x00, 0x00, 0x00, 0x00, 
	0x00, 0x03, 0x00, 0x00, 0x0C, 0x00, 0x80, 0x00, 0x00, 0x06, 0xC4, 0x20, 0x18, 0x00, 0x00, 0x02, 
	0x00, 0x00, 0x84, 0x00, 0x01, 0x00, 0x20, 0xFF, 0x80, 0x01, 0x30, 0x12, 0x06, 0x00, 0x00, 0x00, 
	0x08, 0x00, 0x60, 0x00, 0x08, 0x84, 0x01, 0x20, 0x22, 0x00, 0x00, 0x00, 0x00, 0x00, 0x03, 0x60, 
	0x00, 0x00, 0x00, 0x00, 0x30, 0x00, 0x09, 0x00, 0x00, 0x00, 0x00, 0x00, 0x00, 0x90, 0x04, 0x00, 
	0x00, 0x00, 0x00, 0x00, 0x00, 0x88, 0x09, 0x02, 0x00, 0x44, 0x02, 0x00, 0x00, 0x00, 0x03, 0x00, 
	0x00, 0x0C, 0x00, 0x04, 0x00, 0x00, 0x16, 0xC0, 0x08, 0x18, 0x48, 0x08, 0x00, 0x00, 0x80, 0x00, 
	0x09, 0x00, 0x05, 0xF8, 0xFA, 0x10, 0x30, 0x00, 0x00, 0xC0, 0x00, 0x00, 0x40, 0x10, 0x00, 0x00, 
	0x0C, 0x80, 0x04, 0x90, 0x00, 0x12, 0x00, 0x00, 0x00, 0x00, 0x00, 0x20, 0x01, 0x00, 0x00, 0x00, 
	0x00, 0x00, 0x06, 0x00, 0x00, 0x00, 0x00, 0x00, 0x00, 0x00, 0x00, 0x00, 0x00, 0x00, 0x00, 0x00, 
	0x00, 0x00, 0xA0, 0x01, 0x00, 0x00, 0xC0, 0x00, 0x00, 0x00, 0x00, 0x60, 0x00, 0x00, 0x20, 0xA8, 
	0x01, 0x04, 0x00, 0x00, 0x90, 0x42, 0x42, 0x48, 0x00, 0x00, 0x00, 0x01, 0x20, 0x04, 0x02, 0x00, 
	0x98, 0xFD, 0x00, 0x00, 0x00, 0x00, 0x00, 0x00, 0x00, 0x00, 0x00, 0x00, 0x00, 0x00, 0x00, 0x00, 
	0x00, 0x00, 0x00, 0x00, 0x00, 0x00, 0x00, 0x00, 0x00, 0x00, 0x00, 0x00, 0x00, 0x00, 0x00, 0x00, 
	0x00, 0x00, 0x00, 0x00, 0x00, 0x00, 0x00, 0x04, 0x00, 0x00, 0x00, 0x00, 0x00, 0x00, 0x00, 0x00, 
	0x00, 0x01, 0x00, 0x00, 0x00, 0x00, 0x00, 0x00, 0x00, 0x00, 0x00, 0x00, 0x00, 0x00, 0x00, 0x00, 
	0x00, 0x40, 0x00, 0x10, 0x00, 0x00, 0x00, 0x00, 0x00, 0x00, 0x00, 0x00, 0x00, 0xC8, 0xFA, 0x40, 
	0x00, 0x00, 0x00, 0x01, 0x00, 0x00, 0x06, 0x00, 0x00, 0x10, 0x00, 0x02, 0x40, 0x00, 0x08, 0x00, 
	0x00, 0x00, 0x00, 0x00, 0x80, 0x00, 0x00, 0x00, 0x00, 0x00, 0x00, 0x08, 0x00, 0x02, 0x00, 0x00, 
	0x00, 0x00, 0x00, 0x00, 0x10, 0x01, 0x00, 0x00, 0x00, 0x00, 0x00, 0x00, 0x88, 0x00, 0x01, 0x00, 
	0x01, 0x00, 0x00, 0x00, 0x80, 0x00, 0x00, 0x00, 0x02, 0x00, 0x80, 0x30, 0x08, 0x00, 0xC0, 0x00, 
	0x00, 0x90, 0x03, 0x00, 0x00, 0x0C, 0x82, 0x01, 0x00, 0x00, 0xE8, 0xF9, 0x2C, 0x00, 0x00, 0x80, 
	0x00, 0x00, 0x00, 0x02, 0x00, 0x00, 0x08, 0x00, 0x01, 0x20, 0x00, 0x04, 0x00, 0x00, 0x00, 0x00, 
	0x00, 0x40, 0x00, 0x00, 0x00, 0x00, 0x00, 0x00, 0x04, 0x00, 0x02, 0x00, 0x00, 0x00, 0x00, 0x00, 
	0x00, 0x04, 0x01, 0x00, 0x00, 0x00, 0x00, 0x00, 0x00, 0x02, 0x09, 0x00, 0x80, 0x00, 0x00, 0x00, 
	0x00, 0x40, 0x00, 0x00, 0x00, 0x01, 0x00, 0x08, 0x80, 0x00, 0x00, 0x80, 0x10, 0x80, 0x40, 0x03, 
	0x00, 0x00, 0x4C, 0x00, 0x45, 0x00, 0x00, 0x62, 0xFF, 0x84, 0x85, 0x00, 0x00, 0x46, 0x00, 0x00, 
	0x18, 0x01, 0x00, 0x60, 0x04, 0x4C, 0x88, 0x45, 0xB0, 0x00, 0x00, 0x00, 0x00, 0x00, 0x00, 0x0B, 
	0x00, 0x00, 0x00, 0x00, 0x00, 0xB0, 0x80, 0x00, 0x00, 0x00, 0x00, 0x00, 0x00, 0x00, 0x60, 0x00, 
	0x00, 0x00, 0x00, 0x00, 0x00, 0x00, 0x10, 0x08, 0x01, 0x00, 0x06, 0x00, 0x00, 0x00, 0x00, 0x0B, 
	0x04, 0x00, 0x2C, 0x00, 0x00, 0x30, 0x04, 0x00, 0x00, 0x04, 0x00, 0x20, 0x20, 0x00, 0x00, 0x40, 
	0x04, 0x11, 0x00, 0x00, 0x60, 0xFF, 0xE8, 0x01, 0x00, 0x80, 0x07, 0x01, 0x00, 0x1E, 0x04, 0x00, 
	0x78, 0x10, 0x0F, 0xE0, 0x01, 0x3C, 0x10, 0x00, 0x00, 0x00, 0x00, 0xC0, 0x83, 0x00, 0x00, 0x00, 
	0x00, 0x00, 0x3C, 0x08, 0x00, 0x00, 0x00, 0x00, 0x00, 0x00, 0x00, 0x00, 0x00, 0x00, 0x00, 0x00, 
	0x00, 0x00, 0x00, 0x60, 0x00, 0x00, 0x80, 0x07, 0x01, 0x00, 0x00, 0xC0, 0x03, 0x00, 0x00, 0x0F, 
	0x64, 0x40, 0x3C, 0x00, 0x00, 0x30, 0x40, 0x06, 0xC0, 0x80, 0x00, 0x00, 0x0F, 0xE0, 0x40, 0x00, 
	0x00, 0xE8, 0xF8, 0x90, 0x01, 0x00, 0x00, 0x06, 0x00, 0x00, 0x18, 0x00, 0x00, 0x60, 0x00, 0x0C, 
	0x80, 0x01, 0x30, 0x00, 0x00, 0x00, 0x00, 0x00, 0x00, 0x03, 0x00, 0x00, 0x00, 0x00, 0x00, 0x30, 
	0x80, 0x04, 0x00, 0x00, 0x00, 0x00, 0x00, 0x00, 0x40, 0x02, 0x00, 0x00, 0x00, 0x00, 0x00, 0x00, 
	0x00, 0x00, 0x00, 0x00, 0x06, 0x00, 0x00, 0x00, 0x00, 0x03, 0x00, 0x00, 0x0C, 0x00, 0x40, 0x00, 
	0x00, 0x00, 0x40, 0x00, 0x00, 0x00, 0x00, 0x00, 0x00, 0x00, 0x82, 0x00, 0x00, 0x00, 0x89, 0xFF, 
	0x80, 0x01, 0x00, 0x00, 0x06, 0x00, 0x00, 0x18, 0x00, 0x00, 0x60, 0x00, 0x0C, 0x80, 0x01, 0x30, 
	0x00, 0x00, 0x00, 0x00, 0x00, 0x00, 0x03, 0x00, 0x00, 0x00, 0x00, 0x00, 0x30, 0x80, 0x08, 0x00, 
	0x00, 0x00, 0x00, 0x00, 0x00, 0x00, 0x00, 0x00, 0x00, 0x00, 0x00, 0x00, 0x00, 0x00, 0x28, 0x00, 
	0x00, 0x06, 0x00, 0x00, 0x00, 0x00, 0x03, 0x00, 0x00, 0x0C, 0x00, 0x04, 0x30, 0x40, 0x00, 0xC0, 
	0x04, 0x81, 0x42, 0xA0, 0x00, 0x00, 0x8C, 0x80, 0x21, 0x00, 0x00, 0xF8, 0xFD, 0xA0, 0x91, 0x34, 
	0x00, 0xC0, 0x00, 0x00, 0x1A, 0x10, 0x00, 0x00, 0x0C, 0x80, 0x04, 0x04, 0x05, 0x10, 0x00, 0x00, 
	0x00, 0x00, 0x00, 0x20, 0x61, 0x08, 0x00, 0x00, 0x00, 0x00, 0x06, 0x00, 0x00, 0x00, 0x00, 0x00, 
	0x00, 0x00, 0x80, 0x00, 0x00, 0x00, 0x00, 0x00, 0x00, 0x00, 0x00, 0x88, 0x00, 0x00, 0xC0, 0x00, 
	0x00, 0x00, 0x00, 0x60, 0x00, 0x00, 0x20, 0x28, 0x00, 0x34, 0x80, 0x00, 0xD0, 0x28, 0x18, 0x43, 
	0x03, 0x00, 0x00, 0x41, 0x22, 0x30, 0x34, 0x00, 0x10, 0xFF, 0x80, 0x01, 0x00, 0x00, 0x00, 0x00, 
	0x00, 0x18, 0x00, 0x00, 0x00, 0x00, 0x00, 0x00, 0x00, 0x00, 0x00, 0x00, 0x00, 0x00, 0x00, 0x00, 
	0x00, 0x60, 0x00, 0x00, 0x00, 0x00, 0x00, 0x00, 0x01, 0x00, 0x00, 0x00, 0x00, 0x00, 0x00, 0x00, 
	0x02, 0x00, 0x00, 0x00, 0x00, 0x00, 0x00, 0x00, 0x00, 0x00, 0x00, 0x00, 0x00, 0x00, 0x00, 0x00, 
	0x00, 0x00, 0x00, 0x00, 0x00, 0x00, 0x00, 0x00, 0x06, 0xC0, 0x00, 0x00, 0x00, 0x03, 0x00, 0x00, 
	0x00, 0x00, 0x00, 0x30, 0x00, 0x20, 0xF8, 0x80, 0x81, 0x30, 0xA0, 0x01, 0x00, 0x00, 0x18, 0x08, 
	0x00, 0x10, 0x00, 0x02, 0x40, 0x00, 0x10, 0x00, 0x00, 0x00, 0x00, 0x00, 0x80, 0x00, 0x78, 0x00, 
	0x00, 0x00, 0x00, 0x0C, 0x00, 0x02, 0x00, 0x00, 0x00, 0x00, 0x00, 0x00, 0x00, 0x00, 0x00, 0x00, 
	0x00, 0x00, 0x00, 0x00, 0x40, 0x00, 0x00, 0x00, 0x01, 0x00, 0x00, 0x00, 0x80, 0x00, 0x00, 0x00, 
	0x02, 0x80, 0x01, 0x38, 0x00, 0x00, 0xF2, 0x00, 0x1E, 0x84, 0x00, 0x00, 0x00, 0x00, 0x80, 0x81, 
	0x30, 0x08, 0xF0, 0xFD, 0x08, 0x08, 0x00, 0x00, 0x00, 0x00, 0x00, 0x00, 0x00, 0x00, 0x08, 0x00, 
	0x01, 0x20, 0x00, 0x00, 0x08, 0x00, 0x00, 0x00, 0x00, 0x40, 0x00, 0x60, 0x00, 0x00, 0x00, 0x00, 
	0x00, 0x00, 0x00, 0x00, 0x00, 0x00, 0x00, 0x00, 0x00, 0x00, 0x00, 0x00, 0x00, 0x00, 0x00, 0x00, 
	0x00, 0x20, 0x00, 0x00, 0x80, 0x00, 0x00, 0x00, 0x00, 0x40, 0x00, 0x00, 0x00, 0x01, 0x80, 0x89, 
	0x04, 0x04, 0x00, 0xC0, 0x48, 0x5A, 0x40, 0x00, 0x00, 0x00, 0x40, 0x04, 0x11, 0x00, 0x00, 0x71, 
	0xFA, 0x80, 0x08, 0x00, 0x00, 0x06, 0x01, 0x00, 0x08, 0x05, 0x00, 0x60, 0x02, 0x0C, 0x80, 0x01, 
	0x00, 0x01, 0x00, 0x00, 0x00, 0x00, 0x00, 0x03, 0x00, 0x21, 0x00, 0x00, 0x00, 0x30, 0x00, 0x01, 
	0x00, 0x00, 0x00, 0x00, 0x00, 0x00, 0x00, 0x01, 0x00, 0x00, 0x00, 0x00, 0x00, 0x00, 0x80, 0x09, 
	0x00, 0x00, 0x46, 0x01, 0x00, 0x00, 0x00, 0x0B, 0x00, 0x00, 0x8C, 0x00, 0x04, 0x80, 0x00, 0x00, 
	0x00, 0x02, 0x00, 0x01, 0x20, 0x02, 0x00, 0x40, 0x00, 0x09, 0x81, 0x00, 0x71, 0xFA, 0x60, 0x41, 
	0x3C, 0x90, 0x07, 0x00, 0x00, 0x16, 0x00, 0x00, 0x78, 0x10, 0x0F, 0xE2, 0x41, 0x0C, 0x10, 0x00, 
	0x00, 0x00, 0x00, 0xC0, 0x83, 0x10, 0x00, 0x00, 0x00, 0x00, 0x3C, 0x08, 0x05, 0x00, 0x00, 0x00, 
	0x00, 0x00, 0x00, 0x00, 0x02, 0x00, 0x00, 0x00, 0x00, 0x00, 0x00, 0xC0, 0x81, 0x00, 0x80, 0x07, 
	0x00, 0x00, 0x00, 0xC0, 0x03, 0x02, 0x00, 0x0F, 0xE2, 0x81, 0x3C, 0x90, 0x01, 0xF4, 0x40, 0x06, 
	0xC4, 0x00, 0x00, 0x00, 0x03, 0xE8, 0x00, 0x0C, 0x10, 0x40, 0xFC, 0x04, 0x40, 0x30, 0x10, 0x06, 
	0x00, 0x00, 0x00, 0x04, 0x00, 0x60, 0x00, 0x0C, 0x80, 0x01, 0x00, 0x00, 0x00, 0x00, 0x00, 0x00, 
	0x00, 0x03, 0x00, 0x00, 0x00, 0x00, 0x00, 0x30, 0x00, 0x00, 0x00, 0x00, 0x00, 0x00, 0x00, 0x00, 
	0x40, 0x00, 0x00, 0x00, 0x00, 0x00, 0x00, 0x00, 0x80, 0x01, 0x00, 0x00, 0x06, 0x00, 0x00, 0x00, 
	0x00, 0x03, 0x00, 0x00, 0x0C, 0x00, 0x40, 0x00, 0x00, 0x00, 0x44, 0x00, 0x18, 0x00, 0x00, 0x00, 
	0x00, 0x00, 0x88, 0x00, 0x00, 0x10, 0xF8, 0xFC, 0x00, 0x11, 0x30, 0x00, 0x06, 0x00, 0x00, 0x90, 
	0x00, 0x00, 0x60, 0x00, 0x0C, 0x80, 0x01, 0x00, 0x21, 0x00, 0x00, 0x00, 0x00, 0x00, 0x03, 0x00, 
	0x00, 0x00, 0x00, 0x00, 0x30, 0x00, 0x00, 0x00, 0x00, 0x00, 0x00, 0x00, 0x00, 0x40, 0x00, 0x00, 
	0x00, 0x00, 0x00, 0x00, 0x00, 0x80, 0x01, 0x00, 0x00, 0x06, 0x00, 0x00, 0x00, 0x00, 0x03, 0x00, 
	0x00, 0x0C, 0x80, 0x05, 0x00, 0x10, 0x10, 0x80, 0x14, 0x18, 0x08, 0x20, 0x01, 0x00, 0x28, 0x80, 
	0x05, 0x32, 0x00, 0x28, 0xFE, 0x00, 0x30, 0x34, 0x80, 0x10, 0x00, 0x00, 0x00, 0x03, 0x00, 0x00, 
	0x0C, 0x80, 0xA4, 0x31, 0x00, 0x12, 0x20, 0x00, 0x00, 0x80, 0x40, 0x63, 0x60, 0x08, 0x00, 0x00, 
	0x00, 0x34, 0x12, 0x02, 0x00, 0x00, 0x00, 0x00, 0x00, 0x00, 0x00, 0x01, 0x00, 0x00, 0x00, 0x00, 
	0x00, 0x00, 0x20, 0x04, 0x00, 0x00, 0x10, 0x04, 0x00, 0x00, 0x40, 0x00, 0x00, 0x00, 0x20, 0x08, 
	0x08, 0x34, 0x80, 0x16, 0xC0, 0x02, 0x58, 0x40, 0x00, 0x00, 0x00, 0x01, 0xA0, 0x11, 0x00, 0x21, 
	0x78, 0xFE, 0x00, 0x00, 0x00, 0x00, 0x00, 0x01, 0x00, 0x00, 0x00, 0x00, 0x00, 0x00, 0x00, 0x80, 
	0x01, 0x00, 0x00, 0x00, 0x04, 0x00, 0x00, 0x08, 0x03, 0x60, 0x00, 0x00, 0x00, 0x00, 0x30, 0x00, 
	0x02, 0x00, 0x00, 0x00, 0x00, 0x00, 0x00, 0x00, 0x01, 0x00, 0x00, 0x00, 0x00, 0x00, 0x00, 0x00, 
	0x80, 0x00, 0x00, 0x00, 0x00, 0x00, 0x00, 0x00, 0x00, 0x00, 0x00, 0x00, 0x00, 0x40, 0x00, 0x00, 
	0x04, 0x01, 0x80, 0x00, 0x10, 0x00, 0x00, 0x00, 0x0C, 0x80, 0x81, 0x00, 0x00, 0x08, 0xFF, 0x60, 
	0x00, 0x30, 0x20, 0x02, 0x00, 0x00, 0x04, 0x00, 0x00, 0x18, 0x00, 0x02, 0x80, 0x81, 0x08, 0x80, 
	0x01, 0x00, 0x00, 0x06, 0x00, 0x03, 0x79, 0x00, 0x00, 0x00, 0x00, 0x30, 0x90, 0x00, 0x00, 0x00, 
	0x00, 0x00, 0x00, 0x00, 0x40, 0x00, 0x00, 0x00, 0x00, 0x00, 0x00, 0x00, 0x60, 0x40, 0x00, 0x00, 
	0x01, 0x00, 0x00, 0x00, 0x00, 0x03, 0x00, 0x00, 0x03, 0x40, 0x00, 0x38, 0x00, 0x06, 0xE2, 0x20, 
	0x1E, 0x04, 0x00, 0x00, 0x00, 0x03, 0xC4, 0x81, 0x08, 0x00, 0x40, 0xF9, 0x08, 0x00, 0x00, 0x00, 
	0xA0, 0x00, 0x00, 0x02, 0x00, 0x00, 0x00, 0x00, 0x01, 0x00, 0x04, 0x04, 0x00, 0x00, 0x00, 0x00, 
	0x00, 0x00, 0x08, 0x60, 0x00, 0x00, 0x00, 0x00, 0x80, 0x00, 0x00, 0x00, 0x00, 0x00, 0x00, 0x00, 
	0x00, 0x12, 0x00, 0x00, 0x00, 0x00, 0x00, 0x00, 0x00, 0x2A, 0x00, 0x00, 0x80, 0x00, 0x00, 0x00, 
	0x00, 0x00, 0xA3, 0x00, 0x00, 0x00, 0x20, 0x00, 0x04, 0x22, 0x06, 0xD0, 0x00, 0x1A, 0x00, 0x00, 
	0x00, 0x00, 0x81, 0xA0, 0x09, 0x04, 0x00, 0xE8, 0xFF, 0x80, 0x11, 0x00, 0x02, 0x40, 0x00, 0x00, 
	0x98, 0x04, 0x00, 0x60, 0x00, 0x8C, 0x80, 0x10, 0x30, 0x02, 0x16, 0x02, 0x00, 0x18, 0x03, 0x11, 
	0x00, 0x0C, 0x00, 0x00, 0x00, 0x10, 0x01, 0x00, 0x00, 0x00, 0x00, 0x00, 0x00, 0x00, 0x00, 0x00, 
	0x00, 0x00, 0x00, 0x00, 0x00, 0x00, 0x00, 0x45, 0x00, 0x00, 0x06, 0x00, 0x00, 0x00, 0x00, 0x10, 
	0x04, 0x00, 0x2C, 0x82, 0x11, 0x80, 0x00, 0x06, 0x00, 0x08, 0x00, 0x01, 0x90, 0x00, 0x00, 0x40, 
	0x00, 0x04, 0x30, 0x20, 0xF0, 0xF8, 0xE0, 0x41, 0x3C, 0x90, 0x01, 0x02, 0x00, 0x1E, 0x00, 0x00, 
	0x78, 0x10, 0x0F, 0x62, 0x41, 0x3C, 0x90, 0x07, 0x00, 0x00, 0x1E, 0xC0, 0x82, 0x10, 0x00, 0x00, 
	0x00, 0x00, 0x2C, 0x08, 0x00, 0x00, 0x00, 0x00, 0x00, 0x00, 0x00, 0x00, 0x00, 0x00, 0x00, 0x00, 
	0x00, 0x00, 0x00, 0xC0, 0x00, 0x00, 0x80, 0x07, 0x01, 0x00, 0x00, 0xC0, 0x03, 0x00, 0x00, 0x0F, 
	0xE0, 0x81, 0x3C, 0x90, 0x07, 0x34, 0x80, 0x06, 0xC4, 0x00, 0x00, 0x00, 0x03, 0xE2, 0x01, 0x39, 
	0x00, 0xD8, 0xFD, 0x84, 0x01, 0x30, 0x10, 0x00, 0x04, 0x00, 0x18, 0x00, 0x00, 0x60, 0x00, 0x0C, 
	0x00, 0x00, 0x30, 0x00, 0x06, 0x00, 0x00, 0x18, 0x00, 0x80, 0x00, 0x00, 0x00, 0x00, 0x00, 0x00, 
	0x08, 0x00, 0x00, 0x00, 0x00, 0x00, 0x00, 0x00, 0x00, 0x00, 0x00, 0x00, 0x00, 0x00, 0x00, 0x00, 
	0x00, 0x81, 0x00, 0x00, 0x06, 0x00, 0x00, 0x00, 0x00, 0x00, 0x00, 0x00, 0x0C, 0x80, 0x01, 0x00, 
	0x00, 0x06, 0xC4, 0x00, 0x18, 0x04, 0x03, 0x01, 0x00, 0x00, 0x88, 0x00, 0x31, 0x00, 0xB0, 0xF8, 
	0x80, 0x01, 0x30, 0x00, 0x40, 0x00, 0x00, 0x18, 0x00, 0x00, 0x60, 0x00, 0x0C, 0x40, 0x51, 0x30, 
	0x00, 0x06, 0x00, 0x00, 0x18, 0x80, 0x22, 0x00, 0x00, 0x00, 0x00, 0x00, 0x20, 0x02, 0x00, 0x00, 
	0x00, 0x00, 0x00, 0x00, 0x00, 0x00, 0x00, 0x00, 0x00, 0x00, 0x00, 0x00, 0x00, 0x80, 0x05, 0x00, 
	0x00, 0x06, 0x00, 0x00, 0x00, 0x00, 0x0B, 0x04, 0x00, 0x0C, 0x80, 0x01, 0x00, 0x10, 0x16, 0xC0, 
	0x22, 0x18, 0x01, 0x13, 0x00, 0x00, 0x00, 0x00, 0x09, 0x30, 0x00, 0x18, 0xF8, 0x00, 0x04, 0x35, 
	0x00, 0x10, 0x04, 0x00, 0x00, 0x03, 0x00, 0x68, 0x24, 0x80, 0xA4, 0x05, 0x34, 0x42, 0x20, 0x00, 
	0x00, 0x00, 0x40, 0x0B, 0x00, 0x20, 0x01, 0x00, 0x88, 0x80, 0x20, 0x00, 0x00, 0x00, 0x00, 0x00, 
	0x00, 0x00, 0x00, 0x00, 0x00, 0x00, 0x00, 0x00, 0x00, 0x00, 0x00, 0x88, 0x00, 0x00, 0x10, 0x04, 
	0x00, 0x00, 0x40, 0x00, 0x08, 0x00, 0x01, 0x00, 0x08, 0x34, 0x80, 0x46, 0xC4, 0x48, 0x18, 0x49, 
	0x10, 0x00, 0x00, 0x05, 0xA4, 0x50, 0x00, 0x21, 0x78, 0xFB, 0x00, 0x00, 0x00, 0x00, 0x00, 0x00, 
	0x00, 0x00, 0x00, 0x00, 0x60, 0x00, 0x00, 0x80, 0x01, 0x31, 0x00, 0x00, 0x04, 0x00, 0x00, 0x00, 
	0x03, 0x02, 0x00, 0x00, 0x00, 0x00, 0x00, 0x00, 0x00, 0x00, 0x00, 0x00, 0x00, 0x00, 0x00, 0x0A, 
	0x00, 0x00, 0x00, 0x00, 0x00, 0x00, 0x00, 0x05, 0x00, 0x00, 0x00, 0x00, 0x00, 0x00, 0x00, 0x00, 
	0x00, 0x00, 0x00, 0x00, 0x00, 0x80, 0x00, 0x00, 0x04, 0x00, 0x00, 0x00, 0x00, 0x00, 0x01, 0x00, 
	0x00, 0x00, 0x00, 0x00, 0x00, 0xA0, 0xF8, 0x60, 0x00, 0x30, 0x88, 0x01, 0x00, 0x00, 0x04, 0x00, 
	0x00, 0x60, 0x20, 0x03, 0x80, 0x01, 0x31, 0x80, 0x01, 0x00, 0x00, 0x00, 0x00, 0x03, 0x12, 0x00, 
	0x02, 0x40, 0x00, 0x0C, 0x00, 0x00, 0x00, 0x00, 0x00, 0x00, 0x00, 0x00, 0x00, 0x00, 0x00, 0x00, 
	0x00, 0x00, 0x00, 0x00, 0x60, 0x00, 0x00, 0x80, 0x01, 0x00, 0x00, 0x00, 0x00, 0x83, 0x00, 0x00, 
	0x02, 0xC0, 0x01, 0x38, 0x10, 0x06, 0xF0, 0x20, 0x1E, 0x04, 0x00, 0x02, 0x00, 0x0E, 0x02, 0x00, 
	0x0C, 0x00, 0xB8, 0xFF, 0x00, 0x00, 0xB0, 0x80, 0x00, 0x00, 0x00, 0x02, 0x00, 0x00, 0x00, 0x01, 
	0x00, 0x00, 0x00, 0x00, 0x11, 0x00, 0x00, 0x00, 0x00, 0x00, 0x00, 0x08, 0x00, 0x01, 0x20, 0x00, 
	0x00, 0x00, 0x00, 0x00, 0x00, 0x00, 0x00, 0x00, 0x00, 0x10, 0x00, 0x00, 0x00, 0x00, 0x00, 0x00, 
	0x00, 0x08, 0x00, 0x00, 0x00, 0x00, 0x00, 0x00, 0x00, 0x00, 0x23, 0x00, 0x22, 0x01, 0xA0, 0x01, 
	0x04, 0x02, 0x46, 0xD4, 0x04, 0x9A, 0x00, 0x00, 0x00, 0x00, 0x0D, 0x80, 0x21, 0x00, 0x00, 0xB8, 
	0xF9, 0x80, 0x11, 0x00, 0x21, 0x06, 0x00, 0x00, 0x18, 0x01, 0x00, 0x20, 0x12, 0x4C, 0x80, 0x48, 
	0x10, 0x21, 0x06, 0x04, 0x00, 0x00, 0x00, 0x89, 0x60, 0x04, 0x2C, 0x80, 0x85, 0x30, 0x02, 0x02, 
	0x00, 0x00, 0x00, 0x00, 0x00, 0x00, 0x18, 0x01, 0x00, 0x00, 0x00, 0x00, 0x00, 0x00, 0x8C, 0x11, 
	0x02, 0x00, 0x46, 0x01, 0x00, 0x00, 0x00, 0x10, 0x00, 0x02, 0x8C, 0x00, 0x00, 0x80, 0x00, 0x16, 
	0x01, 0x08, 0x00, 0x01, 0x02, 0x04, 0x00, 0x40, 0x00, 0x08, 0xB0, 0x00, 0xA0, 0xFB, 0xE0, 0x41, 
	0x3C, 0x80, 0x07, 0x01, 0x00, 0x1E, 0x04, 0x00, 0x58, 0x00, 0x0F, 0x64, 0x01, 0x2C, 0x80, 0x07, 
	0x00, 0x00, 0x00, 0xC0, 0x02, 0x78, 0x40, 0x0F, 0xE8, 0x01, 0x3C, 0x08, 0x07, 0x00, 0x00, 0x00, 
	0x00, 0x00, 0x00, 0x90, 0x03, 0x00, 0x00, 0x00, 0x00, 0x00, 0x00, 0xC8, 0x01, 0x00, 0x80, 0x07, 
	0x00, 0x00, 0x00, 0xC0, 0x03, 0x19, 0x20, 0x0F, 0x64, 0x80, 0x3C, 0x90, 0x07, 0x30, 0x80, 0x06, 
	0xC4, 0x00, 0x00, 0x00, 0x0B, 0x64, 0x41, 0x38, 0x20, 0x90, 0xFB, 0x80, 0x01, 0x00, 0x00, 0x06, 
	0x00, 0x00, 0x18, 0x00, 0x00, 0x00, 0x10, 0x0C, 0x00, 0x00, 0x00, 0x08, 0x06, 0x00, 0x00, 0x00, 
	0x00, 0x00, 0x60, 0x00, 0x0C, 0x80, 0x01, 0x30, 0x80, 0x05, 0x00, 0x00, 0x00, 0x00, 0x00, 0x00, 
	0xD8, 0x02, 0x00, 0x00, 0x00, 0x00, 0x00, 0x00, 0x8C, 0x01, 0x00, 0x00, 0x06, 0x00, 0x00, 0x00, 
	0x00, 0x00, 0x00, 0x40, 0x0C, 0x00, 0x00, 0x00, 0x00, 0x06, 0xC0, 0x00, 0x18, 0x04, 0x00, 0x01, 
	0x00, 0x00, 0x82, 0x41, 0x30, 0x00, 0x10, 0xF8, 0x80, 0x01, 0x30, 0x04, 0x06, 0x00, 0x00, 0x18, 
	0x00, 0x00, 0x40, 0x01, 0x0C, 0x00, 0x11, 0x21, 0x00, 0x06, 0x00, 0x00, 0x00, 0x00, 0x52, 0x68, 
	0x00, 0x0C, 0x80, 0x01, 0x30, 0x00, 0x04, 0x00, 0x00, 0x00, 0x00, 0x00, 0x00, 0x08, 0x02, 0x00, 
	0x00, 0x00, 0x00, 0x00, 0x00, 0x84, 0x01, 0x00, 0x00, 0x06, 0x00, 0x00, 0x00, 0x00, 0x0B, 0x64, 
	0x01, 0x0C, 0x00, 0x50, 0x00, 0x10, 0x16, 0xC1, 0x22, 0x18, 0x01, 0x08, 0x00, 0x00, 0x40, 0x80, 
	0x05, 0x30, 0x00, 0x70, 0xFD, 0x10, 0x00, 0x00, 0x00, 0x00, 0x00, 0x00, 0x00, 0x00, 0x00, 0x00, 
	0x00, 0x00, 0x00, 0x00, 0x00, 0x00, 0x00, 0x00, 0x00, 0x00, 0x00, 0x00, 0x00, 0x00, 0x00, 0x00, 
	0x00, 0x00, 0x00, 0x04, 0x00, 0x00, 0x00, 0x00, 0x00, 0x00, 0x00, 0x02, 0x00, 0x00, 0x00, 0x00, 
	0x00, 0x00, 0x00, 0x00, 0x00, 0x00, 0x00, 0x00, 0x00, 0x00, 0x00, 0x00, 0x00, 0x00, 0x00, 0x00, 
	0x00, 0x00, 0x00, 0x00, 0x00, 0x00, 0x00, 0x00, 0x02, 0x00, 0x00, 0x00, 0x00, 0x00, 0x00, 0x00, 
	0xE8, 0xF9, 0x20, 0x00, 0x04, 0x80, 0x00, 0x10, 0x00, 0x02, 0x40, 0x00, 0x08, 0x00, 0x01, 0x20, 
	0x00, 0x04, 0x80, 0x00, 0x10, 0x00, 0x02, 0x40, 0x00, 0x00, 0x00, 0x01, 0x20, 0x00, 0x04, 0x00, 
	0x00, 0x00, 0x00, 0x00, 0x00, 0x00, 0x00, 0x10, 0x00, 0x00, 0x00, 0x00, 0x00, 0x00, 0x00, 0x28, 
	0x00, 0x04, 0x80, 0x00, 0x10, 0x00, 0x02, 0x40, 0x00, 0x08, 0x00, 0x01, 0x20, 0x00, 0x04, 0x80, 
	0x00, 0x10, 0x00, 0x02, 0x00, 0x00, 0x08, 0x00, 0x01, 0x20, 0x00, 0x04, 0x00, 0x40, 0xFE, 0x00, 
	0x00, 0x00, 0x00, 0x00, 0x00, 0x00, 0x00, 0x00, 0x00, 0x00, 0x00, 0x00, 0x00, 0x00, 0x00, 0x00, 
	0x00, 0x00, 0x00, 0x00, 0x00, 0x00, 0x40, 0x00, 0x00, 0x00, 0x00, 0x00, 0x00, 0x00, 0x00, 0x00, 
	0x00, 0x00, 0x00, 0x00, 0x00, 0x00, 0x00, 0x00, 0x00, 0x00, 0x00, 0x00, 0x00, 0x00, 0x00, 0x00, 
	0x00, 0x00, 0x00, 0x00, 0x00, 0x00, 0x00, 0x00, 0x00, 0x00, 0x00, 0x00, 0x00, 0x00, 0x00, 0x00, 
	0x00, 0x00, 0x00, 0x00, 0x00, 0x00, 0x00, 0x00, 0x00, 0x00, 0x98, 0xFB, 0x2C, 0x00, 0x04, 0x80, 
	0x00, 0x10, 0x00, 0x02, 0x40, 0x00, 0x08, 0x00, 0x01, 0x20, 0x00, 0x04, 0x80, 0x00, 0x10, 0x00, 
	0x02, 0x40, 0x00, 0x08, 0x00, 0x01, 0x20, 0x00, 0x04, 0x00, 0x00, 0x00, 0x00, 0x00, 0x00, 0x00, 
	0x00, 0x00, 0x00, 0x00, 0x00, 0x00, 0x00, 0x00, 0x00, 0x20, 0x00, 0x04, 0x80, 0x00, 0x10, 0x00, 
	0x02, 0x40, 0x00, 0x08, 0x00, 0x01, 0x20, 0x00, 0x04, 0x80, 0x00, 0x10, 0x00, 0x02, 0x40, 0x00, 
	0x08, 0x00, 0x01, 0x20, 0x00, 0x04, 0x00, 0xF2, 0xF9, 0x04, 0x00, 0x00, 0x00, 0x00, 0x00, 0x00, 
	0x00, 0x00, 0x00, 0x00, 0x00, 0x00, 0x00, 0x00, 0x00, 0x00, 0x00, 0x00, 0x00, 0x00, 0x00, 0x00, 
	0x00, 0x00, 0x08, 0x00, 0x01, 0x00, 0x00, 0x00, 0x00, 0x00, 0x00, 0x00, 0x00, 0x00, 0x00, 0x00, 
	0x00, 0x00, 0x00, 0x00, 0x00, 0x00, 0x00, 0x00, 0x00, 0x00, 0x00, 0x00, 0x00, 0x00, 0x00, 0x02, 
	0x00, 0x00, 0x00, 0x00, 0x01, 0x00, 0x00, 0x00, 0x00, 0x00, 0x00, 0x00, 0x02, 0x00, 0x00, 0x08, 
	0x00, 0x00, 0x20, 0x00, 0xD8, 0xF8, 0x08, 0x00, 0x04, 0x00, 0x00, 0x00, 0x00, 0x00, 0x00, 0x00, 
	0x00, 0x00, 0x00, 0x00, 0x00, 0x00, 0x00, 0x00, 0x10, 0x00, 0x00, 0x00, 0x00, 0x00, 0x40, 0x00, 
	0x00, 0x00, 0x00, 0x00, 0x00, 0x00, 0x00, 0x00, 0x00, 0x00, 0x00, 0x00, 0x00, 0x00, 0x00, 0x00, 
	0x00, 0x00, 0x00, 0x00, 0x80, 0x04, 0x00, 0x00, 0x10, 0x00, 0x02, 0x00, 0x00, 0x08, 0x00, 0x00, 
	0x00, 0x00, 0x00, 0x80, 0x00, 0x00, 0x00, 0x00, 0x00, 0x00, 0x08, 0x00, 0x00, 0x00, 0x00, 0x00, 
	0x20, 0xC8, 0xFE, 0x10, 0x01, 0x00, 0x00, 0x04, 0x80, 0x00, 0x10, 0x00, 0x02, 0x40, 0x00, 0x08, 
	0x00, 0x01, 0x20, 0x00, 0x04, 0x00, 0x00, 0x10, 0x00, 0x02, 0x40, 0x00, 0x00, 0x00, 0x00, 0x20, 
	0x00, 0x00, 0x00, 0x00, 0x00, 0x00, 0x00, 0x00, 0x00, 0x00, 0x00, 0x00, 0x00, 0x00, 0x00, 0x00, 
	0x00, 0x01, 0x00, 0x00, 0x04, 0x00, 0x00, 0x00, 0x00, 0x00, 0x00, 0x00, 0x08, 0x00, 0x00, 0x20, 
	0x00, 0x00, 0x80, 0x00, 0x10, 0x00, 0x00, 0x00, 0x00, 0x00, 0x00, 0x01, 0x00, 0x00, 0x81, 0xFC, 
	0x20, 0x00, 0x04, 0x80, 0x00, 0x10, 0x00, 0x02, 0x40, 0x00, 0x08, 0x00, 0x01, 0x20, 0x00, 0x04, 
	0x80, 0x00, 0x10, 0x00, 0x02, 0x40, 0x00, 0x00, 0x00, 0x01, 0x20, 0x00, 0x04, 0x00, 0x00, 0x00, 
	0x00, 0x00, 0x00, 0x00, 0x00, 0x00, 0x00, 0x00, 0x00, 0x00, 0x00, 0x00, 0x00, 0x00, 0x00, 0x04, 
	0x80, 0x00, 0x10, 0x00, 0x02, 0x40, 0x00, 0x08, 0x00, 0x01, 0x20, 0x00, 0x04, 0x80, 0x00, 0x10, 
	0x00, 0x02, 0x40, 0x00, 0x08, 0x00, 0x01, 0x20, 0x00, 0x00, 0x00, 0x38, 0xFB, 0x00, 0x00, 0x00, 
	0x00, 0x00, 0x00, 0x00, 0x00, 0x00, 0x00, 0x00, 0x00, 0x10, 0x00, 0x00, 0x00, 0x00, 0x00, 0x08, 
	0x00, 0x00, 0x00, 0x00, 0x00, 0x00, 0x00, 0x00, 0x00, 0x00, 0x00, 0x00, 0x00, 0x00, 0x00, 0x02, 
	0x00, 0x00, 0x00, 0x00, 0x00, 0x00, 0x00, 0x00, 0x00, 0x00, 0x00, 0x00, 0x00, 0x00, 0x00, 0x00, 
	0x00, 0x00, 0x00, 0x00, 0x04, 0x00, 0x00, 0x00, 0x00, 0x00, 0x00, 0x04, 0x00, 0x00, 0x00, 0x00, 
	0x02, 0x00, 0x00, 0x00, 0x00, 0x00, 0x00, 0x40, 0xC0, 0xFF, 0x00, 0x00, 0x00, 0x00, 0x00, 0x00, 
	0x00, 0x00, 0x00, 0x00, 0x00, 0x00, 0x00, 0x00, 0x00, 0x00, 0x00, 0x00, 0x00, 0x00, 0x00, 0x00, 
	0x00, 0x00, 0x00, 0x00, 0x00, 0x00, 0x00, 0x00, 0x00, 0x00, 0x00, 0x00, 0x00, 0x00, 0x00, 0x00, 
	0x00, 0x00, 0x00, 0x00, 0x00, 0x00, 0x00, 0x00, 0x00, 0x00, 0x00, 0x00, 0x00, 0x00, 0x00, 0x00, 
	0x00, 0x00, 0x00, 0x00, 0x00, 0x01, 0x00, 0x08, 0x00, 0x00, 0x00, 0x00, 0x00, 0x00, 0x00, 0x00, 
	0x00, 0x00, 0x00, 0x00, 0x00, 0x00, 0xFF, 0x00, 0x00, 0x00, 0x00, 0x08, 0x00, 0x00, 0x10, 0x00, 
	0x00, 0x00, 0x00, 0x00, 0x00, 0x00, 0x20, 0x00, 0x00, 0x00, 0x00, 0x00, 0x00, 0x00, 0x00, 0x00, 
	0x00, 0x00, 0x00, 0x00, 0x00, 0x00, 0x00, 0x00, 0x00, 0x00, 0x00, 0x00, 0x00, 0x00, 0x00, 0x00, 
	0x00, 0x00, 0x00, 0x00, 0x00, 0x00, 0x00, 0x00, 0x04, 0x00, 0x00, 0x00, 0x00, 0x00, 0x00, 0x00, 
	0x00, 0x00, 0x00, 0x00, 0x00, 0x80, 0x00, 0x40, 0x00, 0x00, 0x40, 0x00, 0x00, 0x00, 0x00, 0x00, 
	0x02, 0x00, 0xA8, 0xF8, 0x00, 0x00, 0x00, 0x00, 0x00, 0x00, 0x00, 0x00, 0x00, 0x00, 0x80, 0x00, 
	0x00, 0x00, 0x00, 0x00, 0x10, 0x00, 0x00, 0x00, 0x00, 0x00, 0x00, 0x00, 0x00, 0x00, 0x00, 0x00, 
	0x00, 0x00, 0x00, 0x00, 0x00, 0x20, 0x08, 0x00, 0x00, 0x00, 0x00, 0x00, 0x00, 0x10, 0x08, 0x00, 
	0x00, 0x00, 0x00, 0x00, 0x00, 0x00, 0x01, 0x00, 0x00, 0x00, 0x00, 0x00, 0x00, 0x00, 0x00, 0x00, 
	0x00, 0x00, 0x00, 0x04, 0x00, 0x00, 0x00, 0x00, 0x00, 0x00, 0x00, 0x00, 0x00, 0x00, 0x00, 0x70, 
	0xFB, 0x20, 0x20, 0x00, 0x80, 0x80, 0x00, 0x00, 0x02, 0x02, 0x00, 0x08, 0x08, 0x04, 0x81, 0x20, 
	0x00, 0x00, 0x00, 0x00, 0x00, 0x00, 0x00, 0x41, 0x00, 0x00, 0x00, 0x00, 0x00, 0x04, 0x04, 0x00, 
	0x00, 0x00, 0x00, 0x00, 0x00, 0x00, 0x00, 0x00, 0x00, 0x00, 0x00, 0x00, 0x00, 0x00, 0x00, 0x84, 
	0x00, 0x80, 0x82, 0x00, 0x00, 0x00, 0x00, 0x00, 0x00, 0x00, 0x01, 0x01, 0x00, 0x00, 0x00, 0x00, 
	0x00, 0x00, 0x00, 0x00, 0x00, 0x00, 0x00, 0x00, 0x00, 0x00, 0x00, 0x00, 0xE0, 0xFF, 0x00, 0x00, 
	0x00, 0x00, 0x00, 0x00, 0x00, 0x08, 0x00, 0x00, 0x00, 0x00, 0x02, 0x40, 0x00, 0x08, 0x00, 0x00, 
	0x00, 0x00, 0x00, 0x80, 0x00, 0x00, 0x00, 0x00, 0x00, 0x00, 0x00, 0x00, 0x00, 0x00, 0x00, 0x00, 
	0x00, 0x00, 0x00, 0x00, 0x00, 0x00, 0x00, 0x00, 0x00, 0x00, 0x00, 0x00, 0x00, 0x00, 0x00, 0x00, 
	0x00, 0x00, 0x00, 0x00, 0x00, 0x00, 0x00, 0x00, 0x00, 0x00, 0x00, 0x20, 0x00, 0x00, 0x00, 0x00, 
	0x00, 0x00, 0x00, 0x00, 0x00, 0x00, 0x00, 0x00, 0x00, 0xD8, 0xFB, 0x00, 0x20, 0x00, 0x00, 0x00, 
	0x00, 0x00, 0x00, 0x00, 0x00, 0x20, 0x20, 0x04, 0x04, 0x20, 0x00, 0x00, 0x00, 0x00, 0x00, 0x10, 
	0x00, 0x00, 0x00, 0x00, 0x00, 0x00, 0x00, 0x00, 0x00, 0x00, 0x00, 0x00, 0x00, 0x00, 0x00, 0x00, 
	0x00, 0x00, 0x00, 0x00, 0x00, 0x00, 0x00, 0x00, 0x00, 0x01, 0x00, 0x90, 0x00, 0x10, 0x00, 0x00, 
	0x48, 0x00, 0x40, 0x40, 0x01, 0x02, 0x00, 0x01, 0x00, 0x00, 0x01, 0x00, 0x00, 0x00, 0x00, 0x00, 
	0x00, 0x00, 0x00, 0x00, 0x00, 0x00, 0x98, 0xF9, 0x00, 0x00, 0x01, 0x00, 0x00, 0x00, 0x00, 0x02, 
	0x42, 0x00, 0x08, 0x00, 0x00, 0x80, 0x00, 0x01, 0x00, 0x00, 0x80, 0x00, 0x00, 0x00, 0x80, 0x00, 
	0x00, 0x00, 0x08, 0x00, 0x20, 0x10, 0x00, 0x00, 0x00, 0x00, 0x00, 0x00, 0x00, 0x00, 0x00, 0x00, 
	0x00, 0x00, 0x00, 0x00, 0x00, 0x40, 0x00, 0x00, 0x04, 0x02, 0x00, 0x00, 0x00, 0x00, 0x00, 0x00, 
	0x00, 0x04, 0x08, 0x00, 0x00, 0x80, 0x00, 0x02, 0x80, 0x08, 0x04, 0x00, 0x00, 0x00, 0x00, 0x00, 
	0x00, 0x00, 0x00, 0x38, 0xFF, 0x10, 0x80, 0x01, 0x00, 0xA0, 0x00, 0x18, 0x02, 0x50, 0x80, 0x18, 
	0x20, 0x02, 0x24, 0x80, 0x61, 0x08, 0x00, 0x11, 0x00, 0x04, 0x00, 0x00, 0x22, 0x10, 0x80, 0x09, 
	0x00, 0x04, 0x20, 0x00, 0x00, 0x00, 0x00, 0x00, 0x00, 0x00, 0x00, 0x00, 0x00, 0x00, 0x00, 0x00, 
	0x00, 0x00, 0x60, 0x00, 0x00, 0xB0, 0x01, 0x20, 0x00, 0x00, 0x88, 0x50, 0x10, 0x20, 0x03, 0x0C, 
	0xA8, 0xA0, 0x85, 0x00, 0x06, 0xA0, 0x82, 0x12, 0x0A, 0x40, 0x0B, 0x18, 0x00, 0x40, 0xA0, 0x00, 
	0x74, 0xFD, 0x00, 0x00, 0x10, 0x00, 0x20, 0x00, 0x10, 0x08, 0xA9, 0x04, 0x00, 0x08, 0x00, 0x03, 
	0x00, 0x10, 0x00, 0x00, 0x80, 0x10, 0x00, 0x00, 0x00, 0x10, 0xA1, 0x80, 0x08, 0x20, 0x44, 0x04, 
	0x00, 0x00, 0x00, 0x00, 0x00, 0x00, 0x00, 0x00, 0x00, 0x00, 0x00, 0x00, 0x00, 0x00, 0x00, 0x00, 
	0x00, 0x00, 0x22, 0x80, 0x00, 0x00, 0x08, 0x00, 0x02, 0x20, 0x00, 0x08, 0x2A, 0x01, 0x64, 0x22, 
	0x61, 0x45, 0x8C, 0x92, 0x10, 0xA6, 0x45, 0x1B, 0x00, 0x00, 0x08, 0x30, 0x00, 0x00, 0xF8, 0x02, 
	0x00, 0x10, 0x00, 0x00, 0x00, 0x00, 0x02, 0x00, 0x00, 0x00, 0x00, 0x00, 0x02, 0x00, 0x20, 0x00, 
	0x00, 0x00, 0x00, 0x00, 0x00, 0x00, 0x00, 0x00, 0x00, 0x00, 0x00, 0x00, 0x00, 0x00, 0x00, 0x00, 
	0x00, 0x00, 0x00, 0x00, 0x00, 0x00, 0x00, 0x00, 0x00, 0x00, 0x00, 0x00, 0x00, 0x00, 0x00, 0x00, 
	0x00, 0x00, 0x00, 0x02, 0x00, 0x00, 0x08, 0x00, 0x00, 0x08, 0x00, 0x00, 0x00, 0x00, 0x41, 0x00, 
	0x00, 0x00, 0x00, 0x01, 0x20, 0x00, 0x00, 0x00, 0x08, 0x00, 0x61, 0xFE, 0x00, 0x00, 0x00, 0x00, 
	0x00, 0x00, 0x80, 0x00, 0x00, 0x00, 0x00, 0x40, 0x00, 0x01, 0x00, 0x00, 0x00, 0x00, 0x10, 0x80, 
	0x00, 0x00, 0x00, 0x00, 0x00, 0x00, 0x00, 0x20, 0x00, 0x10, 0x00, 0x00, 0x00, 0x00, 0x00, 0x00, 
	0x00, 0x00, 0x00, 0x00, 0x00, 0x00, 0x00, 0x00, 0x00, 0x00, 0x00, 0x00, 0x00, 0x00, 0x04, 0x00, 
	0x00, 0x80, 0x00, 0x00, 0x00, 0x04, 0x80, 0x00, 0x10, 0x00, 0x00, 0x00, 0x00, 0x08, 0x00, 0x01, 
	0x10, 0x08, 0x00, 0x00, 0x00, 0x10, 0x00, 0x6C, 0xFA, 0x00, 0x00, 0x00, 0x00, 0x00, 0x00, 0x00, 
	0x20, 0x00, 0x00, 0x00, 0x00, 0x00, 0x00, 0x00, 0x00, 0x00, 0x00, 0x00, 0x00, 0x00, 0x00, 0x00, 
	0x00, 0x00, 0x00, 0x00, 0x00, 0x00, 0x00, 0x00, 0x00, 0x00, 0x00, 0x00, 0x00, 0x00, 0x00, 0x00, 
	0x00, 0x00, 0x00, 0x00, 0x00, 0x00, 0x00, 0x00, 0x00, 0x00, 0x00, 0x00, 0x00, 0x00, 0x00, 0x02, 
	0x00, 0x00, 0x00, 0x00, 0x00, 0x00, 0x00, 0x00, 0x01, 0x00, 0x00, 0x00, 0x00, 0x00, 0x00, 0x00, 
	0x00, 0x00, 0x00, 0x00, 0x88, 0xFE, 0x00, 0x00, 0x88, 0x00, 0x00, 0x00, 0x00, 0x00, 0x00, 0x00, 
	0x00, 0x00, 0x00, 0x00, 0x00, 0x00, 0x00, 0x00, 0x00, 0x00, 0x00, 0x00, 0x00, 0x08, 0x00, 0x00, 
	0x00, 0x00, 0x00, 0x00, 0x00, 0x80, 0x00, 0x00, 0x00, 0x00, 0x00, 0x00, 0x00, 0x00, 0x80, 0x00, 
	0x00, 0x00, 0x00, 0x80, 0x00, 0x00, 0x00, 0x00, 0x00, 0x00, 0x00, 0x00, 0x00, 0x00, 0x00, 0x00, 
	0x00, 0x00, 0x20, 0x00, 0x10, 0x00, 0x00, 0x00, 0x00, 0x00, 0x00, 0x00, 0x00, 0x00, 0x00, 0x00, 
	0x04, 0xF0, 0xFE, 0x00, 0x00, 0x60, 0x00, 0x00, 0x00, 0x00, 0x00, 0x00, 0x00, 0x00, 0x00, 0x00, 
	0x00, 0x00, 0x04, 0x00, 0x00, 0x00, 0x00, 0x00, 0x00, 0x00, 0x00, 0x00, 0x00, 0x00, 0x00, 0x00, 
	0x00, 0x00, 0x00, 0x00, 0x20, 0x00, 0x00, 0x00, 0x00, 0x00, 0x00, 0x00, 0x10, 0x00, 0x00, 0x00, 
	0x00, 0x00, 0x00, 0x00, 0x00, 0x00, 0x00, 0x00, 0x00, 0x00, 0x00, 0x00, 0x00, 0x00, 0x00, 0x00, 
	0x80, 0x00, 0x00, 0x00, 0x00, 0x00, 0x00, 0x00, 0x00, 0x00, 0x00, 0x00, 0x00, 0x00, 0xF0, 0xFC, 
	0x00, 0x00, 0x40, 0x00, 0x00, 0x00, 0x00, 0x00, 0x00, 0x00, 0x00, 0x00, 0x00, 0x00, 0x00, 0x00, 
	0x00, 0x00, 0x00, 0x00, 0x00, 0x00, 0x00, 0x00, 0x00, 0x00, 0x00, 0x00, 0x00, 0x00, 0x00, 0x00, 
	0x00, 0x00, 0x00, 0x00, 0x00, 0x00, 0x00, 0x00, 0x00, 0x00, 0x00, 0x00, 0x00, 0x00, 0x80, 0x00, 
	0x00, 0x00, 0x00, 0x00, 0x00, 0x00, 0x00, 0x00, 0x00, 0x00, 0x00, 0x02, 0x00, 0x00, 0x01, 0x00, 
	0x20, 0x00, 0x04, 0x00, 0x00, 0x00, 0x00, 0x00, 0x00, 0x00, 0x00, 0xC0, 0xFD, 0x00, 0x00, 0x00, 
	0x00, 0x00, 0x00, 0x00, 0x00, 0x00, 0x00, 0x00, 0x00, 0x00, 0x00, 0x00, 0x00, 0x00, 0x00, 0x00, 
	0x00, 0x00, 0x00, 0x00, 0x00, 0x00, 0x00, 0x00, 0x00, 0x40, 0x00, 0x00, 0x20, 0x00, 0x00, 0x00, 
	0x00, 0x00, 0x00, 0x00, 0x10, 0x00, 0x00, 0x00, 0x00, 0x00, 0x00, 0x00, 0x00, 0x00, 0x00, 0x00, 
	0x00, 0x00, 0x00, 0x00, 0x00, 0x00, 0x00, 0x00, 0x00, 0x00, 0x00, 0x00, 0x00, 0x00, 0x00, 0x00, 
	0x00, 0x02, 0x00, 0x00, 0x08, 0x00, 0x00, 0x00, 0x48, 0xF9, 0x00, 0x00, 0x00, 0x00, 0x00, 0x00, 
	0x00, 0x00, 0x00, 0x00, 0x00, 0x00, 0x00, 0x01, 0x00, 0x00, 0x00, 0x00, 0x00, 0x00, 0x00, 0x00, 
	0x00, 0x00, 0x00, 0x00, 0x00, 0x00, 0x00, 0x00, 0x00, 0x00, 0x00, 0x00, 0x00, 0x00, 0x00, 0x00, 
	0x00, 0x00, 0x00, 0x00, 0x00, 0x00, 0x00, 0x00, 0x01, 0x00, 0x00, 0x00, 0x00, 0x00, 0x00, 0x00, 
	0x00, 0x00, 0x00, 0x00, 0x00, 0x00, 0x00, 0x00, 0x00, 0x00, 0x00, 0x00, 0x00, 0x00, 0x00, 0x00, 
	0x00, 0x00, 0x00, 0x00, 0x00, 0x98, 0xFF, 0x00, 0x00, 0x00, 0x00, 0x00, 0x00, 0x00, 0x00, 0x00, 
	0x00, 0x00, 0x00, 0x00, 0x00, 0x00, 0x00, 0x00, 0x00, 0x00, 0x00, 0x00, 0x00, 0x00, 0x00, 0x00, 
	0x00, 0x00, 0x00, 0x00, 0x00, 0x00, 0x00, 0x00, 0x00, 0x04, 0x00, 0x00, 0x00, 0x00, 0x00, 0x00, 
	0x00, 0x02, 0x00, 0x00, 0x00, 0x00, 0x00, 0x00, 0x00, 0x00, 0x00, 0x00, 0x40, 0x00, 0x00, 0x00, 
	0x00, 0x00, 0x00, 0x40, 0x00, 0x00, 0x00, 0x00, 0x00, 0x00, 0x00, 0x00, 0x00, 0x00, 0x40, 0x01, 
	0x00, 0x00, 0xE8, 0xF8, 0x00, 0x00, 0x00, 0x00, 0x00, 0x00, 0x00, 0x00, 0x00, 0x00, 0x00, 0x00, 
	0x00, 0x00, 0x00, 0x00, 0x00, 0x00, 0x00, 0x00, 0x00, 0x00, 0x00, 0x20, 0x00, 0x00, 0x00, 0x00, 
	0x00, 0x00, 0x00, 0x04, 0x00, 0x00, 0x00, 0x00, 0x00, 0x00, 0x00, 0x02, 0x00, 0x00, 0x00, 0x00, 
	0x00, 0x00, 0x00, 0x00, 0x00, 0x00, 0x00, 0x00, 0x00, 0x00, 0x00, 0x00, 0x00, 0x00, 0x00, 0x00, 
	0x00, 0x00, 0x00, 0x00, 0x00, 0x00, 0x00, 0x00, 0x00, 0x00, 0x00, 0x00, 0x00, 0x10, 0x00, 0xA8, 
	0xFA, 0x00, 0x00, 0x00, 0x00, 0x00, 0x00, 0x00, 0x00, 0x00, 0x00, 0x00, 0x00, 0x00, 0x00, 0x00, 
	0x00, 0x00, 0x00, 0x00, 0x00, 0x00, 0x00, 0x00, 0x00, 0x00, 0x00, 0x00, 0x00, 0x00, 0x00, 0x00, 
	0x00, 0x00, 0x00, 0x00, 0x40, 0x00, 0x00, 0x00, 0x00, 0x00, 0x00, 0x00, 0x20, 0x00, 0x00, 0x00, 
	0x00, 0x00, 0x00, 0x00, 0x00, 0x00, 0x00, 0x00, 0x40, 0x08, 0x00, 0x00, 0x00, 0x00, 0x00, 0x00, 
	0x00, 0x00, 0x00, 0x00, 0x00, 0x00, 0x00, 0x00, 0x03, 0x02, 0x01, 0x00, 0x68, 0xFE, 0x02, 0x00, 
	0x00, 0x00, 0x00, 0x00, 0x00, 0x00, 0x02, 0x00, 0x00, 0x00, 0x00, 0x00, 0x00, 0x00, 0x00, 0x00, 
	0x00, 0x00, 0x00, 0x00, 0x00, 0x00, 0x00, 0x00, 0x00, 0x00, 0x00, 0x00, 0x00, 0x00, 0x40, 0x00, 
	0x00, 0x00, 0x00, 0x00, 0x00, 0x00, 0x20, 0x00, 0x00, 0x00, 0x00, 0x00, 0x04, 0x00, 0x00, 0x00, 
	0x00, 0x00, 0x00, 0x00, 0x00, 0x00, 0x00, 0x00, 0x00, 0x00, 0x00, 0x00, 0x00, 0x00, 0x00, 0x00, 
	0x00, 0x00, 0x00, 0x00, 0x00, 0x00, 0x00, 0x00, 0x00, 0xB8, 0xFF, 0x00, 0x00, 0x00, 0x00, 0x00, 
	0x00, 0x00, 0x00, 0x00, 0x00, 0x00, 0x00, 0x00, 0x00, 0x00, 0x40, 0x00, 0x00, 0x00, 0x00, 0x00, 
	0x00, 0x00, 0x00, 0x00, 0x00, 0x00, 0x00, 0x00, 0x00, 0x00, 0x08, 0x00, 0x00, 0x00, 0x00, 0x00, 
	0x00, 0x00, 0x00, 0x00, 0x00, 0x00, 0x00, 0x00, 0x00, 0x00, 0x00, 0x00, 0x00, 0x02, 0x00, 0x00, 
	0x00, 0x00, 0x00, 0x00, 0x00, 0x80, 0x00, 0x00, 0x00, 0x00, 0x10, 0x00, 0x00, 0x00, 0x00, 0x00, 
	0x00, 0x00, 0x00, 0x20, 0x00, 0x00, 0x48, 0xFF, 0x00, 0x00, 0x00, 0x00, 0x02, 0x00, 0x00, 0x00, 
	0x00, 0x00, 0x00, 0x00, 0x00, 0x02, 0x40, 0x00, 0x00, 0x00, 0x00, 0x00, 0x00, 0x00, 0x80, 0x00, 
	0x20, 0x00, 0x00, 0x00, 0x00, 0x00, 0x00, 0x00, 0x00, 0x00, 0x00, 0x00, 0x00, 0x00, 0x00, 0x08, 
	0x00, 0x00, 0x00, 0x00, 0x00, 0x00, 0x02, 0x00, 0x00, 0x00, 0x00, 0x00, 0x00, 0x00, 0x00, 0x00, 
	0x00, 0x00, 0x00, 0x00, 0x00, 0x00, 0x00, 0x00, 0x00, 0x00, 0x00, 0x00, 0x00, 0x00, 0x00, 0x00, 
	0x00, 0x02, 0x10, 0xB8, 0xFA, 0x00, 0x00, 0x00, 0x00, 0x00, 0x00, 0x00, 0x00, 0x00, 0x00, 0x00, 
	0x00, 0x00, 0x00, 0x00, 0x00, 0x00, 0x00, 0x00, 0x00, 0x00, 0x00, 0x00, 0x00, 0x00, 0x00, 0x00, 
	0x00, 0x00, 0x00, 0x00, 0x00, 0x00, 0x00, 0x00, 0x00, 0x00, 0x00, 0x00, 0x00, 0x00, 0x00, 0x00, 
	0x00, 0x00, 0x00, 0x00, 0x00, 0x00, 0x00, 0x00, 0x00, 0x00, 0x00, 0x00, 0x00, 0x00, 0x00, 0x00, 
	0x00, 0x00, 0x08, 0x00, 0x00, 0x00, 0x00, 0x80, 0x00, 0x00, 0x00, 0x00, 0x00, 0x00, 0x00, 0x00, 
	0x90, 0xFF, 0x00, 0x00, 0x00, 0x00, 0x00, 0x00, 0x00, 0x00, 0x00, 0x00, 0x00, 0x00, 0x00, 0x00, 
	0x00, 0x00, 0x00, 0x00, 0x00, 0x00, 0x00, 0x00, 0x00, 0x00, 0x00, 0x00, 0x00, 0x00, 0x00, 0x00, 
	0x00, 0x00, 0x00, 0x04, 0x00, 0x00, 0x00, 0x00, 0x00, 0x00, 0x00, 0x02, 0x00, 0x00, 0x00, 0x00, 
	0x00, 0x00, 0x00, 0x00, 0x00, 0x00, 0x00, 0x00, 0x00, 0x00, 0x00, 0x00, 0x00, 0x00, 0x04, 0x00, 
	0x00, 0x00, 0x00, 0x00, 0x00, 0x00, 0x00, 0x00, 0x00, 0x00, 0x00, 0x00, 0x00, 0xB8, 0xFF, 0x00, 
	0x00, 0x00, 0x00, 0x00, 0x00, 0x00, 0x00, 0x00, 0x00, 0x00, 0x00, 0x00, 0x00, 0x00, 0x00, 0x00, 
	0x00, 0x00, 0x00, 0x00, 0x00, 0x00, 0x00, 0x00, 0x00, 0x00, 0x00, 0x00, 0x00, 0x00, 0x00, 0x00, 
	0x00, 0x00, 0x00, 0x00, 0x00, 0x00, 0x00, 0x00, 0x00, 0x00, 0x00, 0x00, 0x00, 0x00, 0x00, 0x00, 
	0x00, 0x00, 0x00, 0x00, 0x00, 0x00, 0x00, 0x00, 0x00, 0x00, 0x00, 0x00, 0x00, 0x00, 0x00, 0x00, 
	0x00, 0x00, 0x00, 0x00, 0x00, 0x00, 0x00, 0x00, 0x00, 0x00, 0x98, 0xFF, 0x00, 0x00, 0x00, 0x00, 
	0x00, 0x00, 0x00, 0x00, 0x00, 0x00, 0x00, 0x00, 0x00, 0x00, 0x00, 0x00, 0x00, 0x00, 0x00, 0x00, 
	0x00, 0x00, 0x00, 0x00, 0x00, 0x00, 0x02, 0x00, 0x00, 0x00, 0x00, 0x00, 0x00, 0x00, 0x00, 0x00, 
	0x00, 0x00, 0x00, 0x00, 0x00, 0x00, 0x00, 0x00, 0x00, 0x00, 0x20, 0x00, 0x00, 0x00, 0x00, 0x00, 
	0x00, 0x00, 0x00, 0x00, 0x00, 0x00, 0x00, 0x00, 0x00, 0x00, 0x00, 0x00, 0x00, 0x00, 0x00, 0x00, 
	0x00, 0x00, 0x00, 0x00, 0x00, 0x00, 0x00, 0x98, 0xFD, 0x00, 0x00, 0x00, 0x00, 0x00, 0x00, 0x00, 
	0x00, 0x00, 0x00, 0x00, 0x00, 0x00, 0x00, 0x00, 0x00, 0x00, 0x00, 0x00, 0x00, 0x00, 0x00, 0x00, 
	0x00, 0x00, 0x00, 0x00, 0x00, 0x00, 0x00, 0x00, 0x00, 0x00, 0x00, 0x00, 0x00, 0x00, 0x00, 0x00, 
	0x00, 0x00, 0x00, 0x00, 0x00, 0x00, 0x00, 0x00, 0x00, 0x00, 0x00, 0x00, 0x00, 0x00, 0x00, 0x00, 
	0x00, 0x00, 0x00, 0x00, 0x00, 0x00, 0x00, 0x00, 0x00, 0x00, 0x00, 0x00, 0x00, 0x00, 0x00, 0x00, 
	0x00, 0x00, 0x00, 0x00, 0x98, 0xFF, 0x02, 0x00, 0x00, 0x00, 0x00, 0x00, 0x00, 0x00, 0x00, 0x00, 
	0x00, 0x00, 0x00, 0x00, 0x00, 0x00, 0x00, 0x00, 0x00, 0x00, 0x00, 0x00, 0x00, 0x00, 0x00, 0x00, 
	0x00, 0x00, 0x00, 0x00, 0x00, 0x00, 0x00, 0x00, 0x00, 0x00, 0x00, 0x00, 0x00, 0x00, 0x00, 0x00, 
	0x00, 0x00, 0x00, 0x00, 0x00, 0x00, 0x00, 0x00, 0x00, 0x00, 0x00, 0x00, 0x00, 0x00, 0x00, 0x00, 
	0x00, 0x00, 0x00, 0x00, 0x00, 0x00, 0x00, 0x00, 0x00, 0x00, 0x00, 0x00, 0x00, 0x20, 0x00, 0x04, 
	0x00, 0xB8, 0xFB, 0x80, 0x00, 0x00, 0x00, 0x00, 0x00, 0x00, 0x08, 0x40, 0x80, 0x00, 0x00, 0x00, 
	0x00, 0x00, 0x00, 0x00, 0x00, 0x01, 0x00, 0x00, 0x00, 0x00, 0x00, 0x00, 0x00, 0x00, 0x00, 0x00, 
	0x00, 0x00, 0x00, 0x00, 0x00, 0x08, 0x00, 0x00, 0x00, 0x00, 0x00, 0x00, 0x00, 0x00, 0x00, 0x00, 
	0x00, 0x00, 0x00, 0x00, 0x00, 0x00, 0x00, 0x00, 0x00, 0x00, 0x00, 0x00, 0x10, 0x00, 0x00, 0x00, 
	0x00, 0x00, 0x00, 0x00, 0x00, 0x00, 0x00, 0x00, 0x00, 0x00, 0x00, 0x00, 0x00, 0x00, 0x98, 0xFA, 
	0x00, 0x00, 0x00, 0x00, 0x00, 0x00, 0x00, 0x00, 0x00, 0x00, 0x00, 0x00, 0x00, 0x00, 0x00, 0x20, 
	0x00, 0x00, 0x00, 0x00, 0x00, 0x00, 0x00, 0x00, 0x00, 0x00, 0x00, 0x00, 0x00, 0x00, 0x00, 0x00, 
	0x00, 0x00, 0x00, 0x00, 0x00, 0x00, 0x00, 0x00, 0x00, 0x00, 0x04, 0x00, 0x00, 0x00, 0x40, 0x00, 
	0x00, 0x00, 0x00, 0x00, 0x00, 0x00, 0x00, 0x00, 0x00, 0x08, 0x00, 0x00, 0x00, 0x00, 0x00, 0x22, 
	0x01, 0x24, 0x00, 0x00, 0x00, 0x00, 0x04, 0x00, 0x00, 0x00, 0x00, 0xF0, 0xFA, 0x40, 0x00, 0x00, 
	0x00, 0x00, 0x00, 0x00, 0x00, 0x00, 0x00, 0x00, 0x00, 0x00, 0x00, 0x00, 0x00, 0x08, 0x00, 0x00, 
	0x00, 0x00, 0x00, 0x00, 0x00, 0x00, 0x00, 0x00, 0x00, 0x00, 0x00, 0x04, 0x00, 0x01, 0x00, 0x00, 
	0x00, 0x00, 0x00, 0x00, 0x80, 0x00, 0x00, 0x00, 0x00, 0x00, 0x00, 0x00, 0x01, 0x00, 0x00, 0x00, 
	0x00, 0x00, 0x00, 0x00, 0x00, 0x00, 0x00, 0x00, 0x00, 0x00, 0x00, 0x00, 0x00, 0x80, 0x00, 0x10, 
	0x01, 0x00, 0x00, 0x00, 0x00, 0x00, 0x00, 0x00, 0x88, 0xFA, 0x00, 0x00, 0x00, 0x00, 0x00, 0x00, 
	0x00, 0x00, 0x00, 0x00, 0x00, 0x00, 0x00, 0x00, 0x01, 0x40, 0x00, 0x00, 0x00, 0x00, 0x00, 0x40, 
	0x00, 0x00, 0x00, 0x00, 0x00, 0x00, 0x00, 0x00, 0x00, 0x00, 0x00, 0x00, 0x00, 0x00, 0x00, 0x00, 
	0x08, 0x00, 0x00, 0x00, 0x00, 0x00, 0x00, 0x00, 0x00, 0x00, 0x00, 0x00, 0x00, 0x00, 0x00, 0x00, 
	0x00, 0x00, 0x00, 0x00, 0x00, 0x00, 0x00, 0x00, 0x00, 0x80, 0x00, 0x00, 0x00, 0x00, 0x00, 0x00, 
	0x00, 0x80, 0x40, 0x08, 0x00, 0xC8, 0xFF, 0x00, 0x00, 0x00, 0x00, 0x02, 0x00, 0x00, 0x00, 0x00, 
	0x00, 0x20, 0x00, 0x09, 0x20, 0x00, 0x00, 0x00, 0x00, 0x00, 0x00, 0x00, 0x40, 0x02, 0x08, 0x00, 
	0x00, 0x00, 0x00, 0x10, 0x00, 0x00, 0x00, 0x00, 0x00, 0x00, 0x00, 0x00, 0x00, 0x00, 0x00, 0x00, 
	0x00, 0x00, 0x00, 0x00, 0x00, 0x00, 0x00, 0x00, 0x00, 0x00, 0x00, 0x00, 0x00, 0x00, 0x00, 0x00, 
	0x00, 0x00, 0x00, 0x00, 0x00, 0x00, 0x40, 0x00, 0x28, 0x00, 0x00, 0x00, 0x00, 0x00, 0x20, 0x04, 
	0x10, 0x00, 0xC0, 0xFA, 0x00, 0x00, 0x00, 0x00, 0x00, 0x00, 0x20, 0x04, 0x00, 0x80, 0x00, 0x00, 
	0x00, 0x00, 0x00, 0x00, 0x00, 0x00, 0x00, 0x00, 0x00, 0x00, 0x00, 0x00, 0x10, 0x00, 0x00, 0x00, 
	0x00, 0x00, 0x00, 0x00, 0x00, 0x00, 0x00, 0x00, 0x02, 0x00, 0x00, 0x00, 0x00, 0x00, 0x01, 0x00, 
	0x01, 0x60, 0x00, 0x00, 0x00, 0x04, 0x00, 0x00, 0x00, 0x00, 0x80, 0x80, 0x00, 0x00, 0x00, 0x00, 
	0x00, 0x04, 0x00, 0x10, 0x00, 0x02, 0x00, 0x00, 0x00, 0x00, 0x10, 0x00, 0x00, 0x00, 0x08, 0x40, 
	0xF9, 0x90, 0x80, 0x00, 0x10, 0x00, 0x00, 0x00, 0x00, 0x00, 0x00, 0x20, 0x00, 0x00, 0x80, 0x00, 
	0x00, 0x00, 0x00, 0x00, 0x00, 0x08, 0x00, 0x01, 0x40, 0x00, 0x01, 0x00, 0x80, 0x10, 0x00, 0x00, 
	0x00, 0x00, 0x00, 0x00, 0x00, 0x00, 0x00, 0x00, 0x00, 0x00, 0x00, 0x00, 0x00, 0x00, 0x00, 0x00, 
	0x00, 0x00, 0x00, 0x04, 0x00, 0x00, 0x40, 0x00, 0x00, 0x00, 0x04, 0x04, 0x40, 0x00, 0x00, 0x00, 
	0x12, 0x00, 0x00, 0x00, 0x00, 0x02, 0x00, 0x00, 0x00, 0x00, 0x00, 0x00, 0x38, 0xFA, 0x22, 0x00, 
	0x01, 0x00, 0x00, 0x00, 0x00, 0x00, 0x04, 0x02, 0x00, 0x00, 0x08, 0x20, 0x00, 0x01, 0x00, 0x04, 
	0x00, 0x00, 0x00, 0x00, 0x00, 0x02, 0x00, 0x08, 0x20, 0x00, 0x04, 0x10, 0x00, 0x00, 0x00, 0x00, 
	0x04, 0x00, 0x00, 0x00, 0x00, 0x00, 0x00, 0x00, 0x00, 0x00, 0x00, 0x00, 0x00, 0x04, 0x80, 0x00, 
	0x00, 0x00, 0x02, 0x00, 0x00, 0x08, 0x20, 0x00, 0x00, 0x00, 0x08, 0x00, 0x00, 0x10, 0x00, 0x02, 
	0x80, 0x00, 0x08, 0x00, 0x00, 0x00, 0x00, 0x00, 0x00, 0x48, 0xFF, 0x60, 0x83, 0x01, 0x10, 0x00, 
	0x00, 0x00, 0x00, 0x50, 0x00, 0x10, 0x00, 0x01, 0x60, 0x00, 0x01, 0x80, 0x00, 0x00, 0x00, 0x04, 
	0x80, 0x00, 0x12, 0x00, 0x03, 0x20, 0x80, 0x0C, 0x20, 0x00, 0x00, 0x00, 0x00, 0x04, 0x00, 0x00, 
	0x00, 0x00, 0x00, 0x00, 0x00, 0x00, 0x00, 0x00, 0x00, 0x00, 0x04, 0x80, 0x00, 0x02, 0x00, 0x52, 
	0x80, 0x00, 0xC8, 0x40, 0x02, 0x04, 0x80, 0x04, 0x05, 0x00, 0xB2, 0x01, 0x52, 0x40, 0x00, 0xE9, 
	0x00, 0x00, 0x00, 0x40, 0x00, 0x00, 0xD8, 0xFC, 0x80, 0x20, 0x10, 0x04, 0x01, 0x01, 0x98, 0x10, 
	0x00, 0x00, 0x60, 0x18, 0x04, 0x01, 0x00, 0x10, 0x20, 0x01, 0x00, 0x48, 0x01, 0x00, 0x20, 0x02, 
	0xA0, 0x80, 0x08, 0x03, 0x00, 0x08, 0x00, 0x00, 0x00, 0x00, 0x00, 0x00, 0x00, 0x00, 0x00, 0x00, 
	0x00, 0x04, 0x02, 0x40, 0x00, 0xA0, 0x00, 0x44, 0x22, 0x04, 0x00, 0x00, 0x62, 0x00, 0x40, 0x20, 
	0x10, 0x00, 0x80, 0x20, 0x21, 0x84, 0xC0, 0x81, 0x98, 0x48, 0x94, 0x62, 0x40, 0x45, 0x0C, 0x28, 
	0x00, 0x28, 0x00, 0xD8, 0xFC, 0x80, 0x00, 0x10, 0x00, 0x00, 0x01, 0x00, 0x00, 0x00, 0x00, 0x20, 
	0x20, 0x04, 0x00, 0x00, 0x10, 0x00, 0x00, 0x00, 0x00, 0x00, 0x00, 0x00, 0x00, 0x00, 0x00, 0x00, 
	0x00, 0x00, 0x08, 0x00, 0x00, 0x00, 0x00, 0x00, 0x00, 0x00, 0x00, 0x00, 0x00, 0x00, 0x08, 0x02, 
	0x00, 0x00, 0x80, 0x00, 0x00, 0x00, 0x00, 0x00, 0x00, 0x00, 0x00, 0x00, 0x20, 0x40, 0x00, 0x40, 
	0x00, 0x00, 0x00, 0x00, 0x01, 0x00, 0x08, 0x04, 0x00, 0x00, 0x00, 0x08, 0x00, 0x00, 0x00, 0x00, 
	0xE0, 0xFF, 0x00, 0x40, 0x00, 0x20, 0x00, 0x00, 0x10, 0x10, 0x00, 0x00, 0x40, 0x40, 0x00, 0x04, 
	0x00, 0x00, 0x00, 0x00, 0x00, 0x00, 0x00, 0x00, 0x00, 0x00, 0x00, 0x00, 0x80, 0x00, 0x00, 0x00, 
	0x00, 0x00, 0x00, 0x00, 0x00, 0x00, 0x00, 0x00, 0x00, 0x00, 0x00, 0x00, 0x00, 0x10, 0x00, 0x00, 
	0x00, 0x00, 0x00, 0x02, 0x00, 0x00, 0x00, 0x00, 0x00, 0x02, 0x00, 0x00, 0x00, 0x40, 0x04, 0x10, 
	0x00, 0x42, 0x20, 0x00, 0x00, 0x81, 0x10, 0x00, 0x02, 0x00, 0x00, 0x08, 0x00, 0xB0, 0xFC, 0x00, 
	0x00, 0x00, 0x00, 0x00, 0x00, 0x00, 0x00, 0x00, 0x00, 0x00, 0x00, 0x00, 0x00, 0x00, 0x00, 0x00, 
	0x10, 0x00, 0x00, 0x00, 0x00, 0x00, 0x10, 0x00, 0x00, 0x00, 0x00, 0x00, 0x00, 0x00, 0x00, 0x00, 
	0x00, 0x00, 0x00, 0x00, 0x00, 0x00, 0x00, 0x01, 0x00, 0x00, 0x00, 0x00, 0x80, 0x00, 0x00, 0x00, 
	0x00, 0x00, 0x00, 0x00, 0x80, 0x00, 0x00, 0x00, 0x00, 0x00, 0x00, 0x00, 0x00, 0x00, 0x80, 0x10, 
	0x42, 0x00, 0x00, 0x00, 0x00, 0x00, 0x00, 0x00, 0x80, 0x00, 0x28, 0xFB, 0x00, 0x00, 0x00, 0x00, 
	0x00, 0x00, 0x00, 0x00, 0x20, 0x00, 0x00, 0x00, 0x00, 0x00, 0x00, 0x00, 0x00, 0x00, 0x00, 0x00, 
	0x00, 0x00, 0x00, 0x00, 0x00, 0x00, 0x80, 0x00, 0x00, 0x00, 0x00, 0x00, 0x10, 0x00, 0x04, 0x00, 
	0x00, 0x00, 0x00, 0x00, 0x00, 0x00, 0x02, 0x00, 0x00, 0x00, 0x00, 0x00, 0x00, 0x00, 0x00, 0x00, 
	0x00, 0x00, 0x00, 0x00, 0x00, 0x00, 0x00, 0x00, 0x00, 0x00, 0x00, 0x00, 0x10, 0x00, 0x00, 0x08, 
	0x00, 0x00, 0x20, 0x00, 0x02, 0x00, 0x00, 0xA8, 0xFB, 0x00, 0x00, 0x00, 0x00, 0x00, 0x80, 0x00, 
	0x00, 0x00, 0x00, 0x00, 0x00, 0x00, 0x00, 0x00, 0x08, 0x40, 0x04, 0x00, 0x00, 0x12, 0x00, 0x00, 
	0x00, 0x20, 0x00, 0x00, 0x00, 0x00, 0x00, 0x00, 0x00, 0x00, 0x00, 0x00, 0x00, 0x00, 0x00, 0x00, 
	0x00, 0x00, 0x00, 0x00, 0x00, 0x00, 0x00, 0x01, 0x00, 0x00, 0x00, 0x00, 0x00, 0x00, 0x00, 0x00, 
	0x00, 0x00, 0x00, 0x40, 0x00, 0x00, 0x00, 0x00, 0x00, 0x00, 0x00, 0x00, 0x00, 0x00, 0x00, 0x02, 
	0x00, 0x80, 0x00, 0x00, 0xD8, 0xFD, 0x02, 0x00, 0x00, 0x00, 0x00, 0x00, 0x00, 0x02, 0x00, 0x00, 
	0x00, 0x00, 0x00, 0x00, 0x00, 0x00, 0x0C, 0x00, 0x00, 0x00, 0x00, 0x00, 0x00, 0x00, 0x00, 0x00, 
	0x00, 0x00, 0x00, 0x00, 0x00, 0x00, 0x00, 0x00, 0x00, 0x10, 0x00, 0x00, 0x00, 0x00, 0x00, 0x00, 
	0x00, 0x08, 0x00, 0x00, 0x00, 0x00, 0x00, 0x02, 0x00, 0x00, 0x00, 0x00, 0x00, 0x00, 0x00, 0x00, 
	0x00, 0x00, 0x00, 0x00, 0x00, 0x00, 0x00, 0x00, 0x00, 0x00, 0x00, 0x00, 0x00, 0x00, 0x00, 0x01, 
	0x80, 0x30, 0xF9, 0x02, 0x00, 0x00, 0x00, 0x00, 0x00, 0x00, 0x00, 0x00, 0x00, 0x00, 0x00, 0x00, 
	0x00, 0x00, 0x00, 0x00, 0x02, 0x00, 0x00, 0x00, 0x00, 0x00, 0x20, 0x00, 0x00, 0x80, 0x00, 0x00, 
	0x00, 0x00, 0x00, 0x00, 0x00, 0x00, 0x00, 0x00, 0x00, 0x00, 0x00, 0x00, 0x00, 0x00, 0x00, 0x00, 
	0x00, 0x40, 0x00, 0x00, 0x00, 0x00, 0x00, 0x00, 0x00, 0x00, 0x00, 0x00, 0x00, 0x00, 0x02, 0x00, 
	0x00, 0x01, 0x00, 0x00, 0x00, 0x00, 0x00, 0x00, 0x00, 0x00, 0x00, 0x00, 0x00, 0x00, 0x24, 0xFF, 
	0x00, 0x00, 0x00, 0x00, 0x00, 0x00, 0x00, 0x00, 0x00, 0x00, 0x00, 0x00, 0x20, 0x00, 0x04, 0x00, 
	0x00, 0x00, 0x00, 0x00, 0x00, 0x00, 0x08, 0x00, 0x00, 0x00, 0x00, 0x00, 0x00, 0x00, 0x00, 0x40, 
	0x00, 0x00, 0x00, 0x00, 0x00, 0x01, 0x00, 0x20, 0x00, 0x00, 0x00, 0x00, 0x80, 0x00, 0x00, 0x00, 
	0x00, 0x00, 0x00, 0x00, 0x00, 0x00, 0x00, 0x00, 0x00, 0x00, 0x00, 0x00, 0x00, 0x00, 0x08, 0x00, 
	0x00, 0x00, 0x00, 0x00, 0x00, 0x00, 0x00, 0x00, 0x00, 0x00, 0x00, 0x18, 0xFA, 0x00, 0x00, 0x00, 
	0x00, 0x00, 0x00, 0x00, 0x00, 0x00, 0x00, 0x00, 0x00, 0x00, 0x00, 0x00, 0x00, 0x00, 0x00, 0x00, 
	0x00, 0x00, 0x00, 0x00, 0x00, 0x00, 0x00, 0x40, 0x00, 0x00, 0x00, 0x00, 0x00, 0x00, 0x10, 0x00, 
	0x00, 0x00, 0x00, 0x00, 0x00, 0x00, 0x00, 0x01, 0x00, 0x00, 0x00, 0x00, 0x00, 0x00, 0x00, 0x00, 
	0x00, 0x00, 0x00, 0x00, 0x00, 0x00, 0x00, 0x00, 0x00, 0x00, 0x00, 0x00, 0x00, 0x00, 0x00, 0x00, 
	0x00, 0x00, 0x00, 0x00, 0x00, 0x00, 0x00, 0x00, 0x98, 0xFA, 0x00, 0x00, 0x00, 0x04, 0x00, 0x00, 
	0x00, 0x00, 0x10, 0x00, 0x00, 0x00, 0x00, 0x00, 0x00, 0x00, 0x00, 0x00, 0x00, 0x00, 0x00, 0x00, 
	0x00, 0x00, 0x80, 0x00, 0x00, 0x00, 0x00, 0x00, 0x00, 0x10, 0x00, 0x00, 0x00, 0x00, 0x00, 0x00, 
	0x00, 0x80, 0x00, 0x00, 0x00, 0x00, 0x00, 0x00, 0x00, 0x00, 0x00, 0x00, 0x00, 0x00, 0x00, 0x00, 
	0x00, 0x04, 0x00, 0x00, 0x00, 0x00, 0x00, 0x00, 0x00, 0x00, 0x00, 0x00, 0x00, 0x00, 0x00, 0x00, 
	0x00, 0x00, 0x00, 0x00, 0x00, 0xC8, 0xFF, 0x00, 0x00, 0x04, 0x00, 0x00, 0x00, 0x00, 0x44, 0x00, 
	0x00, 0x00, 0x00, 0x00, 0x00, 0x40, 0x00, 0x20, 0x00, 0x00, 0x00, 0x00, 0x00, 0x00, 0x00, 0x00, 
	0x00, 0x00, 0x00, 0x00, 0x00, 0x00, 0x00, 0x00, 0x00, 0x00, 0x00, 0x00, 0x00, 0x00, 0x00, 0x00, 
	0x00, 0x00, 0x00, 0x00, 0x00, 0x00, 0x00, 0x00, 0x00, 0x00, 0x00, 0x00, 0x00, 0x00, 0x00, 0x00, 
	0x00, 0x00, 0x01, 0x00, 0x00, 0x00, 0x00, 0x00, 0x00, 0x00, 0x00, 0x00, 0x00, 0x08, 0x00, 0x00, 
	0x00, 0x00, 0x20, 0xF9, 0x00, 0x00, 0x00, 0x80, 0x81, 0x00, 0x00, 0x00, 0x00, 0x00, 0x10, 0x00, 
	0x00, 0x00, 0x00, 0x00, 0x00, 0x00, 0x00, 0x00, 0x00, 0x00, 0x00, 0x00, 0x00, 0x00, 0x00, 0x00, 
	0x08, 0x00, 0x00, 0x00, 0x00, 0x00, 0x00, 0x00, 0x00, 0x00, 0x00, 0x00, 0x00, 0x00, 0x00, 0x00, 
	0x00, 0x00, 0x00, 0x00, 0x00, 0x00, 0x00, 0x00, 0x00, 0x00, 0x00, 0x00, 0x00, 0x00, 0x00, 0x00, 
	0x00, 0x80, 0x00, 0x00, 0x00, 0x00, 0x00, 0x00, 0x00, 0x00, 0x00, 0x00, 0x01, 0x20, 0x00, 0xB0, 
	0xFC, 0x00, 0x00, 0x00, 0x00, 0x00, 0x00, 0x00, 0x00, 0x00, 0x00, 0x00, 0x00, 0x00, 0x00, 0x00, 
	0x00, 0x00, 0x00, 0x00, 0x00, 0x00, 0x00, 0x00, 0x00, 0x00, 0x00, 0x00, 0x00, 0x00, 0x00, 0x00, 
	0x00, 0x00, 0x00, 0x00, 0x00, 0x00, 0x00, 0x00, 0x00, 0x00, 0x00, 0x00, 0x00, 0x00, 0x00, 0x00, 
	0x00, 0x00, 0x00, 0x00, 0x00, 0x00, 0x00, 0x00, 0x00, 0x00, 0x00, 0x00, 0x00, 0x04, 0x00, 0x00, 
	0x00, 0x20, 0x00, 0x00, 0x00, 0x00, 0x00, 0x00, 0x00, 0x00, 0x00, 0x00, 0xF8, 0xF9, 0x40, 0x04, 
	0x00, 0x00, 0x00, 0x00, 0x00, 0x00, 0x00, 0x00, 0x00, 0x00, 0x00, 0x00, 0x00, 0x00, 0x20, 0x00, 
	0x00, 0x00, 0x00, 0x00, 0x00, 0x00, 0x00, 0x00, 0x00, 0x00, 0x00, 0x00, 0x00, 0x00, 0x01, 0x00, 
	0x00, 0x00, 0x00, 0x00, 0x00, 0x40, 0x00, 0x00, 0x00, 0x00, 0x00, 0x00, 0x00, 0x01, 0x00, 0x00, 
	0x00, 0x00, 0x00, 0x00, 0x00, 0x00, 0x00, 0x00, 0x00, 0x00, 0x10, 0x00, 0x00, 0x00, 0x00, 0x00, 
	0x00, 0x00, 0x00, 0x00, 0x00, 0x00, 0x20, 0x00, 0x00, 0x88, 0xF9, 0x00, 0x00, 0x00, 0x80, 0x02, 
	0x01, 0x00, 0x00, 0x40, 0x00, 0x02, 0x00, 0x00, 0x00, 0x00, 0x00, 0x00, 0x22, 0x01, 0x00, 0x80, 
	0x08, 0x00, 0x00, 0x00, 0x0D, 0x00, 0x04, 0x14, 0x11, 0x00, 0x00, 0x00, 0x00, 0x00, 0x00, 0x00, 
	0x00, 0x00, 0x00, 0x00, 0x00, 0x00, 0x00, 0x00, 0x00, 0x84, 0x04, 0x00, 0x00, 0x10, 0x00, 0x02, 
	0x40, 0x89, 0x00, 0x00, 0x00, 0x80, 0x85, 0x04, 0x80, 0x46, 0x00, 0x00, 0x8A, 0x50, 0x00, 0x00, 
	0x21, 0x00, 0x20, 0x80, 0x00, 0x00, 0x90, 0xFC, 0x00, 0x00, 0x00, 0x00, 0x02, 0x00, 0x00, 0x00, 
	0x00, 0x00, 0x00, 0x00, 0x00, 0x00, 0x00, 0x00, 0x00, 0x02, 0x00, 0x00, 0x00, 0x00, 0x00, 0x00, 
	0x00, 0x0C, 0x00, 0x40, 0x00, 0x00, 0x00, 0x00, 0x00, 0x00, 0x00, 0x00, 0x00, 0x00, 0x00, 0x00, 
	0x00, 0x00, 0x00, 0x00, 0x00, 0x00, 0x00, 0x00, 0x00, 0x00, 0x00, 0x00, 0x00, 0x00, 0x02, 0x00, 
	0x00, 0x00, 0x00, 0x00, 0x00, 0x00, 0x04, 0x02, 0x00, 0x10, 0x00, 0x03, 0x00, 0x00, 0x00, 0x00, 
	0x00, 0x00, 0x00, 0x30, 0xFB, 0x00, 0x00, 0x00, 0x80, 0x07, 0x00, 0x00, 0x00, 0xC0, 0x02, 0x01, 
	0x00, 0x00, 0x00, 0x00, 0x00, 0x00, 0x07, 0x01, 0x00, 0x1C, 0x00, 0x00, 0x00, 0x00, 0x0C, 0xE0, 
	0x01, 0x30, 0x00, 0x00, 0x00, 0x00, 0x00, 0x00, 0x00, 0x00, 0x00, 0x00, 0x00, 0x00, 0x00, 0x00, 
	0x00, 0x00, 0xC0, 0x81, 0x00, 0x00, 0x00, 0xC0, 0x20, 0x1E, 0xC0, 0x83, 0x00, 0x00, 0x00, 0xE0, 
	0x01, 0x31, 0x08, 0x06, 0x00, 0x00, 0x18, 0x00, 0x00, 0x78, 0x00, 0x00, 0x80, 0x81, 0x00, 0x00, 
	0x58, 0xFA, 0x00, 0x00, 0x00, 0x00, 0x40, 0x02, 0x00, 0x00, 0x00, 0x21, 0x00, 0x00, 0x00, 0x00, 
	0x00, 0x00, 0x80, 0x00, 0x00, 0x00, 0x1A, 0x00, 0x00, 0x00, 0x00, 0x0C, 0xA0, 0x01, 0x30, 0x12, 
	0x00, 0x00, 0x00, 0x00, 0x00, 0x00, 0x00, 0x00, 0x00, 0x00, 0x00, 0x00, 0x00, 0x00, 0x00, 0x20, 
	0x10, 0x00, 0x00, 0x00, 0xC0, 0x04, 0x00, 0x05, 0x20, 0x00, 0x00, 0x00, 0x80, 0x09, 0x30, 0x00, 
	0x04, 0x01, 0x00, 0x18, 0x11, 0x10, 0x04, 0x20, 0x00, 0x00, 0x10, 0x00, 0x00, 0xF0, 0xFF, 0x00, 
	0x00, 0x00, 0x00, 0x05, 0x00, 0x00, 0x00, 0x80, 0x02, 0x00, 0x00, 0x00, 0x00, 0x00, 0x00, 0x00, 
	0x05, 0x00, 0x00, 0x00, 0x01, 0x00, 0x00, 0x00, 0x2C, 0x04, 0x10, 0x00, 0x06, 0x00, 0x00, 0x00, 
	0x00, 0x00, 0x00, 0x00, 0x00, 0x00, 0x00, 0x00, 0x00, 0x00, 0x00, 0x00, 0x80, 0x09, 0x01, 0x20, 
	0x00, 0x00, 0x02, 0x00, 0x01, 0x01, 0x00, 0x00, 0x00, 0x00, 0x30, 0x00, 0x02, 0x12, 0x08, 0x00, 
	0x88, 0x08, 0x40, 0x60, 0x02, 0x00, 0x80, 0x04, 0x02, 0x00, 0x70, 0xFB, 0x00, 0x00, 0x00, 0x80, 
	0x04, 0x00, 0x00, 0x00, 0x40, 0x02, 0x00, 0x00, 0x00, 0x00, 0x00, 0x00, 0x80, 0x04, 0x00, 0x00, 
	0x06, 0x08, 0x00, 0x00, 0x00, 0x0F, 0x60, 0x80, 0x2C, 0x00, 0x00, 0x00, 0x00, 0x00, 0x00, 0x00, 
	0x00, 0x00, 0x00, 0x00, 0x00, 0x00, 0x00, 0x00, 0x00, 0xE0, 0x01, 0x0C, 0x00, 0x00, 0xF0, 0x80, 
	0x06, 0xC4, 0x02, 0x01, 0x00, 0x00, 0x60, 0x00, 0x3C, 0x90, 0x07, 0x00, 0x00, 0x1E, 0xC0, 0x00, 
	0x78, 0x10, 0x00, 0x60, 0x01, 0x00, 0x00, 0xA8, 0xFF, 0x00, 0x00, 0x00, 0x00, 0x05, 0x00, 0x00, 
	0x00, 0x80, 0x02, 0x00, 0x00, 0x00, 0x00, 0x00, 0x00, 0x00, 0x05, 0x00, 0x00, 0x00, 0x04, 0x00, 
	0x00, 0x00, 0x00, 0x00, 0x00, 0x01, 0x00, 0x00, 0x00, 0x00, 0x00, 0x00, 0x00, 0x00, 0x00, 0x00, 
	0x00, 0x00, 0x00, 0x00, 0x00, 0x00, 0x80, 0x01, 0x30, 0x20, 0x00, 0x00, 0x80, 0x00, 0x08, 0x01, 
	0x01, 0x00, 0x00, 0x80, 0x01, 0x00, 0x00, 0x06, 0x00, 0x00, 0x08, 0x04, 0x00, 0x61, 0x00, 0x00, 
	0x80, 0x00, 0x00, 0x00, 0xB0, 0xFD, 0x00, 0x00, 0x00, 0x00, 0x02, 0x00, 0x00, 0x00, 0x00, 0x01, 
	0x00, 0x00, 0x00, 0x00, 0x00, 0x00, 0x00, 0x02, 0x00, 0x00, 0x40, 0x00, 0x00, 0x00, 0x00, 0x80, 
	0x08, 0x04, 0x20, 0x05, 0x00, 0x00, 0x00, 0x00, 0x00, 0x00, 0x00, 0x00, 0x00, 0x00, 0x00, 0x00, 
	0x00, 0x00, 0x00, 0xA0, 0x81, 0x30, 0x00, 0x00, 0xC0, 0x00, 0x00, 0x01, 0x22, 0x00, 0x00, 0x00, 
	0x80, 0x51, 0x30, 0x40, 0xA6, 0x00, 0x00, 0x98, 0x00, 0x00, 0x60, 0x0A, 0x00, 0x80, 0x11, 0x01, 
	0x00, 0x08, 0xFC, 0x10, 0x00, 0x00, 0x80, 0x00, 0x51, 0x80, 0x00, 0x40, 0x00, 0x02, 0x00, 0x00, 
	0x00, 0x00, 0x00, 0x00, 0x20, 0x01, 0x00, 0x80, 0x08, 0x00, 0x00, 0x00, 0x01, 0x00, 0x00, 0x00, 
	0x21, 0x00, 0x00, 0x00, 0x00, 0x00, 0x00, 0x00, 0x00, 0x00, 0x00, 0x00, 0x00, 0x00, 0x00, 0x00, 
	0xA0, 0x40, 0x14, 0x02, 0x00, 0x00, 0x00, 0x80, 0x10, 0x00, 0x08, 0x00, 0x00, 0x20, 0x80, 0x00, 
	0x80, 0x00, 0x02, 0x00, 0x00, 0x40, 0x03, 0x00, 0x00, 0x2C, 0xA0, 0x04, 0x00, 0x00, 0xB8, 0xF9, 
	0x00, 0x00, 0x00, 0x00, 0x00, 0x40, 0x00, 0x00, 0x00, 0x00, 0x00, 0x00, 0x00, 0x00, 0x00, 0x00, 
	0x00, 0x00, 0x00, 0x00, 0x00, 0x00, 0x00, 0x00, 0x00, 0x00, 0x00, 0x00, 0x00, 0x00, 0x00, 0x00, 
	0x00, 0x00, 0x00, 0x00, 0x00, 0x0C, 0x00, 0x00, 0x00, 0x00, 0x00, 0x00, 0x00, 0x06, 0x01, 0x00, 
	0x10, 0x00, 0x00, 0x00, 0x00, 0x00, 0x00, 0x00, 0x00, 0x00, 0x00, 0x00, 0x00, 0x00, 0x00, 0x00, 
	0x00, 0x00, 0x00, 0x03, 0x00, 0x00, 0x0C, 0x08, 0x41, 0x00, 0x00, 0x38, 0xFE, 0x00, 0x00, 0x00, 
	0x80, 0x05, 0xF0, 0x40, 0x00, 0xC0, 0x02, 0x01, 0x00, 0x00, 0x00, 0x00, 0x00, 0x00, 0x05, 0x01, 
	0x00, 0x1C, 0x00, 0x00, 0x00, 0x00, 0x0F, 0x00, 0x00, 0x3C, 0x00, 0x00, 0x00, 0x00, 0x00, 0x00, 
	0x00, 0x00, 0x08, 0x00, 0x00, 0x00, 0x00, 0x00, 0x00, 0x00, 0xE4, 0x41, 0x30, 0x20, 0x00, 0x00, 
	0x00, 0x04, 0x00, 0x00, 0x10, 0x00, 0x00, 0x80, 0x81, 0x00, 0x00, 0x06, 0x04, 0x00, 0x00, 0x00, 
	0x03, 0x00, 0x00, 0x0F, 0x80, 0x01, 0x00, 0x00, 0x30, 0xFC, 0x0C, 0x00, 0x00, 0x00, 0x42, 0x02, 
	0x08, 0x00, 0x00, 0x21, 0x00, 0x00, 0x00, 0x00, 0x00, 0x00, 0x80, 0x02, 0x00, 0x00, 0x1A, 0x00, 
	0x00, 0x00, 0x00, 0x0C, 0x00, 0x00, 0x00, 0x10, 0x00, 0x00, 0x00, 0x00, 0x00, 0x00, 0x00, 0x00, 
	0x00, 0x00, 0x00, 0x00, 0x00, 0x00, 0x00, 0x00, 0x00, 0x00, 0x00, 0x00, 0x00, 0x00, 0x02, 0x00, 
	0x00, 0x08, 0x00, 0x00, 0x00, 0x10, 0x00, 0x00, 0x00, 0x00, 0x00, 0x00, 0x00, 0x50, 0x00, 0x00, 
	0x0D, 0x00, 0x01, 0x02, 0x00, 0xFB, 0xFB, 0x04, 0x00, 0x00, 0x00, 0x05, 0xA0, 0x00, 0x00, 0x80, 
	0x02, 0x00, 0x00, 0x00, 0x00, 0x00, 0x00, 0x00, 0x05, 0x00, 0x00, 0x00, 0x01, 0x00, 0x00, 0x00, 
	0x80, 0x02, 0x00, 0xB0, 0x08, 0x00, 0x00, 0x00, 0x00, 0x00, 0x00, 0x00, 0x00, 0x00, 0x00, 0x00, 
	0x00, 0x00, 0x00, 0x00, 0x80, 0x00, 0x10, 0x00, 0x00, 0x00, 0x00, 0x18, 0x11, 0x00, 0x60, 0x41, 
	0x00, 0x80, 0x08, 0x02, 0x00, 0x22, 0x00, 0x00, 0x00, 0x00, 0x20, 0x01, 0x00, 0x80, 0x80, 0x10, 
	0x00, 0x00, 0x69, 0xFC, 0x08, 0x00, 0x00, 0x80, 0x04, 0x90, 0x00, 0x00, 0x40, 0x02, 0x00, 0x00, 
	0x00, 0x00, 0x00, 0x00, 0x80, 0x04, 0x00, 0x00, 0x06, 0x08, 0x00, 0x00, 0x00, 0x03, 0x00, 0x00, 
	0x3C, 0x00, 0x00, 0x00, 0x00, 0x00, 0x00, 0x00, 0x00, 0x00, 0x00, 0x00, 0x00, 0x00, 0x00, 0x00, 
	0x00, 0x60, 0x81, 0x2C, 0x10, 0x00, 0x00, 0x00, 0x1C, 0x00, 0x00, 0x78, 0x00, 0x00, 0x60, 0x01, 
	0x00, 0x80, 0x05, 0x02, 0x00, 0x00, 0xC0, 0x00, 0x00, 0x00, 0x03, 0xE2, 0x81, 0x00, 0x00, 0x08, 
	0xF9, 0x10, 0x00, 0x00, 0x00, 0x05, 0xA0, 0x00, 0x00, 0x80, 0x02, 0x00, 0x00, 0x00, 0x00, 0x00, 
	0x00, 0x00, 0x05, 0x00, 0x00, 0x00, 0x04, 0x00, 0x00, 0x00, 0x00, 0x00, 0x00, 0x30, 0x10, 0x00, 
	0x00, 0x00, 0x00, 0x00, 0x00, 0x00, 0x00, 0x00, 0x00, 0x00, 0x00, 0x00, 0x00, 0x00, 0x80, 0x00, 
	0x10, 0x20, 0x00, 0x00, 0x00, 0x18, 0x00, 0x00, 0x60, 0x00, 0x00, 0x80, 0x00, 0x00, 0x00, 0x02, 
	0x00, 0x00, 0x00, 0x00, 0x00, 0x00, 0x00, 0x00, 0x80, 0x00, 0x00, 0x00, 0x61, 0xFB, 0x00, 0x00, 
	0x00, 0x00, 0x02, 0x40, 0x00, 0x00, 0x00, 0x01, 0x00, 0x00, 0x00, 0x00, 0x00, 0x00, 0x00, 0x02, 
	0x00, 0x00, 0x00, 0x01, 0x00, 0x00, 0x00, 0x20, 0x02, 0x00, 0x30, 0x00, 0x00, 0x00, 0x00, 0x00, 
	0x00, 0x00, 0x00, 0x00, 0x00, 0x00, 0x00, 0x00, 0x00, 0x00, 0x00, 0x00, 0x05, 0x31, 0x01, 0x00, 
	0x00, 0x00, 0x1A, 0x00, 0x00, 0x68, 0x00, 0x00, 0x80, 0x05, 0x01, 0x00, 0x16, 0x04, 0x00, 0x00, 
	0x00, 0x13, 0x04, 0x00, 0x00, 0x80, 0x85, 0x00, 0x00, 0x98, 0xF9, 0x00, 0x00, 0x00, 0x80, 0x00, 
	0x11, 0x80, 0x00, 0x40, 0x00, 0x02, 0x00, 0x00, 0x00, 0x00, 0x00, 0x09, 0x20, 0x01, 0x00, 0x02, 
	0x00, 0x00, 0x00, 0x00, 0x81, 0x24, 0x00, 0x00, 0x21, 0x00, 0x00, 0x00, 0x00, 0x00, 0x00, 0x00, 
	0x00, 0x00, 0x00, 0x00, 0x00, 0x00, 0x00, 0x00, 0x00, 0x84, 0x14, 0x06, 0x20, 0x00, 0x00, 0x02, 
	0x40, 0x81, 0x60, 0x02, 0x00, 0xA0, 0x01, 0x00, 0x80, 0x06, 0x02, 0x00, 0x02, 0x40, 0x03, 0x00, 
	0x00, 0x00, 0x20, 0x80, 0x00, 0x00, 0x20, 0xFA, 0x00, 0x00, 0x00, 0x00, 0x00, 0x00, 0x00, 0x00, 
	0x00, 0x00, 0x00, 0x00, 0x00, 0x00, 0x00, 0x00, 0x00, 0x00, 0x00, 0x00, 0x00, 0x00, 0x00, 0x00, 
	0x00, 0x08, 0x00, 0x00, 0x00, 0x00, 0x00, 0x00, 0x00, 0x00, 0x00, 0x00, 0x00, 0x00, 0x00, 0x00, 
	0x00, 0x00, 0x00, 0x00, 0x00, 0x00, 0x00, 0x00, 0x00, 0x00, 0x04, 0x00, 0x18, 0x00, 0x02, 0x00, 
	0x40, 0x00, 0x00, 0x00, 0x00, 0x00, 0x04, 0x00, 0x00, 0x00, 0x00, 0x00, 0x00, 0x00, 0x00, 0x00, 
	0x00, 0x00, 0x00, 0xA8, 0xF8, 0x00, 0x00, 0x00, 0x80, 0x05, 0xB0, 0x40, 0x00, 0xC0, 0x02, 0x01, 
	0x00, 0x00, 0x00, 0x00, 0x08, 0x00, 0x05, 0x01, 0x00, 0x18, 0x00, 0x00, 0x00, 0x00, 0x00, 0x80, 
	0x01, 0x3C, 0x00, 0x00, 0x00, 0x00, 0x00, 0x00, 0x00, 0x00, 0x00, 0x00, 0x00, 0x00, 0x00, 0x00, 
	0x00, 0x00, 0xC0, 0x01, 0x30, 0x20, 0x01, 0x02, 0x00, 0x06, 0xC8, 0x83, 0x70, 0x20, 0x00, 0x80, 
	0x81, 0x00, 0x00, 0x06, 0x01, 0x00, 0x1E, 0xC0, 0x00, 0x00, 0x00, 0x00, 0x80, 0x81, 0x00, 0x00, 
	0x40, 0xFE, 0x08, 0x00, 0x00, 0x00, 0x42, 0x42, 0x08, 0x00, 0x00, 0x21, 0x00, 0x00, 0x00, 0x00, 
	0x00, 0x04, 0x80, 0x02, 0x00, 0x00, 0x18, 0x00, 0x00, 0x00, 0x00, 0x80, 0x82, 0x01, 0x00, 0x10, 
	0x00, 0x00, 0x00, 0x00, 0x00, 0x00, 0x00, 0x00, 0x00, 0x00, 0x00, 0x00, 0x00, 0x00, 0x00, 0x20, 
	0x90, 0x00, 0x80, 0x00, 0x00, 0x00, 0x18, 0x01, 0x00, 0x08, 0x01, 0x00, 0x80, 0x09, 0x00, 0x00, 
	0x46, 0x00, 0x00, 0x18, 0x00, 0x10, 0x04, 0x00, 0x00, 0x00, 0x10, 0x00, 0x00, 0x00, 0xFD, 0x00, 
	0x00, 0x00, 0x00, 0x05, 0xA0, 0x00, 0x00, 0x80, 0x02, 0x00, 0x00, 0x00, 0x00, 0x00, 0x30, 0x01, 
	0x05, 0x00, 0x00, 0x18, 0x09, 0x00, 0x00, 0x00, 0x20, 0x82, 0x91, 0x30, 0x00, 0x00, 0x00, 0x00, 
	0x00, 0x00, 0x00, 0x00, 0x00, 0x00, 0x00, 0x00, 0x00, 0x00, 0x00, 0x00, 0x80, 0x81, 0x10, 0x00, 
	0x40, 0x00, 0x00, 0x98, 0x00, 0x01, 0x00, 0x0C, 0x00, 0x80, 0x11, 0x00, 0x00, 0x22, 0x04, 0x00, 
	0x00, 0x11, 0x40, 0x00, 0x00, 0x00, 0x80, 0x00, 0x01, 0x00, 0x40, 0xFC, 0x00, 0x00, 0x00, 0x80, 
	0x04, 0x90, 0x00, 0x00, 0x40, 0x02, 0x00, 0x00, 0x00, 0x00, 0x00, 0x3C, 0x90, 0x04, 0x00, 0x00, 
	0x1A, 0x00, 0x00, 0x00, 0x00, 0x03, 0xE0, 0x01, 0x3C, 0x08, 0x00, 0x00, 0x00, 0x00, 0x00, 0x00, 
	0x00, 0x00, 0x00, 0x00, 0x00, 0x00, 0x00, 0x00, 0x00, 0xE0, 0x01, 0x2C, 0x90, 0x01, 0x02, 0x00, 
	0x1E, 0xC4, 0x02, 0x19, 0x00, 0x00, 0xE0, 0x81, 0x00, 0x80, 0x07, 0x00, 0x00, 0x06, 0xC0, 0x00, 
	0x00, 0x00, 0x00, 0x60, 0x01, 0x00, 0x00, 0xD0, 0xF9, 0x04, 0x00, 0x00, 0x00, 0x05, 0xA0, 0x00, 
	0x00, 0x80, 0x02, 0x00, 0x00, 0x00, 0x00, 0x00, 0x30, 0x00, 0x05, 0x00, 0x00, 0x00, 0x00, 0x00, 
	0x00, 0x00, 0x00, 0x82, 0x01, 0x30, 0x10, 0x00, 0x00, 0x00, 0x00, 0x00, 0x00, 0x00, 0x00, 0x00, 
	0x00, 0x00, 0x00, 0x00, 0x00, 0x00, 0x80, 0x01, 0x11, 0x20, 0x00, 0x02, 0x00, 0x18, 0x00, 0x01, 
	0x61, 0x00, 0x00, 0x80, 0x01, 0x00, 0x00, 0x02, 0x00, 0x00, 0x00, 0x10, 0x00, 0x01, 0x00, 0x00, 
	0x80, 0x00, 0x00, 0x00, 0xD8, 0xFA, 0x00, 0x00, 0x00, 0x00, 0x02, 0x40, 0x00, 0x00, 0x00, 0x01, 
	0x00, 0x00, 0x00, 0x00, 0x00, 0x30, 0x00, 0x02, 0x00, 0x00, 0x00, 0x00, 0x00, 0x00, 0x00, 0x80, 
	0x80, 0x81, 0xB0, 0x00, 0x00, 0x00, 0x00, 0x00, 0x00, 0x00, 0x00, 0x00, 0x00, 0x00, 0x00, 0x00, 
	0x00, 0x00, 0x00, 0xA0, 0x01, 0x30, 0x81, 0x16, 0x00, 0x00, 0x00, 0x04, 0x22, 0x68, 0x21, 0x00, 
	0x80, 0x85, 0x00, 0x00, 0xA6, 0x00, 0x00, 0x80, 0x00, 0x00, 0x00, 0x00, 0x00, 0x80, 0x09, 0x01, 
	0x00, 0x08, 0xFA, 0x00, 0x00, 0x00, 0x80, 0x00, 0x11, 0x80, 0x00, 0x40, 0x00, 0x02, 0x00, 0x00, 
	0x00, 0x00, 0x00, 0x09, 0x24, 0x01, 0x00, 0x02, 0x00, 0x00, 0x00, 0x00, 0x44, 0x00, 0x10, 0x14, 
	0x11, 0x00, 0x00, 0x00, 0x00, 0x00, 0x00, 0x00, 0x00, 0x00, 0x00, 0x00, 0x00, 0x00, 0x00, 0x00, 
	0x00, 0x08, 0x36, 0x80, 0x02, 0x01, 0x00, 0x80, 0x10, 0x00, 0x60, 0x02, 0x00, 0xA0, 0x48, 0x04, 
	0x00, 0x16, 0x02, 0x00, 0x02, 0x40, 0x03, 0x68, 0x00, 0x00, 0x80, 0x85, 0x00, 0x00, 0x00, 0xF9, 
	0x00, 0x00, 0x00, 0x00, 0x00, 0x00, 0x00, 0x00, 0x00, 0x00, 0x00, 0x00, 0x00, 0x00, 0x00, 0x00, 
	0x00, 0x02, 0x00, 0x00, 0x00, 0x00, 0x00, 0x00, 0x00, 0x04, 0x08, 0x80, 0x00, 0x00, 0x00, 0x00, 
	0x00, 0x00, 0x00, 0x00, 0x00, 0x00, 0x00, 0x00, 0x00, 0x00, 0x00, 0x00, 0x00, 0x00, 0x00, 0x00, 
	0x00, 0x04, 0x00, 0x00, 0x00, 0x00, 0x00, 0x00, 0x40, 0x00, 0x00, 0x01, 0x00, 0x00, 0x06, 0x00, 
	0x00, 0x00, 0x00, 0x00, 0x00, 0x00, 0x00, 0x00, 0x00, 0x00, 0x00, 0xC8, 0xFB, 0x00, 0x00, 0x00, 
	0x80, 0x05, 0xB0, 0x40, 0x00, 0xC0, 0x02, 0x01, 0x00, 0x00, 0x00, 0x00, 0x08, 0x00, 0x05, 0x01, 
	0x00, 0x18, 0x00, 0x00, 0x00, 0x00, 0x0E, 0x60, 0x00, 0x30, 0x00, 0x00, 0x00, 0x00, 0x00, 0x00, 
	0x00, 0x00, 0x00, 0x00, 0x00, 0x00, 0x00, 0x00, 0x00, 0x00, 0x40, 0x80, 0x30, 0x80, 0x07, 0x01, 
	0x00, 0x04, 0x00, 0x00, 0x70, 0x20, 0x00, 0x80, 0x01, 0x30, 0x88, 0x07, 0x01, 0x00, 0x18, 0xC0, 
	0x03, 0x61, 0x10, 0x00, 0xE0, 0x01, 0x00, 0x00, 0xB0, 0xFA, 0x08, 0x00, 0x00, 0x00, 0x42, 0x42, 
	0x08, 0x00, 0x00, 0x21, 0x00, 0x00, 0x00, 0x00, 0x00, 0x04, 0x80, 0x02, 0x00, 0x00, 0x00, 0x10, 
	0x00, 0x00, 0x00, 0x41, 0x02, 0x00, 0x30, 0x41, 0x00, 0x00, 0x00, 0x00, 0x00, 0x00, 0x00, 0x00, 
	0x00, 0x00, 0x00, 0x00, 0x00, 0x00, 0x00, 0x20, 0x00, 0x30, 0x11, 0x10, 0x00, 0x00, 0x02, 0x00, 
	0x00, 0x08, 0x02, 0x00, 0x00, 0x11, 0x32, 0x01, 0x16, 0x00, 0x00, 0x18, 0x00, 0x03, 0x00, 0x04, 
	0x00, 0x80, 0x11, 0x02, 0x00, 0x62, 0xFF, 0x00, 0x00, 0x00, 0x00, 0x05, 0xA0, 0x00, 0x00, 0x80, 
	0x02, 0x00, 0x00, 0x00, 0x00, 0x00, 0xB0, 0x00, 0x05, 0x00, 0x00, 0x18, 0x00, 0x00, 0x00, 0x00, 
	0x0A, 0x80, 0x49, 0x00, 0x06, 0x00, 0x00, 0x00, 0x00, 0x00, 0x00, 0x00, 0x00, 0x00, 0x00, 0x00, 
	0x00, 0x00, 0x00, 0x00, 0x00, 0x10, 0x00, 0x20, 0x02, 0x00, 0x00, 0x58, 0x00, 0x00, 0x00, 0x0C, 
	0x00, 0x80, 0x10, 0x00, 0x02, 0xC0, 0x00, 0x00, 0x98, 0x10, 0x40, 0x00, 0x40, 0x00, 0x00, 0x30, 
	0x00, 0x00, 0x60, 0xFC, 0x00, 0x00, 0x00, 0x80, 0x04, 0x90, 0x00, 0x00, 0x40, 0x02, 0x00, 0x00, 
	0x00, 0x00, 0x00, 0x3C, 0x88, 0x05, 0x00, 0x00, 0x02, 0x00, 0x00, 0x00, 0x00, 0x09, 0xE0, 0x01, 
	0x2C, 0x00, 0x00, 0x00, 0x00, 0x00, 0x00, 0x00, 0x00, 0x00, 0x00, 0x00, 0x00, 0x00, 0x00, 0x00, 
	0x00, 0x60, 0x00, 0x3D, 0x80, 0x05, 0x02, 0x00, 0x1C, 0x08, 0x00, 0x18, 0x00, 0x00, 0xE0, 0x81, 
	0x3C, 0x90, 0x07, 0x00, 0x00, 0x1E, 0xC0, 0x00, 0x78, 0x00, 0x00, 0x60, 0x00, 0x00, 0x00, 0x50, 
	0xF9, 0x04, 0x00, 0x00, 0x00, 0x05, 0xA0, 0x00, 0x00, 0x80, 0x02, 0x00, 0x00, 0x00, 0x00, 0x00, 
	0x30, 0x00, 0x05, 0x00, 0x00, 0x00, 0x00, 0x00, 0x00, 0x00, 0x0A, 0x80, 0x01, 0x00, 0x10, 0x00, 
	0x00, 0x00, 0x00, 0x00, 0x00, 0x00, 0x00, 0x00, 0x00, 0x00, 0x00, 0x00, 0x00, 0x00, 0x00, 0x00, 
	0x00, 0x20, 0x02, 0x02, 0x00, 0x18, 0x00, 0x00, 0x60, 0x20, 0x00, 0x80, 0x00, 0x00, 0x00, 0x06, 
	0x00, 0x00, 0x18, 0x04, 0x00, 0x60, 0x00, 0x00, 0x80, 0x41, 0x00, 0x00, 0x11, 0xF8, 0x00, 0x00, 
	0x00, 0x00, 0x02, 0x40, 0x00, 0x00, 0x00, 0x01, 0x00, 0x00, 0x00, 0x00, 0x00, 0x30, 0x00, 0x04, 
	0x00, 0x00, 0x18, 0x00, 0x00, 0x00, 0x00, 0x04, 0x80, 0x01, 0x20, 0x00, 0x00, 0x00, 0x00, 0x00, 
	0x00, 0x00, 0x00, 0x00, 0x00, 0x00, 0x00, 0x00, 0x00, 0x00, 0x00, 0xA0, 0x11, 0x31, 0x00, 0x44, 
	0x00, 0x00, 0x1A, 0x00, 0x00, 0x68, 0x00, 0x00, 0x80, 0x85, 0xB0, 0x20, 0xA6, 0x00, 0x00, 0x98, 
	0x00, 0x10, 0x64, 0x22, 0x00, 0x80, 0x11, 0x00, 0x00, 0x28, 0xFD, 0x10, 0x00, 0x00, 0x80, 0x00, 
	0x11, 0x80, 0x00, 0x40, 0x00, 0x02, 0x00, 0x00, 0x00, 0x00, 0x04, 0x80, 0xC6, 0x00, 0x00, 0x02, 
	0x00, 0x00, 0x00, 0x00, 0x40, 0xA0, 0x09, 0x02, 0x21, 0x00, 0x00, 0x00, 0x00, 0x00, 0x00, 0x00, 
	0x00, 0x00, 0x00, 0x00, 0x00, 0x00, 0x00, 0x00, 0x80, 0x09, 0x16, 0x11, 0x26, 0x00, 0x00, 0x02, 
	0x00, 0x13, 0x60, 0x02, 0x00, 0x20, 0x80, 0x00, 0x80, 0x46, 0x04, 0x00, 0x00, 0x40, 0x03, 0x08, 
	0x22, 0x40, 0xA8, 0x44, 0x00, 0x00, 0xF8, 0xFC, 0x00, 0x00, 0x00, 0x00, 0x00, 0x00, 0x00, 0x00, 
	0x00, 0x00, 0x00, 0x00, 0x00, 0x00, 0x00, 0x00, 0x00, 0x04, 0x00, 0x00, 0x00, 0x00, 0x00, 0x00, 
	0x00, 0x00, 0x08, 0x00, 0x00, 0x00, 0x00, 0x00, 0x00, 0x00, 0x00, 0x00, 0x00, 0x00, 0x00, 0x00, 
	0x00, 0x00, 0x00, 0x00, 0x00, 0x00, 0x00, 0x00, 0x00, 0x00, 0x04, 0x00, 0x00, 0x00, 0x00, 0x02, 
	0x40, 0x00, 0x00, 0x00, 0x00, 0x00, 0x06, 0x00, 0x00, 0x00, 0x00, 0x00, 0x00, 0x00, 0x00, 0x00, 
	0x01, 0x00, 0x00, 0x68, 0xF8, 0x00, 0x00, 0x00, 0x80, 0x05, 0xB0, 0x40, 0x00, 0xC0, 0x02, 0x01, 
	0x00, 0x00, 0x00, 0x00, 0x0C, 0x00, 0x06, 0x00, 0x00, 0x18, 0x00, 0x00, 0x00, 0x00, 0x0A, 0x80, 
	0x01, 0x3C, 0x00, 0x00, 0x00, 0x00, 0x00, 0x00, 0x00, 0x00, 0x00, 0x00, 0x00, 0x00, 0x00, 0x00, 
	0x00, 0x00, 0xC0, 0x01, 0x00, 0x20, 0x07, 0x00, 0x00, 0x06, 0x80, 0x03, 0x71, 0x00, 0x00, 0x80, 
	0x81, 0x00, 0x00, 0x06, 0x02, 0x00, 0x00, 0xC0, 0x00, 0x21, 0x20, 0x03, 0x80, 0x01, 0x00, 0x00, 
	0xE8, 0xF8, 0x0C, 0x00, 0x00, 0x00, 0x42, 0x42, 0x08, 0x00, 0x00, 0x21, 0x00, 0x00, 0x00, 0x00, 
	0x00, 0x04, 0x00, 0xA0, 0x00, 0x00, 0x00, 0x04, 0x00, 0x00, 0x00, 0x45, 0x82, 0x21, 0x00, 0x42, 
	0x00, 0x00, 0x00, 0x00, 0x00, 0x00, 0x00, 0x00, 0x00, 0x00, 0x00, 0x00, 0x00, 0x00, 0x00, 0x20, 
	0x48, 0x80, 0x80, 0x20, 0x08, 0x00, 0x00, 0x45, 0x08, 0x08, 0x10, 0x00, 0x00, 0x10, 0x00, 0x00, 
	0x46, 0x00, 0x00, 0x00, 0x00, 0x00, 0x40, 0x02, 0x00, 0x00, 0x05, 0x02, 0x00, 0x5A, 0xFB, 0x04, 
	0x00, 0x00, 0x00, 0x05, 0xA0, 0x00, 0x00, 0x80, 0x02, 0x00, 0x00, 0x00, 0x00, 0x00, 0x30, 0x12, 
	0x02, 0x01, 0x00, 0x18, 0x00, 0x00, 0x00, 0x00, 0x0A, 0x80, 0x00, 0x31, 0x0A, 0x00, 0x00, 0x00, 
	0x00, 0x00, 0x00, 0x00, 0x00, 0x00, 0x00, 0x00, 0x00, 0x00, 0x00, 0x00, 0x00, 0x30, 0x00, 0x00, 
	0xC0, 0x00, 0x00, 0x58, 0x10, 0x60, 0x00, 0x0C, 0x00, 0x80, 0x00, 0x02, 0x00, 0xC2, 0x00, 0x00, 
	0x00, 0x00, 0x00, 0x04, 0x80, 0x8C, 0x90, 0x10, 0x00, 0x00, 0xA0, 0xFD, 0x08, 0x00, 0x00, 0x80, 
	0x04, 0x90, 0x00, 0x00, 0x40, 0x02, 0x00, 0x00, 0x00, 0x00, 0x00, 0x3C, 0x80, 0x05, 0x00, 0x00, 
	0x02, 0x00, 0x00, 0x00, 0x00, 0x09, 0x60, 0x01, 0x3C, 0x00, 0x00, 0x00, 0x00, 0x00, 0x00, 0x00, 
	0x00, 0x00, 0x00, 0x00, 0x00, 0x00, 0x00, 0x00, 0x00, 0x60, 0x00, 0x0C, 0x90, 0x01, 0x00, 0x00, 
	0x06, 0xC0, 0x00, 0x18, 0x00, 0x00, 0x60, 0x01, 0x00, 0x80, 0x01, 0x00, 0x00, 0x00, 0xC0, 0x00, 
	0x58, 0x00, 0x0E, 0xE0, 0x81, 0x00, 0x00, 0x00, 0xF9, 0x10, 0x00, 0x00, 0x00, 0x05, 0xA0, 0x00, 
	0x00, 0x80, 0x02, 0x00, 0x00, 0x00, 0x00, 0x00, 0x30, 0x00, 0x00, 0x00, 0x00, 0x00, 0x00, 0x00, 
	0x00, 0x00, 0x0A, 0x80, 0x00, 0x30, 0x00, 0x00, 0x00, 0x00, 0x00, 0x00, 0x00, 0x00, 0x00, 0x00, 
	0x00, 0x00, 0x00, 0x00, 0x00, 0x00, 0x80, 0x01, 0x01, 0x20, 0x06, 0x00, 0x00, 0x00, 0x00, 0x03, 
	0x62, 0x00, 0x00, 0x80, 0x00, 0x00, 0x00, 0x00, 0x00, 0x00, 0x00, 0x00, 0x00, 0x00, 0x20, 0x0C, 
	0x80, 0x00, 0x00, 0x00, 0x71, 0xFE, 0x00, 0x00, 0x00, 0x00, 0x02, 0x40, 0x00, 0x00, 0x00, 0x01, 
	0x00, 0x00, 0x00, 0x00, 0x00, 0x30, 0x00, 0x20, 0x01, 0x00, 0x18, 0x00, 0x00, 0x00, 0x00, 0x04, 
	0x00, 0x29, 0x30, 0x10, 0x00, 0x00, 0x00, 0x00, 0x00, 0x00, 0x00, 0x00, 0x00, 0x00, 0x00, 0x00, 
	0x00, 0x00, 0x00, 0xA0, 0x05, 0x00, 0x80, 0x46, 0x02, 0x00, 0x18, 0x44, 0x23, 0x68, 0x20, 0x00, 
	0x80, 0x05, 0x02, 0x00, 0x20, 0x08, 0x00, 0x00, 0x00, 0x50, 0x40, 0x00, 0x0D, 0x80, 0x85, 0x00, 
	0x00, 0xB0, 0xF9, 0x00, 0x00, 0x00, 0x80, 0x00, 0x11, 0x80, 0x00, 0x40, 0x00, 0x02, 0x00, 0x00, 
	0x00, 0x00, 0x00, 0x89, 0x06, 0x00, 0x00, 0x02, 0x00, 0x00, 0x00, 0x00, 0x40, 0xA0, 0x01, 0x14, 
	0x11, 0x00, 0x00, 0x00, 0x00, 0x00, 0x00, 0x00, 0x00, 0x00, 0x00, 0x00, 0x00, 0x00, 0x00, 0x00, 
	0xA0, 0x48, 0x04, 0x01, 0x26, 0x00, 0x00, 0x02, 0x00, 0x13, 0x60, 0x02, 0x00, 0xA0, 0x10, 0x00, 
	0x80, 0x06, 0x12, 0x00, 0x00, 0x40, 0x00, 0x00, 0x21, 0x00, 0x20, 0x80, 0x00, 0x00, 0x2C, 0xFA, 
	0x00, 0x00, 0x00, 0x00, 0x00, 0x00, 0x00, 0x00, 0x00, 0x00, 0x00, 0x00, 0x00, 0x00, 0x00, 0x00, 
	0x00, 0x00, 0x00, 0x00, 0x00, 0x00, 0x00, 0x00, 0x00, 0x00, 0x88, 0x01, 0x00, 0x00, 0x00, 0x00, 
	0x00, 0x00, 0x00, 0x00, 0x00, 0x00, 0x00, 0x00, 0x00, 0x00, 0x00, 0x00, 0x00, 0x00, 0x01, 0x00, 
	0x10, 0x00, 0x04, 0x00, 0x00, 0x00, 0x00, 0x02, 0x40, 0x00, 0x00, 0x41, 0x00, 0x00, 0x04, 0x00, 
	0x00, 0x00, 0x00, 0x00, 0x00, 0x00, 0x00, 0x00, 0x00, 0x00, 0x00, 0x80, 0xFD, 0x00, 0x00, 0x00, 
	0x80, 0x05, 0xB0, 0x40, 0x00, 0xC0, 0x02, 0x01, 0x00, 0x00, 0x00, 0x00, 0x08, 0x80, 0x07, 0x00, 
	0x00, 0x18, 0x00, 0x00, 0x00, 0x00, 0x0A, 0x80, 0x01, 0x30, 0x20, 0x00, 0x00, 0x00, 0x00, 0x00, 
	0x00, 0x00, 0x00, 0x00, 0x00, 0x00, 0x00, 0x00, 0x00, 0x00, 0xE0, 0x01, 0x30, 0x00, 0x07, 0x00, 
	0x00, 0x1E, 0x80, 0x03, 0x70, 0x00, 0x00, 0x80, 0x01, 0x00, 0x00, 0x06, 0xC4, 0x20, 0x00, 0xC0, 
	0x00, 0x18, 0x00, 0x00, 0x80, 0x81, 0x00, 0x00, 0x98, 0xFD, 0x08, 0x00, 0x00, 0x00, 0x42, 0x42, 
	0x08, 0x00, 0x00, 0x21, 0x00, 0x00, 0x00, 0x00, 0x00, 0x04, 0x00, 0x06, 0x01, 0x00, 0x80, 0x04, 
	0x00, 0x00, 0x00, 0x45, 0x82, 0x01, 0x30, 0x01, 0x00, 0x00, 0x00, 0x00, 0x00, 0x00, 0x00, 0x00, 
	0x00, 0x00, 0x00, 0x00, 0x00, 0x00, 0x00, 0x00, 0x50, 0x00, 0x90, 0x20, 0x04, 0x00, 0x00, 0x44, 
	0x00, 0x09, 0x40, 0x00, 0x00, 0x09, 0x02, 0x00, 0x00, 0xC0, 0x04, 0x00, 0x00, 0x53, 0x00, 0x00, 
	0x00, 0x00, 0x10, 0x00, 0x00, 0xA1, 0xF9, 0x00, 0x00, 0x00, 0x00, 0x05, 0xA0, 0x00, 0x00, 0x80, 
	0x02, 0x00, 0x00, 0x00, 0x00, 0x00, 0x30, 0x01, 0x26, 0x00, 0x00, 0x18, 0x00, 0x00, 0x00, 0x00, 
	0x0A, 0x00, 0x10, 0x00, 0x06, 0x00, 0x00, 0x00, 0x00, 0x00, 0x00, 0x00, 0x00, 0x00, 0x00, 0x00, 
	0x00, 0x00, 0x00, 0x00, 0x80, 0x00, 0x10, 0x01, 0xC0, 0x00, 0x00, 0x80, 0x00, 0x60, 0x00, 0x0C, 
	0x00, 0x80, 0x10, 0x00, 0x00, 0x02, 0x08, 0x02, 0x00, 0x00, 0x23, 0x01, 0x22, 0x00, 0x80, 0x00, 
	0x00, 0x00, 0x69, 0xFF, 0x00, 0x00, 0x00, 0x80, 0x04, 0x90, 0x00, 0x00, 0x40, 0x02, 0x00, 0x00, 
	0x00, 0x00, 0x00, 0x3C, 0x88, 0x07, 0x01, 0x00, 0x02, 0x00, 0x00, 0x00, 0x00, 0x09, 0x60, 0x80, 
	0x2C, 0x00, 0x00, 0x00, 0x00, 0x00, 0x00, 0x00, 0x00, 0x00, 0x00, 0x00, 0x00, 0x00, 0x00, 0x00, 
	0x00, 0x60, 0x81, 0x2C, 0x88, 0x01, 0x00, 0x00, 0x06, 0xC4, 0x00, 0x18, 0x00, 0x00, 0xE0, 0x81, 
	0x00, 0x80, 0x05, 0xF0, 0x80, 0x00, 0xC0, 0x03, 0x18, 0x00, 0x00, 0x60, 0x81, 0x00, 0x00, 0x58, 
	0xFA, 0x04, 0x00, 0x00, 0x00, 0x05, 0xA0, 0x00, 0x00, 0x80, 0x02, 0x00, 0x00, 0x00, 0x00, 0x00, 
	0x30, 0x00, 0x06, 0x00, 0x00, 0x00, 0x00, 0x00, 0x00, 0x00, 0x0A, 0x00, 0x00, 0x00, 0x00, 0x00, 
	0x00, 0x00, 0x00, 0x00, 0x00, 0x00, 0x00, 0x00, 0x00, 0x00, 0x00, 0x00, 0x00, 0x00, 0x80, 0x00, 
	0x10, 0x00, 0x06, 0x00, 0x00, 0x00, 0x08, 0x03, 0x62, 0x00, 0x00, 0x80, 0x00, 0x00, 0x00, 0x00, 
	0x04, 0x00, 0x00, 0x00, 0x03, 0x60, 0x00, 0x00, 0x80, 0x00, 0x00, 0x00, 0xA1, 0xFC, 0x00, 0x00, 
	0x00, 0x00, 0x02, 0x40, 0x00, 0x00, 0x00, 0x01, 0x00, 0x00, 0x00, 0x00, 0x00, 0x30, 0x00, 0x16, 
	0x01, 0x00, 0x18, 0x00, 0x00, 0x00, 0x00, 0x04, 0x00, 0x00, 0x20, 0x42, 0x00, 0x00, 0x00, 0x00, 
	0x00, 0x00, 0x00, 0x00, 0x00, 0x00, 0x00, 0x00, 0x00, 0x00, 0x00, 0x00, 0x05, 0x31, 0x89, 0x16, 
	0x08, 0x00, 0x00, 0x41, 0x0B, 0x68, 0x42, 0x00, 0x80, 0x85, 0x00, 0x00, 0x40, 0xC0, 0x42, 0x00, 
	0x00, 0x10, 0x64, 0x82, 0x00, 0x80, 0x09, 0x02, 0x00, 0x80, 0xFA, 0x00, 0x00, 0x00, 0x80, 0x04, 
	0x11, 0x80, 0x00, 0x40, 0x02, 0x02, 0x00, 0x00, 0x00, 0x00, 0x04, 0x92, 0x06, 0x10, 0x00, 0x90, 
	0x08, 0x00, 0x00, 0x00, 0x48, 0x20, 0x40, 0x14, 0x11, 0x00, 0x00, 0x00, 0x00, 0x00, 0x00, 0x00, 
	0x00, 0x00, 0x00, 0x00, 0x00, 0x00, 0x00, 0x00, 0x00, 0x08, 0x06, 0x82, 0x22, 0x01, 0x00, 0x0A, 
	0x03, 0x13, 0x28, 0x11, 0x00, 0x20, 0x00, 0x00, 0x06, 0x10, 0x02, 0x00, 0x00, 0x40, 0x00, 0x00, 
	0x21, 0x00, 0xA0, 0x11, 0x01, 0x00, 0x28, 0xFE, 0x00, 0x00, 0x00, 0x00, 0x02, 0x00, 0x00, 0x00, 
	0x00, 0x01, 0x00, 0x00, 0x00, 0x00, 0x00, 0x00, 0x00, 0x06, 0x00, 0x00, 0x08, 0x00, 0x00, 0x00, 
	0x00, 0x04, 0x08, 0x00, 0x00, 0x00, 0x00, 0x00, 0x00, 0x00, 0x00, 0x00, 0x00, 0x00, 0x00, 0x00, 
	0x00, 0x00, 0x00, 0x00, 0x00, 0x00, 0x00, 0x00, 0x20, 0x04, 0x00, 0x00, 0x00, 0x00, 0x00, 0x42, 
	0x00, 0x00, 0x00, 0x00, 0x00, 0x00, 0x00, 0x00, 0x00, 0x00, 0x00, 0x00, 0x00, 0x00, 0x00, 0x00, 
	0x01, 0x00, 0x00, 0x98, 0xFB, 0x00, 0x00, 0x00, 0x80, 0x05, 0xB0, 0x40, 0x00, 0xC0, 0x02, 0x01, 
	0x00, 0x00, 0x00, 0x00, 0x1C, 0x00, 0x00, 0x20, 0x00, 0x16, 0x00, 0x00, 0x00, 0x00, 0x0A, 0x00, 
	0x80, 0x30, 0x20, 0x00, 0x00, 0x00, 0x00, 0x00, 0x00, 0x00, 0x00, 0x00, 0x00, 0x00, 0x00, 0x00, 
	0x00, 0x00, 0x40, 0x80, 0x30, 0x80, 0x07, 0x00, 0x00, 0x00, 0x80, 0x03, 0x78, 0x10, 0x00, 0x80, 
	0x01, 0x08, 0x80, 0x01, 0x00, 0x00, 0x00, 0xC0, 0x03, 0x78, 0x00, 0x00, 0x80, 0x01, 0x00, 0x00, 
	0x00, 0xFC, 0x08, 0x00, 0x00, 0x00, 0x42, 0x42, 0x08, 0x00, 0x00, 0x21, 0x00, 0x00, 0x00, 0x00, 
	0x00, 0x20, 0x12, 0x00, 0x10, 0x00, 0x08, 0x00, 0x00, 0x00, 0x00, 0x45, 0x02, 0x00, 0xB0, 0x00, 
	0x00, 0x00, 0x00, 0x00, 0x00, 0x00, 0x00, 0x00, 0x00, 0x00, 0x00, 0x00, 0x00, 0x00, 0x00, 0x20, 
	0x00, 0x00, 0x09, 0x10, 0x01, 0x00, 0x18, 0x50, 0x00, 0x04, 0x04, 0x00, 0x80, 0x01, 0x04, 0x00, 
	0x00, 0x00, 0x00, 0x00, 0x00, 0x50, 0x00, 0x20, 0x00, 0x00, 0x49, 0x00, 0x00, 0xA0, 0xFD, 0x00, 
	0x00, 0x00, 0x00, 0x05, 0xA0, 0x00, 0x00, 0x80, 0x02, 0x00, 0x00, 0x00, 0x00, 0x00, 0x00, 0x11, 
	0x06, 0xC1, 0x00, 0x0C, 0x02, 0x00, 0x00, 0x00, 0x0A, 0x00, 0x04, 0x00, 0x06, 0x00, 0x00, 0x00, 
	0x00, 0x00, 0x00, 0x00, 0x00, 0x00, 0x00, 0x00, 0x00, 0x00, 0x00, 0x00, 0x00, 0x04, 0x10, 0x01, 
	0x02, 0x00, 0x00, 0x00, 0x01, 0x60, 0x20, 0x00, 0x00, 0x80, 0x11, 0x30, 0x42, 0x06, 0x00, 0x00, 
	0x00, 0x00, 0x00, 0x64, 0x10, 0x00, 0x80, 0x00, 0x00, 0x00, 0xC0, 0xFA, 0x00, 0x00, 0x00, 0x80, 
	0x05, 0x90, 0x00, 0x00, 0xC0, 0x02, 0x00, 0x00, 0x00, 0x00, 0x00, 0x2C, 0x80, 0x07, 0xF0, 0x40, 
	0x16, 0x00, 0x00, 0x00, 0x00, 0x0B, 0x60, 0x80, 0x2C, 0x00, 0x00, 0x00, 0x00, 0x00, 0x00, 0x00, 
	0x00, 0x00, 0x00, 0x00, 0x00, 0x00, 0x00, 0x00, 0x00, 0x60, 0x80, 0x2C, 0x88, 0x05, 0x02, 0x00, 
	0x16, 0xC4, 0x00, 0x58, 0x20, 0x00, 0xE0, 0x81, 0x3C, 0x80, 0x07, 0x01, 0x00, 0x00, 0xC0, 0x00, 
	0x78, 0x00, 0x00, 0xE0, 0x81, 0x00, 0x00, 0xE0, 0xFF, 0x04, 0x00, 0x00, 0x00, 0x05, 0xA0, 0x00, 
	0x00, 0x80, 0x02, 0x00, 0x00, 0x00, 0x00, 0x00, 0x00, 0x08, 0x06, 0xC0, 0x00, 0x08, 0x00, 0x00, 
	0x00, 0x00, 0x0A, 0x00, 0x00, 0x00, 0x10, 0x00, 0x00, 0x00, 0x00, 0x00, 0x00, 0x00, 0x00, 0x00, 
	0x00, 0x00, 0x00, 0x00, 0x00, 0x00, 0x00, 0x00, 0x10, 0x00, 0x02, 0x02, 0x00, 0x18, 0x00, 0x03, 
	0x20, 0x20, 0x00, 0x80, 0x01, 0x30, 0x00, 0x06, 0x00, 0x00, 0x00, 0x00, 0x00, 0x61, 0x00, 0x00, 
	0x80, 0x01, 0x00, 0x00, 0xB0, 0xFB, 0x00, 0x00, 0x00, 0x00, 0x04, 0x40, 0x00, 0x00, 0x00, 0x02, 
	0x00, 0x00, 0x00, 0x00, 0x00, 0x20, 0x01, 0xA6, 0xC0, 0x00, 0x10, 0x09, 0x00, 0x00, 0x00, 0x08, 
	0x00, 0x49, 0xA0, 0x00, 0x00, 0x00, 0x00, 0x00, 0x00, 0x00, 0x00, 0x00, 0x00, 0x00, 0x00, 0x00, 
	0x00, 0x00, 0x00, 0xA0, 0x11, 0x31, 0x04, 0x44, 0x00, 0x00, 0x58, 0x50, 0x13, 0x42, 0x04, 0x00, 
	0x80, 0x85, 0x30, 0x00, 0x06, 0x00, 0x00, 0x00, 0x00, 0x00, 0x60, 0x21, 0x00, 0x80, 0x29, 0x00, 
	0x00, 0x08, 0xF9, 0x00, 0x00, 0x00, 0x80, 0x00, 0x10, 0x80, 0x00, 0x00, 0x00, 0x68, 0x00, 0x00, 
	0x00, 0x00, 0x00, 0x89, 0x00, 0x10, 0x00, 0x02, 0x40, 0x00, 0x08, 0x00, 0x01, 0xA0, 0x01, 0x00, 
	0x21, 0x00, 0x00, 0x00, 0x00, 0x00, 0x00, 0x00, 0x00, 0x00, 0x00, 0x00, 0x00, 0x00, 0x00, 0x00, 
	0x80, 0x09, 0x36, 0x00, 0x26, 0x00, 0x18, 0x8A, 0x00, 0x13, 0x28, 0x02, 0x00, 0x20, 0x00, 0x00, 
	0x06, 0x10, 0x02, 0x18, 0x02, 0x40, 0x00, 0x28, 0x0C, 0x0D, 0x80, 0x85, 0x00, 0x00, 0x10, 0xFC, 
	0x00, 0x00, 0x00, 0x00, 0x00, 0x00, 0x00, 0x00, 0x00, 0x00, 0x60, 0x00, 0x00, 0x00, 0x00, 0x00, 
	0x00, 0x00, 0x00, 0x00, 0x00, 0x00, 0x00, 0x00, 0x00, 0x00, 0x80, 0x01, 0x00, 0x00, 0x00, 0x00, 
	0x00, 0x00, 0x00, 0x00, 0x00, 0x00, 0x00, 0x00, 0x00, 0x00, 0x00, 0x00, 0x00, 0x00, 0x00, 0x30, 
	0x00, 0x00, 0x04, 0x00, 0x00, 0x10, 0x00, 0x42, 0x10, 0x00, 0x00, 0x00, 0x00, 0x00, 0x00, 0x00, 
	0x00, 0x00, 0x00, 0x00, 0x40, 0x00, 0x0C, 0x00, 0x00, 0x00, 0x00, 0xE8, 0xFD, 0x00, 0x00, 0x00, 
	0x00, 0x06, 0xB0, 0x40, 0x00, 0x00, 0x00, 0x60, 0x00, 0x00, 0x00, 0x00, 0x08, 0x00, 0x01, 0x30, 
	0x00, 0x00, 0x00, 0x03, 0x18, 0x00, 0x03, 0x00, 0x00, 0x3C, 0x00, 0x00, 0x00, 0x00, 0x00, 0x00, 
	0x00, 0x00, 0x00, 0x00, 0x00, 0x00, 0x00, 0x00, 0x00, 0x00, 0xC0, 0x01, 0x00, 0x00, 0x07, 0x22, 
	0x00, 0x00, 0x80, 0x03, 0x78, 0x00, 0x00, 0x80, 0x01, 0x08, 0x80, 0x01, 0x20, 0x00, 0x04, 0xC0, 
	0x03, 0x20, 0x20, 0x0C, 0xE0, 0x01, 0x00, 0x00, 0x18, 0xF8, 0x00, 0x00, 0x00, 0x00, 0x06, 0x40, 
	0x08, 0x00, 0x00, 0x00, 0x60, 0x00, 0x00, 0x00, 0x00, 0x04, 0x80, 0x00, 0x00, 0x00, 0x00, 0x00, 
	0x03, 0x68, 0x81, 0x00, 0x00, 0x00, 0x00, 0x10, 0x00, 0x00, 0x00, 0x00, 0x00, 0x00, 0x00, 0x10, 
	0x00, 0x00, 0x00, 0x00, 0x00, 0x00, 0x00, 0x28, 0x44, 0x00, 0x80, 0x20, 0x10, 0x00, 0x18, 0x50, 
	0x50, 0x00, 0x11, 0x00, 0x80, 0x01, 0x04, 0x00, 0x00, 0x10, 0x00, 0x02, 0x00, 0x03, 0x40, 0x00, 
	0x0C, 0x80, 0x89, 0x00, 0x00, 0x58, 0xFB, 0x00, 0x00, 0x00, 0x00, 0x06, 0xA4, 0x00, 0x00, 0x00, 
	0x00, 0x00, 0x40, 0x00, 0x00, 0x00, 0xB0, 0x08, 0x86, 0xC0, 0x28, 0x00, 0x00, 0x00, 0x60, 0x04, 
	0x20, 0x00, 0x10, 0x30, 0x01, 0x02, 0x00, 0x00, 0x00, 0x00, 0x00, 0x00, 0x00, 0x01, 0x00, 0x00, 
	0x00, 0x00, 0x00, 0x00, 0x00, 0x30, 0x00, 0x00, 0xC0, 0xC0, 0x88, 0x80, 0x00, 0x60, 0x20, 0x00, 
	0x00, 0x80, 0x05, 0xB0, 0x00, 0x16, 0xC0, 0x02, 0x18, 0x11, 0x40, 0x20, 0x80, 0x80, 0x00, 0x30, 
	0x00, 0x00, 0x88, 0xF8, 0x00, 0x00, 0x00, 0x80, 0x07, 0x90, 0x00, 0x00, 0x00, 0x00, 0x18, 0x00, 
	0x00, 0x00, 0x00, 0x3C, 0x80, 0x07, 0xF0, 0x00, 0x06, 0xC4, 0x00, 0x79, 0x20, 0x03, 0x62, 0x80, 
	0x3C, 0x08, 0x04, 0x00, 0x00, 0x00, 0x00, 0x00, 0x00, 0x10, 0x02, 0x00, 0x00, 0x00, 0x00, 0x00, 
	0x00, 0x68, 0x00, 0x0C, 0x90, 0x01, 0xF0, 0x00, 0x16, 0xC4, 0x00, 0x58, 0x20, 0x00, 0xE0, 0x81, 
	0x3C, 0xA0, 0x07, 0xF1, 0x40, 0x1E, 0xC0, 0x00, 0x58, 0x00, 0x03, 0x62, 0x00, 0x00, 0x00, 0x00, 
	0xFE, 0x00, 0x00, 0x00, 0x00, 0x06, 0xA4, 0x00, 0x00, 0x00, 0x00, 0x00, 0x00, 0x00, 0x00, 0x00, 
	0x30, 0x00, 0x06, 0xC0, 0x00, 0x18, 0x00, 0x00, 0x61, 0x10, 0x0C, 0x02, 0x00, 0x30, 0x80, 0x04, 
	0x00, 0x00, 0x00, 0x00, 0x00, 0x00, 0x50, 0x02, 0x00, 0x00, 0x00, 0x00, 0x00, 0x00, 0x88, 0x01, 
	0x00, 0x20, 0x06, 0xC4, 0x00, 0x18, 0x08, 0x03, 0x21, 0x20, 0x00, 0x80, 0x81, 0x30, 0x00, 0x06, 
	0xC0, 0x00, 0x18, 0x00, 0x00, 0x20, 0x20, 0x00, 0x80, 0x01, 0x00, 0x00, 0x30, 0xF8, 0x00, 0x00, 
	0x00, 0x00, 0x46, 0x40, 0x00, 0x00, 0x00, 0x00, 0x00, 0x00, 0x00, 0x00, 0x00, 0x30, 0x00, 0x06, 
	0xC0, 0x00, 0x18, 0x04, 0x20, 0x60, 0x02, 0x0C, 0x00, 0x04, 0x31, 0x20, 0x04, 0x00, 0x00, 0x00, 
	0x00, 0x00, 0x00, 0x00, 0x02, 0x00, 0x00, 0x00, 0x00, 0x00, 0x00, 0xA0, 0x09, 0x01, 0x80, 0x16, 
	0xC0, 0x00, 0x18, 0x40, 0x13, 0x40, 0x04, 0x00, 0x80, 0x09, 0x30, 0x00, 0x06, 0xC0, 0x00, 0x18, 
	0x00, 0x10, 0x64, 0x04, 0x00, 0x80, 0x41, 0x00, 0x00, 0xC8, 0xFD, 0x00, 0x00, 0x00, 0x00, 0x00, 
	0x00, 0x00, 0x00, 0x00, 0x00, 0x00, 0x00, 0x00, 0x00, 0x00, 0x00, 0x00, 0x00, 0x00, 0x00, 0x00, 
	0x00, 0x00, 0x00, 0x00, 0x00, 0x00, 0x00, 0x00, 0x00, 0x04, 0x00, 0x00, 0x00, 0x00, 0x00, 0x00, 
	0x00, 0x02, 0x00, 0x00, 0x00, 0x00, 0x00, 0x00, 0x00, 0x01, 0x00, 0x00, 0x04, 0x00, 0x00, 0x00, 
	0x00, 0x02, 0x40, 0x00, 0x00, 0x00, 0x00, 0x00, 0x00, 0x00, 0x00, 0x00, 0x00, 0x00, 0x00, 0x00, 
	0x00, 0x00, 0x00, 0x00, 0x00, 0x00, 0x98, 0xF8, 0x20, 0x00, 0x04, 0x80, 0x00, 0x10, 0x00, 0x02, 
	0x40, 0x00, 0x08, 0x00, 0x01, 0x20, 0x00, 0x04, 0x80, 0x00, 0x10, 0x00, 0x02, 0x40, 0x00, 0x08, 
	0x00, 0x01, 0x20, 0x00, 0x04, 0x00, 0x00, 0x00, 0x00, 0x00, 0x00, 0x00, 0x00, 0x00, 0x00, 0x00, 
	0x00, 0x00, 0x00, 0x00, 0x00, 0x00, 0x00, 0x04, 0x00, 0x00, 0x10, 0x00, 0x00, 0x00, 0x00, 0x00, 
	0x00, 0x01, 0x20, 0x00, 0x04, 0x80, 0x00, 0x10, 0x00, 0x02, 0x40, 0x00, 0x08, 0x00, 0x00, 0x20, 
	0x00, 0x04, 0x00, 0xB0, 0xF8, 0x00, 0x00, 0x00, 0x00, 0x00, 0x00, 0x00, 0x00, 0x00, 0x00, 0x00, 
	0x00, 0x00, 0x00, 0x00, 0x00, 0x00, 0x00, 0x00, 0x00, 0x00, 0x00, 0x00, 0x00, 0x00, 0x00, 0x00, 
	0x00, 0x00, 0x00, 0x00, 0x00, 0x00, 0x00, 0x00, 0x00, 0x00, 0x00, 0x00, 0x00, 0x00, 0x00, 0x00, 
	0x00, 0x00, 0x00, 0x00, 0x00, 0x00, 0x00, 0x00, 0x00, 0x10, 0x00, 0x00, 0x00, 0x00, 0x00, 0x00, 
	0x00, 0x00, 0x00, 0x00, 0x00, 0x00, 0x00, 0x00, 0x00, 0x00, 0x00, 0x08, 0x00, 0x00, 0x00, 0x00, 
	0x00, 0xFE, 0x24, 0x00, 0x04, 0x80, 0x00, 0x10, 0x00, 0x02, 0x40, 0x00, 0x08, 0x00, 0x01, 0x20, 
	0x00, 0x04, 0x80, 0x00, 0x10, 0x00, 0x02, 0x40, 0x00, 0x08, 0x00, 0x01, 0x20, 0x00, 0x04, 0x00, 
	0x00, 0x00, 0x00, 0x00, 0x00, 0x00, 0x00, 0x00, 0x00, 0x00, 0x00, 0x00, 0x00, 0x00, 0x00, 0x20, 
	0x00, 0x04, 0x80, 0x00, 0x10, 0x00, 0x02, 0x40, 0x00, 0x08, 0x00, 0x01, 0x20, 0x00, 0x04, 0x80, 
	0x00, 0x10, 0x00, 0x02, 0x40, 0x00, 0x08, 0x00, 0x01, 0x20, 0x00, 0x04, 0x00, 0xC9, 0xFA, 0x04, 
	0x00, 0x00, 0x00, 0x00, 0x00, 0x00, 0x00, 0x00, 0x00, 0x00, 0x00, 0x00, 0x00, 0x00, 0x00, 0x00, 
	0x00, 0x00, 0x00, 0x00, 0x00, 0x00, 0x00, 0x00, 0x00, 0x00, 0x00, 0x00, 0x00, 0x00, 0x00, 0x00, 
	0x00, 0x00, 0x00, 0x00, 0x00, 0x00, 0x00, 0x00, 0x00, 0x00, 0x00, 0x00, 0x00, 0x00, 0x00, 0x00, 
	0x00, 0x80, 0x00, 0x00, 0x00, 0x00, 0x00, 0x00, 0x00, 0x00, 0x00, 0x20, 0x00, 0x00, 0x80, 0x00, 
	0x00, 0x00, 0x00, 0x00, 0x00, 0x00, 0x00, 0x00, 0x00, 0x00, 0xE1, 0xFA, 0x20, 0x00, 0x04, 0x00, 
	0x00, 0x00, 0x00, 0x02, 0x00, 0x00, 0x08, 0x00, 0x01, 0x20, 0x00, 0x00, 0x00, 0x00, 0x00, 0x00, 
	0x00, 0x40, 0x00, 0x00, 0x00, 0x00, 0x00, 0x00, 0x00, 0x00, 0x00, 0x00, 0x00, 0x00, 0x00, 0x00, 
	0x00, 0x00, 0x00, 0x00, 0x00, 0x00, 0x00, 0x00, 0x00, 0x20, 0x00, 0x04, 0x80, 0x00, 0x00, 0x00, 
	0x00, 0x50, 0x00, 0x08, 0x00, 0x01, 0x00, 0x00, 0x00, 0x00, 0x00, 0x00, 0x00, 0x00, 0x00, 0x00, 
	0x00, 0x00, 0x00, 0x04, 0x00, 0x04, 0x00, 0x38, 0xFE, 0x04, 0x00, 0x00, 0x00, 0x04, 0x80, 0x00, 
	0x00, 0x00, 0x02, 0x00, 0x00, 0x00, 0x00, 0x00, 0x20, 0x00, 0x04, 0x80, 0x00, 0x10, 0x00, 0x00, 
	0x40, 0x00, 0x08, 0x00, 0x01, 0x20, 0x00, 0x00, 0x00, 0x00, 0x00, 0x00, 0x00, 0x00, 0x00, 0x00, 
	0x00, 0x00, 0x00, 0x00, 0x00, 0x00, 0x00, 0x01, 0x00, 0x00, 0x04, 0x00, 0x00, 0x10, 0x00, 0x02, 
	0x40, 0x00, 0x00, 0x00, 0x01, 0x00, 0x00, 0x04, 0x00, 0x00, 0x10, 0x00, 0x02, 0x40, 0x00, 0x08, 
	0x00, 0x01, 0x00, 0x00, 0x90, 0xFF, 0x20, 0x00, 0x04, 0x80, 0x00, 0x10, 0x00, 0x02, 0x40, 0x00, 
	0x08, 0x00, 0x01, 0x20, 0x00, 0x04, 0x80, 0x00, 0x10, 0x00, 0x02, 0x40, 0x00, 0x08, 0x00, 0x01, 
	0x20, 0x00, 0x04, 0x00, 0x00, 0x00, 0x00, 0x00, 0x00, 0x00, 0x00, 0x00, 0x00, 0x00, 0x00, 0x00, 
	0x00, 0x00, 0x00, 0x20, 0x00, 0x04, 0x80, 0x00, 0x10, 0x00, 0x00, 0x40, 0x00, 0x08, 0x00, 0x01, 
	0x20, 0x00, 0x04, 0x80, 0x00, 0x10, 0x00, 0x02, 0x40, 0x00, 0x08, 0x00, 0x00, 0x20, 0x00, 0x04, 
	0x00, 0x98, 0xFC, 0x00, 0x00, 0x00, 0x00, 0x00, 0x00, 0x00, 0x00, 0x00, 0x00, 0x00, 0x00, 0x00, 
	0x00, 0x00, 0x00, 0x00, 0x00, 0x00, 0x00, 0x00, 0x00, 0x00, 0x00, 0x80, 0x00, 0x00, 0x00, 0x00, 
	0x34, 0x00, 0x00, 0x00, 0x00, 0x00, 0x00, 0x00, 0x00, 0x00, 0x00, 0x00, 0x00, 0x00, 0x00, 0x00, 
	0x00, 0x00, 0x00, 0x10, 0x00, 0x00, 0x00, 0x00, 0x00, 0x00, 0x00, 0x00, 0x00, 0x00, 0x00, 0x00, 
	0x00, 0x00, 0x00, 0x00, 0x00, 0x00, 0x00, 0x08, 0x00, 0x00, 0x00, 0x00, 0x00, 0x00, 0xC8, 0xFC, 
	0x00, 0x00, 0x00, 0x00, 0x00, 0x00, 0x00, 0x00, 0x00, 0x00, 0x00, 0x00, 0x00, 0x00, 0x00, 0x00, 
	0x00, 0x00, 0x00, 0x00, 0x00, 0x00, 0x00, 0x00, 0x00, 0x00, 0x00, 0x00, 0x00, 0x00, 0x00, 0x00, 
	0x00, 0x00, 0x00, 0x00, 0x00, 0x00, 0x00, 0x00, 0x00, 0x00, 0x00, 0x00, 0x00, 0x00, 0x00, 0x00, 
	0x00, 0x00, 0x00, 0x00, 0x00, 0x00, 0x00, 0x00, 0x00, 0x00, 0x00, 0x00, 0x00, 0x00, 0x00, 0x00, 
	0x00, 0x00, 0x00, 0x00, 0x00, 0x00, 0x00, 0x00, 0x00, 0x00, 0x00, 0x98, 0xFF, 0x00, 0x00, 0x00, 
	0x00, 0x00, 0x00, 0x00, 0x00, 0x00, 0x00, 0x00, 0x01, 0x00, 0x00, 0x00, 0x00, 0x00, 0x00, 0x00, 
	0x00, 0x00, 0x00, 0x00, 0x00, 0x00, 0x00, 0x00, 0x20, 0x00, 0x00, 0x00, 0x00, 0x00, 0x00, 0x00, 
	0x00, 0x00, 0x00, 0x00, 0x00, 0x00, 0x00, 0x00, 0x00, 0x00, 0x00, 0x00, 0x00, 0x00, 0x80, 0x00, 
	0x00, 0x00, 0x80, 0x00, 0x00, 0x00, 0x00, 0x00, 0x00, 0x00, 0x00, 0x00, 0x00, 0x00, 0x00, 0x00, 
	0x00, 0x00, 0x00, 0x00, 0x00, 0x00, 0x00, 0x00, 0x28, 0xFF, 0x00, 0x00, 0x00, 0x00, 0x00, 0x00, 
	0x00, 0x00, 0x00, 0x00, 0x00, 0x00, 0x00, 0x00, 0x00, 0x00, 0x00, 0x00, 0x00, 0x01, 0x00, 0x00, 
	0x00, 0x00, 0x00, 0x00, 0x00, 0x00, 0x00, 0x00, 0x00, 0x00, 0x00, 0x00, 0x00, 0x00, 0x00, 0x00, 
	0x00, 0x00, 0x00, 0x00, 0x00, 0x00, 0x00, 0x00, 0x00, 0x00, 0x00, 0x00, 0x00, 0x00, 0x08, 0x00, 
	0x00, 0x01, 0x00, 0x00, 0x00, 0x00, 0x00, 0x00, 0x00, 0x00, 0x00, 0x00, 0x00, 0x00, 0x00, 0x00, 
	0x00, 0x00, 0x00, 0x00, 0x00, 0x10, 0xFF, 0x00, 0x00, 0x00, 0x00, 0x00, 0x00, 0x00, 0x00, 0x00, 
	0x00, 0x00, 0x00, 0x00, 0x00, 0x00, 0x20, 0x00, 0x00, 0x00, 0x00, 0x00, 0x08, 0x00, 0x00, 0x00, 
	0x00, 0x00, 0x00, 0x00, 0x00, 0x00, 0x00, 0x00, 0x00, 0x00, 0x00, 0x00, 0x00, 0x00, 0x00, 0x00, 
	0x00, 0x00, 0x00, 0x00, 0x00, 0x00, 0x00, 0x00, 0x00, 0x00, 0x00, 0x00, 0x04, 0x01, 0x00, 0x00, 
	0x00, 0x00, 0x00, 0x00, 0x00, 0x00, 0x00, 0x00, 0x00, 0x00, 0x00, 0x00, 0x00, 0x00, 0x00, 0x00, 
	0x01, 0x00, 0xE0, 0xFF, 0x00, 0x00, 0x00, 0x00, 0x00, 0x00, 0x00, 0x00, 0x00, 0x00, 0x00, 0x00, 
	0x00, 0x00, 0x00, 0x00, 0x00, 0x00, 0x00, 0x00, 0x00, 0x00, 0x00, 0x00, 0x00, 0x00, 0x00, 0x00, 
	0x00, 0x00, 0x00, 0x00, 0x00, 0x00, 0x00, 0x00, 0x00, 0x00, 0x00, 0x00, 0x00, 0x00, 0x00, 0x00, 
	0x00, 0x00, 0x00, 0x00, 0x00, 0x00, 0x00, 0x00, 0x00, 0x00, 0x00, 0x00, 0x00, 0x00, 0x00, 0x00, 
	0x00, 0x00, 0x00, 0x00, 0x00, 0x00, 0x00, 0x00, 0x00, 0x00, 0x00, 0x00, 0x00, 0x00, 0x00, 0x98, 
	0xFF, 0x00, 0x00, 0x00, 0x00, 0x00, 0x00, 0x00, 0x00, 0x00, 0x00, 0x00, 0x00, 0x00, 0x00, 0x00, 
	0x00, 0x10, 0x00, 0x00, 0x00, 0x00, 0x00, 0x01, 0x00, 0x00, 0x00, 0x00, 0x00, 0x00, 0x00, 0x00, 
	0x00, 0x00, 0x00, 0x00, 0x00, 0x00, 0x00, 0x00, 0x00, 0x00, 0x00, 0x00, 0x00, 0x00, 0x40, 0x00, 
	0x00, 0x04, 0x00, 0x80, 0x00, 0x00, 0x10, 0x00, 0x00, 0x00, 0x00, 0x00, 0x00, 0x00, 0x00, 0x00, 
	0x00, 0x00, 0x10, 0x00, 0x80, 0x00, 0x00, 0x00, 0x00, 0x00, 0x20, 0x00, 0x28, 0xF9, 0x00, 0x00, 
	0x01, 0x10, 0x02, 0x40, 0x20, 0x00, 0x04, 0x01, 0x00, 0x00, 0x00, 0x08, 0x00, 0x00, 0x00, 0x00, 
	0x00, 0x80, 0x00, 0x00, 0x00, 0x00, 0x40, 0x00, 0x40, 0x80, 0x00, 0x10, 0x00, 0x00, 0x00, 0x00, 
	0x00, 0x00, 0x00, 0x00, 0x00, 0x00, 0x00, 0x00, 0x00, 0x00, 0x00, 0x00, 0x00, 0x10, 0x00, 0x80, 
	0x00, 0x00, 0x00, 0x00, 0x00, 0x00, 0x00, 0x00, 0x80, 0x40, 0x00, 0x00, 0x00, 0x40, 0x00, 0x08, 
	0x04, 0x00, 0x00, 0x00, 0x00, 0x00, 0x00, 0x00, 0x00, 0x28, 0xFC, 0x00, 0x00, 0x01, 0xA0, 0x00, 
	0x10, 0x80, 0x00, 0x50, 0x00, 0x00, 0x00, 0x00, 0x08, 0x00, 0x00, 0x10, 0x00, 0x00, 0x80, 0x00, 
	0x80, 0x00, 0x00, 0x40, 0x00, 0x20, 0x00, 0x11, 0x20, 0x00, 0x00, 0x00, 0x00, 0x00, 0x00, 0x00, 
	0x00, 0x00, 0x00, 0x00, 0x00, 0x00, 0x00, 0x00, 0x40, 0x00, 0x04, 0x18, 0x00, 0x25, 0x00, 0x08, 
	0x08, 0x80, 0xC0, 0x00, 0x00, 0x20, 0x00, 0x01, 0x05, 0x00, 0x10, 0x00, 0x06, 0x14, 0x00, 0x01, 
	0x00, 0x00, 0x00, 0x00, 0x08, 0x00, 0xE8, 0xFE, 0x80, 0x00, 0x00, 0x00, 0xDC, 0x80, 0x2F, 0xB0, 
	0x04, 0x40, 0x00, 0x00, 0x00, 0x02, 0x00, 0x00, 0x04, 0x04, 0x00, 0x00, 0x00, 0x00, 0x68, 0x40, 
	0x08, 0x00, 0x54, 0x30, 0x70, 0x06, 0x00, 0x00, 0x00, 0x00, 0x00, 0x00, 0x00, 0x00, 0x00, 0x00, 
	0x00, 0x00, 0x00, 0x00, 0x00, 0x00, 0x01, 0x10, 0x85, 0x20, 0x00, 0x00, 0x40, 0x40, 0x26, 0x02, 
	0x00, 0x08, 0x20, 0x03, 0x10, 0x00, 0x80, 0x00, 0x02, 0x50, 0x83, 0xA0, 0x25, 0x44, 0x18, 0x00, 
	0x01, 0x00, 0x00, 0xD0, 0xFD, 0x20, 0x00, 0x00, 0x00, 0x00, 0x00, 0x20, 0x00, 0x08, 0x00, 0x00, 
	0x00, 0x00, 0x08, 0x00, 0x00, 0x00, 0x00, 0x00, 0x00, 0x00, 0x00, 0x00, 0x00, 0x00, 0x00, 0x00, 
	0x00, 0x04, 0x00, 0x00, 0x00, 0x00, 0x00, 0x00, 0x00, 0x00, 0x00, 0x00, 0x00, 0x00, 0x00, 0x00, 
	0x00, 0x00, 0x00, 0x00, 0x10, 0x00, 0x00, 0x00, 0x00, 0x00, 0x00, 0x00, 0x00, 0x00, 0x00, 0x00, 
	0x00, 0x08, 0x00, 0x00, 0x00, 0x00, 0x00, 0x00, 0x80, 0x08, 0x00, 0x00, 0x00, 0x00, 0x00, 0x00, 
	0x10, 0xFA, 0x12, 0x00, 0x00, 0x00, 0x02, 0x41, 0x00, 0x08, 0x00, 0x80, 0x00, 0x00, 0x00, 0x00, 
	0x00, 0x00, 0xA0, 0x00, 0x00, 0x00, 0x00, 0x00, 0x80, 0x40, 0x08, 0x00, 0x00, 0x40, 0x10, 0x08, 
	0x00, 0x00, 0x00, 0x00, 0x00, 0x00, 0x00, 0x00, 0x00, 0x00, 0x00, 0x00, 0x00, 0x00, 0x00, 0x20, 
	0x00, 0x00, 0x08, 0x00, 0x00, 0x00, 0x00, 0x00, 0x01, 0x00, 0x00, 0x02, 0x40, 0x00, 0x00, 0x00, 
	0x00, 0x04, 0x00, 0x08, 0x04, 0x00, 0x00, 0x00, 0x04, 0x80, 0x00, 0x00, 0x00, 0x18, 0xFF, 0x00, 
	0x00, 0x00, 0x00, 0x00, 0x00, 0x00, 0x00, 0x00, 0x00, 0x00, 0x00, 0x00, 0x00, 0x00, 0x00, 0x00, 
	0x00, 0x00, 0x00, 0x00, 0x00, 0x00, 0x00, 0x00, 0x00, 0x00, 0x00, 0x00, 0x00, 0x00, 0x00, 0x00, 
	0x00, 0x00, 0x00, 0x00, 0x00, 0x00, 0x00, 0x00, 0x00, 0x00, 0x00, 0x00, 0x00, 0x02, 0x44, 0x00, 
	0x00, 0x00, 0x00, 0x00, 0x00, 0x00, 0x00, 0x20, 0x00, 0x00, 0x00, 0x01, 0x00, 0x00, 0x00, 0x00, 
	0x00, 0x00, 0x00, 0x00, 0x00, 0x00, 0x00, 0x00, 0x00, 0x00, 0xC8, 0xFA, 0x00, 0x00, 0x00, 0x00, 
	0x00, 0x00, 0x00, 0x00, 0x00, 0x00, 0x00, 0x00, 0x00, 0x00, 0x00, 0x00, 0x00, 0x00, 0x00, 0x00, 
	0x08, 0x00, 0x00, 0x00, 0x00, 0x00, 0x00, 0x00, 0x08, 0x00, 0x00, 0x00, 0x00, 0x00, 0x00, 0x00, 
	0x00, 0x00, 0x00, 0x00, 0x00, 0x00, 0x00, 0x00, 0x00, 0x00, 0x00, 0x00, 0x00, 0x00, 0x00, 0x00, 
	0x00, 0x02, 0x00, 0x02, 0x00, 0x00, 0x00, 0x00, 0x00, 0x00, 0x00, 0x00, 0x00, 0x00, 0x00, 0x00, 
	0x00, 0x00, 0x00, 0x01, 0x80, 0x00, 0x00, 0x20, 0xFD, 0x00, 0x00, 0x00, 0x00, 0x00, 0x00, 0x00, 
	0x00, 0x00, 0x00, 0x00, 0x00, 0x00, 0x00, 0x00, 0x00, 0x00, 0x00, 0x00, 0x00, 0x00, 0x00, 0x00, 
	0x00, 0x00, 0x00, 0x00, 0x00, 0x80, 0x00, 0x00, 0x00, 0x00, 0x00, 0x00, 0x00, 0x00, 0x00, 0x00, 
	0x00, 0x00, 0x00, 0x00, 0x00, 0x00, 0x00, 0x00, 0x00, 0x00, 0x00, 0x00, 0x00, 0x00, 0x00, 0x40, 
	0x00, 0x00, 0x00, 0x00, 0x00, 0x00, 0x00, 0x00, 0x00, 0x00, 0x00, 0x00, 0x00, 0x00, 0x00, 0x00, 
	0x00, 0x00, 0x00, 0x00, 0xD0, 0xFF, 0x00, 0x00, 0x00, 0x00, 0x00, 0x00, 0x00, 0x00, 0x00, 0x00, 
	0x00, 0x00, 0x00, 0x00, 0x00, 0x00, 0x00, 0x00, 0x00, 0x00, 0x00, 0x00, 0x00, 0x00, 0x00, 0x00, 
	0x00, 0x00, 0x00, 0x00, 0x00, 0x00, 0x00, 0x00, 0x00, 0x00, 0x00, 0x00, 0x00, 0x00, 0x00, 0x00, 
	0x00, 0x00, 0x00, 0x00, 0x00, 0x00, 0x00, 0x00, 0x00, 0x00, 0x00, 0x00, 0x00, 0x00, 0x00, 0x00, 
	0x00, 0x00, 0x00, 0x00, 0x00, 0x01, 0x00, 0x00, 0x00, 0x00, 0x00, 0x00, 0x00, 0x00, 0x00, 0x00, 
	0x00, 0x88, 0xFE, 0x00, 0x00, 0x00, 0x00, 0x00, 0x00, 0x00, 0x00, 0x00, 0x00, 0x00, 0x00, 0x00, 
	0x00, 0x00, 0x00, 0x00, 0x00, 0x00, 0x00, 0x00, 0x00, 0x00, 0x00, 0x00, 0x00, 0x00, 0x00, 0x00, 
	0x00, 0x00, 0x00, 0x00, 0x00, 0x00, 0x00, 0x00, 0x00, 0x00, 0x00, 0x00, 0x00, 0x00, 0x00, 0x00, 
	0x00, 0x00, 0x00, 0x00, 0x00, 0x00, 0x00, 0x00, 0x00, 0x00, 0x00, 0x00, 0x00, 0x40, 0x00, 0x00, 
	0x00, 0x01, 0x00, 0x00, 0x40, 0x00, 0x00, 0x02, 0x00, 0x00, 0x40, 0x00, 0x00, 0x00, 0xE8, 0xFB, 
	0x00, 0x00, 0x00, 0x00, 0x00, 0x00, 0x00, 0x00, 0x00, 0x00, 0x00, 0x00, 0x00, 0x00, 0x00, 0x00, 
	0x00, 0x00, 0x00, 0x00, 0x00, 0x00, 0x04, 0x00, 0x00, 0x00, 0x00, 0x00, 0x00, 0x00, 0x00, 0x00, 
	0x00, 0x00, 0x00, 0x00, 0x00, 0x00, 0x00, 0x00, 0x00, 0x00, 0x00, 0x00, 0x00, 0x00, 0x02, 0x00, 
	0x00, 0x08, 0x00, 0x00, 0x00, 0x00, 0x04, 0x80, 0x00, 0x00, 0x00, 0x00, 0x00, 0x00, 0x00, 0x00, 
	0x00, 0x40, 0x00, 0x00, 0x40, 0x00, 0x00, 0x00, 0x00, 0x00, 0x00, 0x58, 0xFD, 0x00, 0x00, 0x00, 
	0x00, 0x00, 0x00, 0x00, 0x00, 0x00, 0x00, 0x00, 0x00, 0x00, 0x00, 0x00, 0x00, 0x00, 0x00, 0x00, 
	0x00, 0x20, 0x00, 0x00, 0x80, 0x00, 0x00, 0x00, 0x02, 0x00, 0x00, 0x00, 0x00, 0x00, 0x00, 0x00, 
	0x00, 0x00, 0x00, 0x00, 0x00, 0x00, 0x00, 0x00, 0x00, 0x00, 0x00, 0x40, 0x20, 0x00, 0x02, 0x10, 
	0x00, 0x00, 0x02, 0x00, 0x00, 0x00, 0x00, 0x00, 0x00, 0x00, 0x00, 0x00, 0x14, 0x00, 0x00, 0x00, 
	0x00, 0x00, 0x40, 0x00, 0x00, 0x00, 0x02, 0x00, 0x40, 0xFC, 0x00, 0x00, 0x00, 0x00, 0x00, 0x00, 
	0x00, 0x00, 0x00, 0x00, 0x00, 0x00, 0x00, 0x00, 0x00, 0x08, 0x00, 0x00, 0x00, 0x00, 0x00, 0x00, 
	0x00, 0x00, 0x00, 0x02, 0x20, 0x00, 0x00, 0x00, 0x00, 0x00, 0x00, 0x00, 0x00, 0x00, 0x00, 0x00, 
	0x00, 0x00, 0x00, 0x00, 0x00, 0x00, 0x00, 0x00, 0x20, 0x00, 0x00, 0x00, 0x00, 0x00, 0x00, 0x00, 
	0x00, 0x00, 0x00, 0x00, 0x00, 0x00, 0x00, 0x00, 0x00, 0x00, 0x00, 0x00, 0x00, 0x00, 0x00, 0x00, 
	0x00, 0x00, 0x00, 0x00, 0x80, 0x38, 0xFD, 0x00, 0x00, 0x00, 0x00, 0x00, 0x00, 0x00, 0x00, 0x00, 
	0x00, 0x00, 0x00, 0x00, 0x00, 0x00, 0x00, 0x00, 0x00, 0x00, 0x00, 0x10, 0x00, 0x00, 0x00, 0x00, 
	0x00, 0x00, 0x00, 0x00, 0x00, 0x00, 0x00, 0x00, 0x00, 0x00, 0x00, 0x00, 0x00, 0x00, 0x00, 0x00, 
	0x00, 0x00, 0x00, 0x00, 0x00, 0x00, 0x00, 0x00, 0x00, 0x08, 0x00, 0x00, 0x00, 0x00, 0x00, 0x00, 
	0x00, 0x00, 0x00, 0x00, 0x00, 0x00, 0x00, 0x00, 0x00, 0x00, 0x00, 0x00, 0x00, 0x00, 0x00, 0x00, 
	0x00, 0x00, 0x18, 0xFE, 0x00, 0x00, 0x00, 0x00, 0x00, 0x00, 0x00, 0x00, 0x00, 0x00, 0x00, 0x00, 
	0x00, 0x00, 0x00, 0x00, 0x00, 0x00, 0x00, 0x00, 0x00, 0x00, 0x00, 0x00, 0x00, 0x00, 0x00, 0x00, 
	0x00, 0x00, 0x00, 0x00, 0x00, 0x00, 0x00, 0x00, 0x00, 0x00, 0x00, 0x00, 0x00, 0x00, 0x00, 0x00, 
	0x00, 0x00, 0x04, 0x00, 0x00, 0x00, 0x00, 0x00, 0x00, 0x00, 0x40, 0x00, 0x20, 0x00, 0x00, 0x00, 
	0x00, 0x00, 0x00, 0x00, 0x00, 0x00, 0x00, 0x00, 0x00, 0x00, 0x00, 0x00, 0x00, 0x00, 0x00, 0xD8, 
	0xF9, 0x10, 0x00, 0x00, 0x00, 0x04, 0x00, 0x02, 0x00, 0x00, 0x08, 0x00, 0x00, 0x00, 0x00, 0x00, 
	0x00, 0x00, 0x00, 0x00, 0x00, 0x00, 0x00, 0x00, 0x00, 0x00, 0x00, 0x00, 0x00, 0x40, 0x00, 0x00, 
	0x00, 0x00, 0x00, 0x00, 0x00, 0x00, 0x00, 0x00, 0x00, 0x00, 0x00, 0x00, 0x00, 0x00, 0x80, 0x00, 
	0x00, 0x00, 0x00, 0x00, 0x00, 0x00, 0x00, 0x00, 0x00, 0x00, 0x00, 0x80, 0x00, 0x00, 0x00, 0x02, 
	0x00, 0x00, 0x00, 0x00, 0x00, 0xA0, 0x00, 0x00, 0x80, 0x00, 0x00, 0x00, 0x0C, 0xFB, 0x00, 0x00, 
	0x00, 0x00, 0x00, 0x00, 0x00, 0x00, 0x00, 0x00, 0x00, 0x00, 0x00, 0x00, 0x00, 0x00, 0x00, 0x00, 
	0x00, 0x00, 0x00, 0x00, 0x00, 0x00, 0x00, 0x00, 0x00, 0x00, 0x00, 0x04, 0x00, 0x00, 0x00, 0x00, 
	0x00, 0x00, 0x00, 0x00, 0x00, 0x00, 0x00, 0x00, 0x00, 0x00, 0x00, 0x80, 0x00, 0x00, 0x00, 0x00, 
	0x00, 0x00, 0x00, 0x08, 0x00, 0x00, 0x00, 0x00, 0x00, 0x00, 0x00, 0x00, 0x00, 0x00, 0x00, 0x00, 
	0x00, 0x00, 0x00, 0x00, 0x10, 0x00, 0x00, 0x00, 0x00, 0xC8, 0xFE, 0x00, 0x00, 0x00, 0x00, 0x00, 
	0x00, 0x00, 0x00, 0x00, 0x00, 0x00, 0x00, 0x00, 0x00, 0x00, 0x00, 0x00, 0x00, 0x00, 0x00, 0x00, 
	0x00, 0x00, 0x00, 0x00, 0x00, 0x00, 0x00, 0x00, 0x00, 0x00, 0x00, 0x00, 0x00, 0x00, 0x00, 0x00, 
	0x00, 0x00, 0x00, 0x00, 0x00, 0x00, 0x00, 0x00, 0x00, 0x00, 0x00, 0x00, 0x00, 0x00, 0x00, 0x00, 
	0x00, 0x00, 0x10, 0x00, 0x00, 0x00, 0x00, 0x00, 0x00, 0x00, 0x00, 0x00, 0x00, 0x00, 0x00, 0x00, 
	0x00, 0x00, 0x00, 0x00, 0x00, 0x00, 0x88, 0xFE, 0x02, 0x00, 0x00, 0x00, 0x00, 0x00, 0x00, 0x00, 
	0x00, 0x00, 0x00, 0x00, 0x00, 0x00, 0x00, 0x00, 0x00, 0x00, 0x00, 0x00, 0x00, 0x00, 0x01, 0x00, 
	0x00, 0x00, 0x00, 0x00, 0x00, 0x40, 0x00, 0x00, 0x00, 0x00, 0x00, 0x00, 0x00, 0x00, 0x00, 0x00, 
	0x00, 0x00, 0x00, 0x00, 0x00, 0x00, 0x40, 0x00, 0x00, 0x02, 0x00, 0x00, 0x00, 0x40, 0x01, 0x20, 
	0x00, 0x00, 0x00, 0x00, 0x00, 0x00, 0x00, 0x00, 0x00, 0x00, 0x80, 0x00, 0x00, 0x00, 0x00, 0x00, 
	0x00, 0x00, 0x00, 0x48, 0xF9, 0x00, 0x00, 0x00, 0x00, 0x00, 0x00, 0x00, 0x00, 0x00, 0x00, 0x00, 
	0x00, 0x00, 0x00, 0x00, 0x00, 0x00, 0x00, 0x00, 0x00, 0x00, 0x00, 0x00, 0x00, 0x00, 0x00, 0x00, 
	0x00, 0x00, 0x00, 0x00, 0x00, 0x00, 0x00, 0x00, 0x00, 0x00, 0x00, 0x00, 0x00, 0x00, 0x00, 0x00, 
	0x00, 0x00, 0x00, 0x00, 0x00, 0x00, 0x00, 0x00, 0x00, 0x00, 0x00, 0x00, 0x00, 0x00, 0x00, 0x00, 
	0x00, 0x00, 0x00, 0x00, 0x00, 0x00, 0x00, 0x00, 0x00, 0x00, 0x00, 0x00, 0x00, 0x00, 0x00, 0x00, 
	0x98, 0xFF, 0x00, 0x00, 0x00, 0x00, 0x00, 0x00, 0x00, 0x00, 0x00, 0x00, 0x00, 0x00, 0x00, 0x00, 
	0x00, 0x00, 0x00, 0x00, 0x00, 0x00, 0x00, 0x00, 0x00, 0x00, 0x00, 0x00, 0x00, 0x00, 0x00, 0x00, 
	0x00, 0x00, 0x00, 0x00, 0x00, 0x00, 0x00, 0x00, 0x00, 0x00, 0x00, 0x00, 0x00, 0x00, 0x00, 0x00, 
	0x00, 0x00, 0x00, 0x00, 0x00, 0x20, 0x00, 0x00, 0x00, 0x00, 0x00, 0x00, 0x00, 0x00, 0x00, 0x00, 
	0x00, 0x00, 0x20, 0x00, 0x00, 0x00, 0x00, 0x00, 0x00, 0x00, 0x00, 0x00, 0x00, 0x98, 0xFD, 0x00, 
	0x00, 0x00, 0x00, 0x00, 0x00, 0x00, 0x00, 0x00, 0x00, 0x00, 0x00, 0x00, 0x00, 0x00, 0x00, 0x00, 
	0x00, 0x00, 0x00, 0x00, 0x00, 0x00, 0x00, 0x00, 0x00, 0x00, 0x00, 0x00, 0x00, 0x00, 0x00, 0x00, 
	0x00, 0x00, 0x00, 0x00, 0x00, 0x00, 0x00, 0x00, 0x00, 0x00, 0x00, 0x00, 0x00, 0x01, 0x00, 0x00, 
	0x00, 0x00, 0x00, 0x00, 0x00, 0x00, 0x00, 0x00, 0x00, 0x00, 0x00, 0x00, 0x00, 0x04, 0x00, 0x00, 
	0x00, 0x00, 0x00, 0x00, 0x00, 0x00, 0x00, 0x00, 0x00, 0x00, 0xD8, 0xFE, 0x00, 0x00, 0x00, 0x00, 
	0x00, 0x00, 0x00, 0x00, 0x00, 0x00, 0x00, 0x00, 0x00, 0x00, 0x00, 0x10, 0x80, 0x00, 0x00, 0x00, 
	0x00, 0x00, 0x00, 0x00, 0x00, 0x00, 0x00, 0x00, 0x10, 0x00, 0x00, 0x00, 0x00, 0x00, 0x00, 0x00, 
	0x00, 0x00, 0x00, 0x00, 0x00, 0x00, 0x00, 0x00, 0x00, 0x00, 0x00, 0x00, 0x00, 0x00, 0x00, 0x00, 
	0x00, 0x04, 0x00, 0x00, 0x00, 0x00, 0x80, 0x00, 0x00, 0x00, 0x10, 0x00, 0x00, 0x08, 0x00, 0x00, 
	0x20, 0x00, 0x00, 0x80, 0x00, 0x01, 0x00, 0xD0, 0xFC, 0x00, 0x00, 0x00, 0x00, 0x00, 0x00, 0x00, 
	0x00, 0x00, 0x00, 0x00, 0x00, 0x00, 0x00, 0x00, 0x00, 0x00, 0x00, 0x00, 0x00, 0x00, 0x00, 0x00, 
	0x00, 0x00, 0x00, 0x00, 0x00, 0x04, 0x00, 0x00, 0x00, 0x00, 0x00, 0x00, 0x00, 0x00, 0x00, 0x00, 
	0x00, 0x00, 0x00, 0x00, 0x00, 0x00, 0x00, 0x80, 0x00, 0x00, 0x00, 0x01, 0x00, 0x00, 0x00, 0x84, 
	0x00, 0x10, 0x00, 0x20, 0x00, 0x00, 0x80, 0x00, 0x00, 0x00, 0x00, 0x00, 0x00, 0x00, 0x00, 0x00, 
	0x20, 0x00, 0x00, 0x00, 0x68, 0xFE, 0x00, 0x00, 0x00, 0x00, 0x00, 0x40, 0x00, 0x00, 0x00, 0x01, 
	0x00, 0x00, 0x00, 0x00, 0x00, 0x00, 0x00, 0x00, 0x00, 0x00, 0x04, 0x00, 0x00, 0x00, 0x00, 0x00, 
	0x40, 0x00, 0x00, 0x00, 0x00, 0x00, 0x00, 0x00, 0x00, 0x00, 0x00, 0x00, 0x00, 0x00, 0x00, 0x00, 
	0x00, 0x00, 0x00, 0x00, 0x01, 0x02, 0x00, 0x00, 0x00, 0x00, 0x00, 0x00, 0x00, 0x00, 0x00, 0x00, 
	0x00, 0x00, 0x00, 0x20, 0x00, 0x00, 0x00, 0x00, 0x00, 0x00, 0x00, 0x00, 0x00, 0x08, 0x00, 0x00, 
	0x00, 0x48, 0xFD, 0x00, 0x00, 0x00, 0x00, 0x00, 0x00, 0x00, 0x00, 0x00, 0x00, 0x00, 0x00, 0x00, 
	0x00, 0x00, 0x00, 0x00, 0x00, 0x00, 0x00, 0x00, 0x00, 0x00, 0x00, 0x00, 0x00, 0x00, 0x00, 0x00, 
	0x00, 0x00, 0x00, 0x00, 0x00, 0x00, 0x00, 0x00, 0x00, 0x00, 0x00, 0x00, 0x00, 0x00, 0x00, 0x00, 
	0x00, 0x00, 0x00, 0x00, 0x00, 0x00, 0x00, 0x00, 0x00, 0x00, 0x00, 0x00, 0x00, 0x00, 0x00, 0x04, 
	0x00, 0x00, 0x00, 0x00, 0x00, 0x00, 0x00, 0x00, 0x00, 0x00, 0x00, 0x40, 0x00, 0x00, 0x98, 0xFB, 
	0x00, 0x00, 0x00, 0x00, 0x00, 0x00, 0x00, 0x00, 0x00, 0x00, 0x00, 0x00, 0x00, 0x00, 0x00, 0x00, 
	0x00, 0x00, 0x00, 0x00, 0x00, 0x00, 0x00, 0x00, 0x00, 0x00, 0x00, 0x00, 0x00, 0x00, 0x00, 0x00, 
	0x00, 0x00, 0x00, 0x00, 0x00, 0x00, 0x00, 0x00, 0x00, 0x00, 0x00, 0x00, 0x00, 0x00, 0x00, 0x10, 
	0x00, 0x00, 0x00, 0x00, 0x00, 0x00, 0x00, 0x00, 0x00, 0x00, 0x00, 0x40, 0x00, 0x00, 0x00, 0x00, 
	0x00, 0x00, 0x00, 0x00, 0x00, 0x00, 0x00, 0x00, 0x00, 0x00, 0x00, 0x98, 0xFA, 0x00, 0x00, 0x00, 
	0x00, 0x00, 0x00, 0x00, 0x00, 0x00, 0x00, 0x00, 0x00, 0x00, 0x00, 0x00, 0x00, 0x00, 0x00, 0x00, 
	0x00, 0x00, 0x00, 0x00, 0x00, 0x00, 0x00, 0x22, 0x00, 0x00, 0x00, 0x00, 0x00, 0x00, 0x00, 0x00, 
	0x00, 0x00, 0x00, 0x00, 0x00, 0x00, 0x00, 0x00, 0x00, 0x00, 0x00, 0x00, 0x00, 0x00, 0x01, 0x00, 
	0x00, 0x00, 0x00, 0x00, 0x00, 0x00, 0x00, 0x00, 0x00, 0x00, 0x00, 0x08, 0x00, 0x00, 0x00, 0x00, 
	0x00, 0x00, 0x00, 0x00, 0x00, 0x00, 0x00, 0x00, 0x38, 0xFC, 0x00, 0x00, 0x00, 0x00, 0x00, 0x00, 
	0x00, 0x00, 0x00, 0x00, 0x00, 0x00, 0x00, 0x00, 0x00, 0x00, 0x00, 0x00, 0x00, 0x00, 0x00, 0x00, 
	0x00, 0x00, 0x00, 0x00, 0x00, 0x00, 0x00, 0x00, 0x00, 0x00, 0x00, 0x00, 0x00, 0x00, 0x00, 0x00, 
	0x00, 0x00, 0x00, 0x00, 0x00, 0x00, 0x00, 0x00, 0x00, 0x00, 0x00, 0x00, 0x00, 0x00, 0x10, 0x00, 
	0x00, 0x00, 0x00, 0x00, 0x00, 0x00, 0x02, 0x08, 0x00, 0x80, 0x00, 0x00, 0x00, 0x00, 0x00, 0x00, 
	0x00, 0x00, 0x06, 0x02, 0x00, 0xC0, 0xF8, 0x12, 0x00, 0x00, 0x00, 0x00, 0x01, 0x00, 0x00, 0x00, 
	0x80, 0x00, 0x08, 0x00, 0x00, 0x00, 0x00, 0x00, 0x00, 0x00, 0x00, 0x08, 0x00, 0x00, 0x00, 0x00, 
	0x00, 0x00, 0x00, 0x00, 0x00, 0x00, 0x00, 0x00, 0x00, 0x00, 0x00, 0x00, 0x00, 0x00, 0x00, 0x00, 
	0x00, 0x00, 0x00, 0x00, 0x00, 0x00, 0x00, 0x00, 0x00, 0x10, 0x00, 0x00, 0x00, 0x00, 0x00, 0x00, 
	0x00, 0x00, 0x00, 0x08, 0x00, 0x00, 0x02, 0x00, 0x00, 0x00, 0x00, 0x00, 0x40, 0x00, 0x00, 0x00, 
	0x00, 0x00, 0x50, 0xFE, 0x42, 0x00, 0x00, 0x20, 0x02, 0x40, 0x20, 0x00, 0x00, 0x01, 0x00, 0x20, 
	0x00, 0x80, 0x00, 0x00, 0x08, 0x00, 0x00, 0x00, 0x00, 0x00, 0x01, 0x10, 0x00, 0x01, 0x00, 0x00, 
	0x08, 0x08, 0x00, 0x00, 0x00, 0x00, 0x00, 0x00, 0x00, 0x00, 0x00, 0x00, 0x00, 0x00, 0x00, 0x00, 
	0x00, 0x00, 0x00, 0x10, 0x00, 0x80, 0x00, 0x00, 0x08, 0x04, 0x40, 0x40, 0x00, 0x00, 0x04, 0x00, 
	0x00, 0x00, 0x82, 0x00, 0x00, 0x08, 0x10, 0x80, 0x00, 0x20, 0x00, 0x02, 0x00, 0x00, 0x00, 0x90, 
	0xF8, 0x20, 0x00, 0x00, 0xA0, 0x00, 0x92, 0x81, 0x00, 0x40, 0x06, 0x01, 0x60, 0x00, 0x20, 0x2D, 
	0x00, 0x28, 0x00, 0x08, 0x20, 0x54, 0x40, 0x00, 0x08, 0x00, 0x01, 0x00, 0x00, 0xA4, 0x20, 0x00, 
	0x00, 0x00, 0x00, 0x00, 0x00, 0x00, 0x00, 0x00, 0x00, 0x00, 0x00, 0x00, 0x00, 0x00, 0x00, 0x00, 
	0x04, 0x08, 0x00, 0x24, 0x18, 0x02, 0x10, 0x00, 0x0A, 0x00, 0x00, 0x08, 0x00, 0x08, 0x80, 0x00, 
	0x06, 0x00, 0x02, 0x10, 0x0A, 0x02, 0x6A, 0x80, 0x09, 0x05, 0x00, 0x00, 0xF0, 0xFA, 0x00, 0x00, 
	0x00, 0x00, 0x80, 0xC0, 0x10, 0x00, 0x00, 0x40, 0x50, 0x00, 0x00, 0x00, 0x0C, 0x20, 0x00, 0x80, 
	0x82, 0x4C, 0x01, 0x40, 0x08, 0x40, 0x08, 0x08, 0x00, 0x60, 0xA0, 0x26, 0x00, 0x00, 0x00, 0x00, 
	0x00, 0x00, 0x00, 0x00, 0x00, 0x00, 0x00, 0x00, 0x00, 0x00, 0x00, 0x80, 0x83, 0x06, 0x04, 0x04, 
	0x00, 0x68, 0x05, 0x02, 0x02, 0x10, 0x00, 0x80, 0x48, 0x60, 0x00, 0x06, 0x41, 0x0B, 0x00, 0x58, 
	0x69, 0x02, 0x00, 0x02, 0xC2, 0x41, 0x01, 0x00, 0x08, 0xC8, 0xF9, 0x00, 0x00, 0x00, 0x00, 0x00, 
	0x10, 0x00, 0x00, 0x00, 0x00, 0x00, 0x00, 0x00, 0x00, 0x00, 0x00, 0x00, 0x00, 0x00, 0x00, 0x00, 
	0x00, 0x00, 0x00, 0x00, 0x00, 0x00, 0x40, 0x00, 0x00, 0x00, 0x00, 0x00, 0x00, 0x00, 0x00, 0x00, 
	0x00, 0x00, 0x00, 0x00, 0x00, 0x00, 0x00, 0x00, 0x20, 0x00, 0x00, 0x00, 0x00, 0x00, 0x40, 0x00, 
	0x00, 0x00, 0x00, 0x00, 0x00, 0x00, 0x80, 0x00, 0x00, 0x80, 0x00, 0x00, 0x02, 0x00, 0x00, 0x00, 
	0x00, 0x00, 0x00, 0x00, 0x00, 0x20, 0x98, 0xFC, 0x00, 0x00, 0x00, 0x00, 0x00, 0x41, 0x20, 0x00, 
	0x00, 0x80, 0x20, 0x00, 0x00, 0x00, 0x00, 0x20, 0x00, 0x00, 0x42, 0x00, 0x00, 0x00, 0x00, 0x20, 
	0x08, 0x04, 0x00, 0x80, 0x10, 0x10, 0x00, 0x00, 0x00, 0x00, 0x00, 0x00, 0x00, 0x00, 0x00, 0x00, 
	0x00, 0x00, 0x00, 0x00, 0x00, 0x80, 0x00, 0x00, 0x88, 0x00, 0x00, 0x00, 0x00, 0x44, 0x00, 0x00, 
	0x00, 0x00, 0x00, 0x40, 0x00, 0x08, 0x00, 0x00, 0x00, 0x10, 0x00, 0x01, 0x00, 0x00, 0x00, 0x42, 
	0x00, 0x00, 0x00, 0x30, 0xF9, 0x10, 0x00, 0x00, 0x00, 0x00, 0x00, 0x00, 0x00, 0x00, 0x00, 0x00, 
	0x00, 0x00, 0x00, 0x00, 0x00, 0x80, 0x00, 0x00, 0x00, 0x00, 0x00, 0x00, 0x00, 0x00, 0x04, 0x00, 
	0x00, 0x00, 0x00, 0x00, 0x00, 0x00, 0x00, 0x00, 0x00, 0x00, 0x00, 0x00, 0x00, 0x00, 0x00, 0x00, 
	0x00, 0x00, 0x00, 0x00, 0x80, 0x00, 0x00, 0x00, 0x00, 0x00, 0x00, 0x00, 0x00, 0x00, 0x00, 0x00, 
	0x00, 0x00, 0x00, 0x00, 0x00, 0x00, 0x00, 0x00, 0x00, 0x10, 0x01, 0x00, 0x00, 0x00, 0x00, 0x00, 
	0x5C, 0xFF, 0x00, 0x00, 0x00, 0x00, 0x00, 0x00, 0x00, 0x00, 0x00, 0x00, 0x00, 0x00, 0x00, 0x00, 
	0x00, 0x00, 0x00, 0x00, 0x00, 0x00, 0x00, 0x00, 0x00, 0x00, 0x00, 0x00, 0x00, 0x01, 0x00, 0x00, 
	0x00, 0x00, 0x00, 0x00, 0x00, 0x00, 0x00, 0x00, 0x00, 0x00, 0x00, 0x00, 0x00, 0x00, 0x00, 0x00, 
	0x00, 0x00, 0x00, 0x00, 0x00, 0x02, 0x40, 0x00, 0x00, 0x00, 0x00, 0x00, 0x00, 0x00, 0x00, 0x00, 
	0x82, 0x00, 0x00, 0x00, 0x00, 0x00, 0x10, 0x00, 0x00, 0x02, 0x00, 0x00, 0x00, 0x60, 0xF9, 0x00, 
	0x00, 0x00, 0x00, 0x00, 0x00, 0x00, 0x00, 0x00, 0x00, 0x00, 0x00, 0x00, 0x00, 0x00, 0x00, 0x00, 
	0x00, 0x00, 0x00, 0x00, 0x00, 0x00, 0x00, 0x00, 0x00, 0x00, 0x00, 0x10, 0x00, 0x00, 0x00, 0x00, 
	0x00, 0x00, 0x00, 0x00, 0x00, 0x00, 0x00, 0x00, 0x00, 0x00, 0x00, 0x00, 0x00, 0x00, 0x00, 0x00, 
	0x04, 0x00, 0x00, 0x00, 0x00, 0x00, 0x00, 0x00, 0x00, 0x00, 0x00, 0x40, 0x00, 0x00, 0x00, 0x00, 
	0x00, 0x00, 0x00, 0x00, 0x00, 0x00, 0x00, 0x00, 0x00, 0x00, 0xC8, 0xFA, 0x00, 0x00, 0x00, 0x00, 
	0x00, 0x00, 0x00, 0x00, 0x00, 0x00, 0x00, 0x00, 0x00, 0x00, 0x00, 0x00, 0x00, 0x00, 0x00, 0x00, 
	0x02, 0x00, 0x00, 0x00, 0x00, 0x00, 0x00, 0x00, 0x02, 0x00, 0x00, 0x00, 0x00, 0x00, 0x00, 0x00, 
	0x00, 0x00, 0x00, 0x00, 0x00, 0x00, 0x00, 0x00, 0x00, 0x00, 0x00, 0x00, 0x00, 0x00, 0x00, 0x00, 
	0x04, 0x00, 0x00, 0x00, 0x00, 0x00, 0x00, 0x00, 0x00, 0x00, 0x00, 0x00, 0x00, 0x00, 0x00, 0x00, 
	0x00, 0x00, 0x00, 0x00, 0x00, 0x00, 0x00, 0xB8, 0xF9, 0x00, 0x00, 0x00, 0x00, 0x00, 0x00, 0x00, 
	0x00, 0x00, 0x00, 0x00, 0x00, 0x00, 0x00, 0x00, 0x00, 0x00, 0x00, 0x00, 0x00, 0x00, 0x00, 0x00, 
	0x00, 0x00, 0x00, 0x00, 0x00, 0x00, 0x00, 0x00, 0x00, 0x00, 0x00, 0x00, 0x00, 0x00, 0x00, 0x00, 
	0x00, 0x00, 0x00, 0x00, 0x00, 0x00, 0x20, 0x20, 0x00, 0x80, 0x00, 0x04, 0x00, 0x00, 0x48, 0x00, 
	0x08, 0x00, 0x00, 0x00, 0x02, 0x02, 0x00, 0x00, 0x00, 0x00, 0x00, 0x00, 0x00, 0x00, 0x00, 0x00, 
	0x00, 0x02, 0x00, 0x00, 0x70, 0xF9, 0x00, 0x00, 0x00, 0x00, 0x00, 0x00, 0x00, 0x00, 0x00, 0x00, 
	0x00, 0x00, 0x00, 0x00, 0x00, 0x00, 0x00, 0x00, 0x00, 0x00, 0x00, 0x00, 0x00, 0x00, 0x00, 0x00, 
	0x00, 0x00, 0x00, 0x00, 0x00, 0x00, 0x00, 0x00, 0x00, 0x00, 0x00, 0x00, 0x00, 0x00, 0x00, 0x00, 
	0x00, 0x00, 0x00, 0x40, 0x00, 0x00, 0x00, 0x01, 0x00, 0x00, 0x00, 0x00, 0x00, 0x00, 0x00, 0x00, 
	0x00, 0x00, 0x00, 0x80, 0x00, 0x00, 0x00, 0x00, 0x00, 0x00, 0x00, 0x00, 0x00, 0x20, 0x00, 0x00, 
	0x00, 0xD0, 0xFC, 0x00, 0x00, 0x00, 0x00, 0x00, 0x00, 0x00, 0x00, 0x00, 0x00, 0x00, 0x00, 0x00, 
	0x00, 0x00, 0x00, 0x00, 0x00, 0x00, 0x00, 0x00, 0x00, 0x00, 0x00, 0x00, 0x00, 0x00, 0x00, 0x00, 
	0x00, 0x00, 0x00, 0x00, 0x00, 0x00, 0x00, 0x00, 0x00, 0x00, 0x00, 0x00, 0x00, 0x00, 0x00, 0x00, 
	0x40, 0x00, 0x00, 0x00, 0x08, 0x00, 0x00, 0x00, 0x00, 0x00, 0x20, 0x08, 0x00, 0x00, 0x04, 0x00, 
	0x00, 0x00, 0x08, 0x00, 0x00, 0x00, 0x00, 0x00, 0x00, 0x00, 0x00, 0x04, 0x00, 0x00, 0xF8, 0xF9, 
	0x00, 0x00, 0x00, 0x00, 0x00, 0x00, 0x00, 0x00, 0x00, 0x00, 0x00, 0x00, 0x00, 0x00, 0x00, 0x00, 
	0x00, 0x00, 0x00, 0x00, 0x00, 0x00, 0x00, 0x00, 0x00, 0x00, 0x00, 0x00, 0x04, 0x00, 0x00, 0x00, 
	0x00, 0x00, 0x00, 0x00, 0x00, 0x00, 0x00, 0x00, 0x00, 0x00, 0x00, 0x00, 0x00, 0x00, 0x00, 0x00, 
	0x00, 0x00, 0x02, 0x00, 0x00, 0x00, 0x00, 0x10, 0x00, 0x00, 0x00, 0x00, 0x00, 0x00, 0x00, 0x00, 
	0x00, 0x00, 0x00, 0x00, 0x08, 0x00, 0x00, 0x00, 0x00, 0x00, 0x00, 0x28, 0xFA, 0x02, 0x00, 0x00, 
	0x00, 0x00, 0x00, 0x00, 0x00, 0x00, 0x00, 0x00, 0x00, 0x00, 0x00, 0x00, 0x00, 0x00, 0x00, 0x00, 
	0x00, 0x00, 0x00, 0x00, 0x00, 0x00, 0x00, 0x00, 0x04, 0x20, 0x00, 0x00, 0x00, 0x00, 0x00, 0x00, 
	0x00, 0x00, 0x00, 0x00, 0x00, 0x00, 0x00, 0x00, 0x00, 0x00, 0x00, 0x00, 0x00, 0x00, 0x00, 0x00, 
	0x00, 0x00, 0x00, 0x00, 0x00, 0x00, 0x00, 0x00, 0x00, 0x00, 0x00, 0x00, 0x00, 0x00, 0x00, 0x00, 
	0x00, 0x00, 0x00, 0x00, 0x00, 0x00, 0x00, 0x00, 0xD8, 0xFB, 0x00, 0x00, 0x00, 0x00, 0x00, 0x00, 
	0x00, 0x00, 0x00, 0x00, 0x00, 0x00, 0x00, 0x00, 0x00, 0x00, 0x00, 0x00, 0x00, 0x00, 0x00, 0x00, 
	0x00, 0x00, 0x00, 0x00, 0x00, 0x40, 0x00, 0x00, 0x00, 0x00, 0x00, 0x00, 0x00, 0x00, 0x00, 0x00, 
	0x00, 0x00, 0x00, 0x00, 0x00, 0x00, 0x00, 0x00, 0x80, 0x00, 0x00, 0x00, 0x00, 0x00, 0x00, 0x00, 
	0x00, 0x40, 0x00, 0x00, 0x00, 0x00, 0x00, 0x00, 0x00, 0x00, 0x00, 0x00, 0x00, 0x00, 0x00, 0x00, 
	0x00, 0x00, 0x00, 0x00, 0x00, 0xD4, 0xFF, 0x00, 0x00, 0x00, 0x00, 0x10, 0x00, 0x00, 0x00, 0x00, 
	0x00, 0x00, 0x00, 0x00, 0x00, 0x00, 0x00, 0x00, 0x00, 0x00, 0x00, 0x00, 0x00, 0x00, 0x00, 0x00, 
	0x00, 0x00, 0x00, 0x00, 0x00, 0x00, 0x00, 0x00, 0x00, 0x00, 0x00, 0x00, 0x00, 0x00, 0x00, 0x00, 
	0x00, 0x00, 0x00, 0x00, 0x00, 0x00, 0x00, 0x04, 0x00, 0x00, 0x00, 0x02, 0x00, 0x00, 0x80, 0x00, 
	0x00, 0x00, 0x00, 0x00, 0x00, 0x00, 0x00, 0x00, 0x00, 0x04, 0x00, 0x00, 0x00, 0x00, 0x00, 0x00, 
	0x00, 0x00, 0x80, 0xFC, 0x00, 0x00, 0x00, 0x00, 0x80, 0x00, 0x00, 0x00, 0x00, 0x00, 0x00, 0x00, 
	0x00, 0x00, 0x00, 0x00, 0x00, 0x00, 0x00, 0x00, 0x00, 0x00, 0x00, 0x00, 0x00, 0x00, 0x00, 0x00, 
	0x00, 0x00, 0x00, 0x00, 0x00, 0x00, 0x00, 0x00, 0x00, 0x00, 0x00, 0x00, 0x00, 0x00, 0x00, 0x00, 
	0x00, 0x00, 0x00, 0xC0, 0x00, 0x00, 0x00, 0x00, 0x00, 0x00, 0x00, 0x00, 0x00, 0x00, 0x00, 0x01, 
	0x00, 0x00, 0x00, 0x00, 0x00, 0x00, 0x42, 0x00, 0x80, 0x00, 0x00, 0x00, 0x01, 0x00, 0x00, 0xF0, 
	0xF8, 0x80, 0x11, 0x02, 0x80, 0x00, 0xC0, 0x88, 0x00, 0x00, 0x00, 0x08, 0x11, 0x01, 0xA0, 0x01, 
	0x04, 0x84, 0x00, 0x50, 0x08, 0x00, 0x40, 0x81, 0x28, 0x01, 0x0D, 0xA0, 0x11, 0xB4, 0x40, 0x00, 
	0x00, 0x00, 0x00, 0x00, 0x00, 0x00, 0x00, 0x00, 0x00, 0x00, 0x00, 0x00, 0x00, 0x00, 0x20, 0x00, 
	0x34, 0x00, 0x10, 0x02, 0x00, 0x00, 0x40, 0x00, 0x00, 0x02, 0x01, 0x00, 0x00, 0x00, 0x80, 0x00, 
	0x00, 0x00, 0x00, 0x00, 0x10, 0x28, 0x21, 0x00, 0x28, 0x00, 0x00, 0x00, 0x20, 0xF9, 0x80, 0x01, 
	0x00, 0x00, 0x00, 0xC0, 0x00, 0x00, 0x00, 0x00, 0x20, 0x00, 0x00, 0x00, 0x01, 0x01, 0x00, 0x00, 
	0x80, 0x20, 0x00, 0x00, 0x00, 0x00, 0x10, 0x00, 0x00, 0x01, 0x31, 0x00, 0x00, 0x00, 0x00, 0x00, 
	0x00, 0x00, 0x00, 0x00, 0x00, 0x00, 0x00, 0x00, 0x00, 0x00, 0x00, 0x00, 0x00, 0x20, 0x08, 0x00, 
	0x00, 0x00, 0x00, 0x00, 0x03, 0x00, 0x10, 0x00, 0x00, 0x00, 0x00, 0x00, 0x00, 0x00, 0x00, 0x00, 
	0x00, 0x00, 0x22, 0x00, 0x00, 0x00, 0x00, 0x00, 0x00, 0x38, 0xFA, 0xE0, 0x01, 0x00, 0x00, 0x06, 
	0xE0, 0x00, 0x00, 0x00, 0x00, 0x60, 0x00, 0x02, 0xE0, 0x01, 0x00, 0x80, 0x07, 0x40, 0x00, 0x00, 
	0x00, 0x83, 0x20, 0x10, 0x0F, 0xE0, 0x41, 0x30, 0x20, 0x00, 0x00, 0x00, 0x00, 0x00, 0x00, 0x00, 
	0x00, 0x00, 0x00, 0x00, 0x00, 0x00, 0x00, 0x00, 0x60, 0x40, 0x3C, 0x00, 0x07, 0x02, 0x00, 0x00, 
	0x00, 0x00, 0x18, 0x00, 0x0C, 0x00, 0x00, 0x00, 0x00, 0x00, 0x00, 0x00, 0x00, 0x80, 0x00, 0x78, 
	0x00, 0x02, 0x00, 0x00, 0x00, 0x00, 0x98, 0xFC, 0x80, 0x01, 0x00, 0x00, 0x20, 0xD2, 0x00, 0x00, 
	0x00, 0x00, 0x60, 0x40, 0x01, 0x20, 0x49, 0x80, 0x40, 0x40, 0x81, 0x02, 0x01, 0x00, 0x0B, 0x40, 
	0x02, 0x8D, 0x82, 0x05, 0x30, 0x02, 0x00, 0x00, 0x00, 0x00, 0x00, 0x00, 0x00, 0x00, 0x00, 0x00, 
	0x00, 0x00, 0x00, 0x00, 0x00, 0x00, 0x08, 0x84, 0x90, 0x40, 0x00, 0x00, 0x00, 0x00, 0x80, 0x08, 
	0x00, 0x0C, 0x00, 0x00, 0x00, 0x00, 0x00, 0x00, 0x00, 0x00, 0x40, 0x00, 0x08, 0x00, 0x01, 0x00, 
	0x00, 0x00, 0x00, 0xC0, 0xF8, 0x80, 0x01, 0x00, 0x00, 0x20, 0x02, 0x00, 0x00, 0x00, 0x00, 0x60, 
	0x02, 0x4C, 0x80, 0x44, 0x00, 0x02, 0x40, 0x40, 0x08, 0x00, 0x00, 0x20, 0x20, 0x00, 0x40, 0x82, 
	0x41, 0x30, 0x01, 0x00, 0x00, 0x00, 0x00, 0x00, 0x00, 0x00, 0x00, 0x00, 0x00, 0x00, 0x00, 0x00, 
	0x00, 0x00, 0x80, 0x45, 0x90, 0x10, 0xC0, 0x00, 0x00, 0x00, 0x00, 0x10, 0x60, 0x12, 0x80, 0x01, 
	0x00, 0x00, 0x00, 0x00, 0x00, 0x00, 0x00, 0x00, 0x23, 0x54, 0x00, 0x2C, 0x80, 0x81, 0x00, 0x00, 
	0x78, 0xFB, 0xC0, 0x01, 0x00, 0x80, 0x01, 0x30, 0x20, 0x00, 0x00, 0x00, 0x78, 0x10, 0x0F, 0xE2, 
	0x01, 0x0C, 0x88, 0x01, 0xB1, 0x80, 0x00, 0xC0, 0x82, 0x58, 0x40, 0x0F, 0xE0, 0x01, 0x3C, 0x20, 
	0x00, 0x00, 0x00, 0x00, 0x00, 0x00, 0x00, 0x00, 0x00, 0x00, 0x00, 0x00, 0x00, 0x00, 0x00, 0xE0, 
	0x01, 0x28, 0x80, 0x01, 0x00, 0x00, 0x00, 0xC0, 0x80, 0x70, 0x00, 0x03, 0x00, 0x00, 0x00, 0x80, 
	0x01, 0x02, 0x00, 0x00, 0xC0, 0x03, 0x40, 0x00, 0x0F, 0xE8, 0x01, 0x00, 0x00, 0x10, 0xF9, 0x80, 
	0x01, 0x00, 0x00, 0x00, 0x02, 0x00, 0x00, 0x00, 0x00, 0x00, 0x10, 0x0C, 0x80, 0x40, 0x00, 0x08, 
	0x00, 0x41, 0x00, 0x00, 0x00, 0x00, 0x20, 0x40, 0x00, 0x80, 0x01, 0x30, 0x10, 0x00, 0x00, 0x00, 
	0x00, 0x00, 0x00, 0x00, 0x00, 0x00, 0x00, 0x00, 0x00, 0x00, 0x00, 0x00, 0x80, 0x41, 0x00, 0x08, 
	0x00, 0x02, 0x00, 0x00, 0x00, 0x80, 0x60, 0x00, 0x00, 0x00, 0x00, 0x00, 0x00, 0x06, 0x00, 0x00, 
	0x00, 0x00, 0x03, 0x50, 0x00, 0x0C, 0x80, 0x01, 0x00, 0x00, 0x30, 0xFF, 0x80, 0x01, 0x00, 0x00, 
	0x20, 0x00, 0x00, 0x00, 0x00, 0x00, 0x00, 0x00, 0x0C, 0x00, 0x09, 0x20, 0x00, 0x20, 0xC0, 0x08, 
	0x01, 0x00, 0x8A, 0x40, 0x02, 0x4C, 0x82, 0x11, 0xA1, 0x00, 0x00, 0x00, 0x00, 0x00, 0x00, 0x00, 
	0x00, 0x00, 0x00, 0x00, 0x00, 0x00, 0x00, 0x00, 0x00, 0x00, 0x00, 0x00, 0x02, 0x20, 0x00, 0x00, 
	0x00, 0x00, 0x08, 0x60, 0x00, 0x80, 0x08, 0x00, 0x00, 0x00, 0x06, 0x02, 0x00, 0x00, 0x00, 0x03, 
	0x20, 0x00, 0x0C, 0x80, 0x01, 0x00, 0x00, 0x40, 0xFC, 0x00, 0x00, 0x00, 0x80, 0x00, 0xC0, 0x80, 
	0x00, 0x00, 0x00, 0x68, 0x11, 0x01, 0x00, 0x00, 0x14, 0x02, 0x20, 0x10, 0x24, 0x00, 0x40, 0x00, 
	0x08, 0x02, 0x0D, 0xA0, 0x01, 0x04, 0x02, 0x00, 0x00, 0x00, 0x00, 0x00, 0x00, 0x00, 0x10, 0x00, 
	0x00, 0x00, 0x00, 0x00, 0x00, 0x00, 0x08, 0x00, 0x04, 0x42, 0x10, 0x01, 0x00, 0x4A, 0x40, 0x03, 
	0x68, 0x00, 0x00, 0x20, 0x88, 0x00, 0x80, 0x10, 0x10, 0x28, 0x82, 0x10, 0x10, 0x08, 0x21, 0x00, 
	0x28, 0x08, 0x01, 0x00, 0x68, 0xF8, 0x00, 0x00, 0x00, 0x00, 0x00, 0xC0, 0x00, 0x00, 0x00, 0x00, 
	0x60, 0x00, 0x00, 0x00, 0x00, 0x00, 0x10, 0x00, 0x84, 0x00, 0x00, 0x00, 0x00, 0x40, 0x10, 0x0C, 
	0x00, 0x00, 0x00, 0x20, 0x00, 0x00, 0x00, 0x00, 0x00, 0x00, 0x00, 0x0C, 0x00, 0x00, 0x00, 0x00, 
	0x00, 0x00, 0x00, 0x06, 0x00, 0x20, 0x00, 0x00, 0x00, 0x00, 0x10, 0x10, 0x03, 0x60, 0x00, 0x00, 
	0x82, 0x00, 0x00, 0x00, 0x02, 0x04, 0x00, 0x08, 0x00, 0x00, 0x02, 0x00, 0x00, 0x80, 0x00, 0x00, 
	0x00, 0xD0, 0xF9, 0x00, 0x00, 0x00, 0x00, 0x00, 0xF0, 0x00, 0x00, 0x00, 0x00, 0x60, 0x10, 0x0F, 
	0x00, 0x00, 0x00, 0x00, 0x01, 0x40, 0x20, 0x00, 0x00, 0x03, 0x00, 0x10, 0x0C, 0xE0, 0x41, 0x08, 
	0x00, 0x00, 0x00, 0x00, 0x00, 0x00, 0x00, 0x00, 0x08, 0x00, 0x00, 0x00, 0x00, 0x00, 0x00, 0x00, 
	0x04, 0x00, 0x30, 0x80, 0x01, 0x00, 0x00, 0x18, 0x84, 0x00, 0x78, 0x00, 0x02, 0x00, 0x01, 0x00, 
	0x00, 0x04, 0x40, 0x40, 0x10, 0x90, 0x00, 0x50, 0x00, 0x02, 0x00, 0x01, 0x01, 0x00, 0xA0, 0xFA, 
	0x04, 0x00, 0x00, 0x00, 0x00, 0xD0, 0x00, 0x00, 0x00, 0x00, 0x60, 0x00, 0x0C, 0x00, 0x00, 0x00, 
	0xA2, 0x00, 0x00, 0x02, 0x00, 0x00, 0x03, 0x00, 0x01, 0x0C, 0x80, 0x05, 0x34, 0x09, 0x00, 0x00, 
	0x00, 0x00, 0x00, 0x00, 0x00, 0x00, 0x00, 0x00, 0x00, 0x00, 0x00, 0x00, 0x00, 0x00, 0x00, 0x20, 
	0x8A, 0x00, 0x00, 0x00, 0x50, 0x40, 0x00, 0x60, 0x00, 0x01, 0x00, 0x20, 0x00, 0x00, 0x00, 0x02, 
	0x08, 0x40, 0x40, 0x00, 0x20, 0x00, 0x01, 0x00, 0x04, 0x00, 0x00, 0x81, 0xFE, 0x04, 0x00, 0x00, 
	0x00, 0x00, 0x02, 0x44, 0x00, 0x00, 0x00, 0x40, 0x08, 0x00, 0x00, 0x00, 0x00, 0x06, 0x10, 0x08, 
	0x04, 0x01, 0x00, 0x03, 0x01, 0x01, 0x20, 0x02, 0x10, 0x20, 0x02, 0x00, 0x00, 0x00, 0x00, 0x00, 
	0x00, 0x00, 0x00, 0x00, 0x00, 0x00, 0x00, 0x00, 0x00, 0x00, 0x00, 0x00, 0x10, 0x10, 0x86, 0x00, 
	0x00, 0x48, 0x10, 0x10, 0x00, 0x00, 0x2C, 0x82, 0x48, 0x00, 0x00, 0x22, 0x01, 0x40, 0x48, 0x00, 
	0x0B, 0x50, 0x00, 0x8C, 0x80, 0x04, 0x00, 0x00, 0x31, 0xFE, 0x00, 0x00, 0x00, 0x80, 0x01, 0x30, 
	0x00, 0x00, 0x00, 0x00, 0x18, 0x00, 0x03, 0x02, 0x00, 0x0C, 0x80, 0x01, 0x30, 0x00, 0x00, 0xC0, 
	0x03, 0x18, 0x10, 0x03, 0x60, 0x00, 0x19, 0x08, 0x00, 0x00, 0x00, 0x00, 0x00, 0x00, 0x00, 0x00, 
	0x00, 0x00, 0x00, 0x00, 0x00, 0x00, 0x00, 0x00, 0x00, 0x3C, 0x80, 0x07, 0x00, 0x00, 0x16, 0xC0, 
	0x80, 0x18, 0x20, 0x0F, 0x60, 0x00, 0x00, 0x80, 0x01, 0x30, 0x00, 0x06, 0xC4, 0x03, 0x42, 0x00, 
	0x0F, 0x64, 0x40, 0x00, 0x00, 0x20, 0xF9, 0x04, 0x00, 0x00, 0x00, 0x06, 0x02, 0x00, 0x00, 0x00, 
	0x00, 0x00, 0x00, 0x00, 0x00, 0x00, 0x00, 0x20, 0x06, 0x02, 0x20, 0x00, 0x00, 0x03, 0x00, 0x00, 
	0x00, 0x00, 0x00, 0x20, 0x08, 0x00, 0x00, 0x00, 0x00, 0x00, 0x00, 0x00, 0x00, 0x00, 0x00, 0x00, 
	0x00, 0x00, 0x00, 0x00, 0x00, 0x00, 0x10, 0x20, 0x06, 0x00, 0x00, 0x08, 0x04, 0x80, 0x00, 0x00, 
	0x0C, 0x00, 0x40, 0x00, 0x00, 0x00, 0x01, 0x00, 0x00, 0x04, 0x03, 0x50, 0x00, 0x0C, 0x00, 0x00, 
	0x00, 0x00, 0xE0, 0xFE, 0x00, 0x00, 0x00, 0x00, 0x46, 0x00, 0x00, 0x00, 0x00, 0x00, 0x00, 0x14, 
	0x80, 0x02, 0x00, 0x00, 0x01, 0x16, 0x00, 0x04, 0x00, 0x00, 0x23, 0x01, 0x81, 0x00, 0x00, 0x10, 
	0x11, 0x00, 0x00, 0x00, 0x00, 0x00, 0x00, 0x00, 0x00, 0x00, 0x00, 0x00, 0x00, 0x00, 0x00, 0x00, 
	0x00, 0x00, 0x00, 0x30, 0x02, 0x06, 0x00, 0x00, 0x10, 0x00, 0x08, 0x00, 0x00, 0x0C, 0x40, 0x05, 
	0x00, 0x00, 0x15, 0x00, 0x82, 0x10, 0x01, 0x03, 0x20, 0x00, 0x0C, 0x00, 0x51, 0x00, 0x00, 0x38, 
	0xFB, 0x00, 0x80, 0x00, 0x80, 0x22, 0x10, 0x00, 0x00, 0x00, 0x00, 0x08, 0x00, 0x0D, 0x00, 0x00, 
	0x14, 0x80, 0x20, 0x50, 0x04, 0x02, 0x00, 0x08, 0x01, 0x02, 0x05, 0x22, 0x40, 0x94, 0x00, 0x00, 
	0x00, 0x00, 0x00, 0x00, 0x00, 0x00, 0x08, 0x00, 0x00, 0x00, 0x00, 0x00, 0x00, 0x00, 0x24, 0x00, 
	0x04, 0x01, 0x10, 0x02, 0x00, 0x18, 0x01, 0x00, 0x00, 0x00, 0x00, 0x20, 0x80, 0x00, 0x80, 0x20, 
	0x10, 0x00, 0x80, 0x00, 0x10, 0x08, 0x21, 0x85, 0x02, 0x00, 0x01, 0x20, 0xB8, 0xFA, 0x00, 0x00, 
	0x00, 0x00, 0x06, 0x01, 0x00, 0x00, 0x00, 0x00, 0x60, 0x00, 0x0C, 0x00, 0x00, 0x00, 0x20, 0x00, 
	0x81, 0x20, 0x00, 0x00, 0x00, 0x00, 0x40, 0x00, 0x00, 0x01, 0x20, 0x08, 0x00, 0x00, 0x00, 0x00, 
	0x00, 0x00, 0x00, 0x08, 0x00, 0x00, 0x00, 0x00, 0x00, 0x00, 0x00, 0x08, 0x00, 0x20, 0x10, 0x00, 
	0x00, 0x00, 0x18, 0x04, 0x80, 0x00, 0x00, 0x00, 0x82, 0x00, 0x00, 0x00, 0x02, 0x02, 0x00, 0x00, 
	0x08, 0x00, 0x01, 0x00, 0x00, 0x00, 0x00, 0x00, 0x00, 0x18, 0xFA, 0x60, 0x00, 0x00, 0x00, 0x02, 
	0xC0, 0x00, 0x00, 0x00, 0x00, 0x00, 0x10, 0x0C, 0x00, 0x00, 0x00, 0x80, 0x01, 0xC1, 0x00, 0x18, 
	0x80, 0x03, 0x78, 0x00, 0x04, 0x60, 0x00, 0x38, 0x20, 0x00, 0x00, 0x00, 0x00, 0x00, 0x00, 0x00, 
	0x02, 0x00, 0x00, 0x00, 0x00, 0x00, 0x00, 0x00, 0x81, 0x01, 0x30, 0x80, 0x01, 0x00, 0x00, 0x1C, 
	0xC0, 0x00, 0x00, 0x00, 0x02, 0x00, 0x01, 0x00, 0x00, 0x04, 0x00, 0x00, 0x04, 0x80, 0x00, 0x50, 
	0x00, 0x00, 0x40, 0x00, 0x08, 0x00, 0xF0, 0xF9, 0x00, 0x00, 0x00, 0x00, 0x44, 0xC2, 0x00, 0x00, 
	0x00, 0x00, 0x00, 0x01, 0x0C, 0x00, 0x00, 0x00, 0x04, 0x20, 0x80, 0x08, 0x19, 0x40, 0x03, 0x68, 
	0x00, 0x2C, 0x24, 0x00, 0xA5, 0x00, 0x00, 0x00, 0x00, 0x00, 0x00, 0x00, 0x00, 0x08, 0x00, 0x00, 
	0x00, 0x00, 0x00, 0x00, 0x00, 0x84, 0x01, 0x20, 0x8A, 0x00, 0x00, 0x00, 0x1A, 0x00, 0x00, 0x00, 
	0x00, 0x01, 0x00, 0x10, 0x01, 0x00, 0x20, 0x02, 0x00, 0x02, 0x40, 0x00, 0x20, 0x00, 0x20, 0x24, 
	0x00, 0x04, 0x00, 0xE8, 0xFF, 0x80, 0x91, 0x00, 0x00, 0x42, 0x00, 0x08, 0x00, 0x00, 0x00, 0x00, 
	0x02, 0x20, 0x08, 0x00, 0x00, 0x01, 0x40, 0x40, 0x08, 0x00, 0x00, 0x13, 0x00, 0x82, 0x20, 0x08, 
	0x08, 0x00, 0x11, 0x00, 0x00, 0x00, 0x00, 0x00, 0x00, 0x00, 0x00, 0x00, 0x00, 0x00, 0x00, 0x00, 
	0x00, 0x00, 0x00, 0x80, 0x10, 0x20, 0x46, 0x00, 0x00, 0x40, 0x00, 0x03, 0x01, 0x00, 0x4C, 0x82, 
	0x50, 0x00, 0x00, 0x42, 0x01, 0x82, 0x98, 0x10, 0x23, 0x51, 0x00, 0x20, 0x82, 0x09, 0x31, 0x11, 
	0xB8, 0xFB, 0xE0, 0x01, 0x00, 0x80, 0x05, 0x32, 0x20, 0x00, 0x00, 0x00, 0x18, 0x10, 0x03, 0x00, 
	0x00, 0x0C, 0xA0, 0x01, 0xF1, 0x80, 0x06, 0xC8, 0x03, 0x19, 0x00, 0x0B, 0x60, 0x00, 0x09, 0x00, 
	0x00, 0x00, 0x00, 0x00, 0x00, 0x00, 0x00, 0x00, 0x00, 0x00, 0x00, 0x00, 0x00, 0x00, 0x00, 0x71, 
	0x00, 0x3C, 0x80, 0x07, 0x02, 0x00, 0x06, 0xC4, 0x03, 0x00, 0x00, 0x0F, 0x60, 0x00, 0x00, 0x80, 
	0x01, 0x30, 0x00, 0x1E, 0xC0, 0x03, 0x40, 0x00, 0x03, 0xE0, 0x01, 0x3C, 0x00, 0x38, 0xFA, 0x80, 
	0x01, 0x00, 0x00, 0x02, 0x04, 0x00, 0x00, 0x00, 0x00, 0x00, 0x10, 0x0C, 0x04, 0x00, 0x00, 0x20, 
	0x00, 0x41, 0x00, 0x00, 0x04, 0x03, 0x01, 0x00, 0x00, 0x08, 0x40, 0x00, 0x20, 0x00, 0x00, 0x00, 
	0x00, 0x00, 0x00, 0x00, 0x0A, 0x00, 0x00, 0x00, 0x00, 0x00, 0x00, 0x00, 0x00, 0x40, 0x10, 0x20, 
	0x06, 0x00, 0x00, 0x18, 0x00, 0x03, 0x00, 0x00, 0x0C, 0x00, 0x40, 0x00, 0x00, 0x00, 0xC1, 0x00, 
	0x18, 0x00, 0x03, 0x50, 0x00, 0x00, 0x84, 0x01, 0x30, 0x00, 0x40, 0xFC, 0x80, 0x01, 0x00, 0x00, 
	0x14, 0x00, 0x24, 0x00, 0x00, 0x00, 0x00, 0x00, 0x4C, 0x00, 0x00, 0x00, 0x00, 0x04, 0x80, 0x02, 
	0x81, 0x00, 0x13, 0x00, 0x12, 0x08, 0x00, 0x04, 0x00, 0x02, 0x00, 0x00, 0x00, 0x00, 0x00, 0x00, 
	0x00, 0x00, 0x00, 0x00, 0x00, 0x00, 0x00, 0x00, 0x00, 0x04, 0x04, 0x30, 0x02, 0x06, 0x00, 0x00, 
	0x58, 0x10, 0x03, 0x00, 0x00, 0x0C, 0x00, 0x09, 0x00, 0x00, 0x24, 0xC0, 0x88, 0x18, 0x00, 0x03, 
	0x20, 0x00, 0x08, 0x80, 0x01, 0x30, 0x00, 0x00, 0xF9, 0x20, 0x00, 0x00, 0x80, 0x06, 0x10, 0x00, 
	0x02, 0x00, 0x00, 0x60, 0x02, 0x2C, 0x04, 0x00, 0x04, 0x84, 0x00, 0x50, 0x28, 0x1A, 0x40, 0x00, 
	0x68, 0x00, 0x0D, 0x20, 0x48, 0xB4, 0x10, 0x00, 0x00, 0x00, 0x00, 0x00, 0x00, 0x00, 0x12, 0x00, 
	0x00, 0x00, 0x00, 0x00, 0x00, 0x00, 0x21, 0x00, 0x34, 0x80, 0x16, 0x00, 0x00, 0x1A, 0x00, 0x08, 
	0x29, 0x01, 0x4D, 0x02, 0x00, 0x00, 0x00, 0x00, 0x10, 0x00, 0x42, 0x44, 0x20, 0x0C, 0x21, 0x00, 
	0x08, 0x00, 0x01, 0x20, 0xDC, 0xFD, 0x00, 0x00, 0x00, 0x00, 0x06, 0x00, 0x00, 0x00, 0x00, 0x00, 
	0x60, 0x40, 0x0C, 0x00, 0x00, 0x00, 0x00, 0x00, 0x00, 0x00, 0x00, 0x00, 0x00, 0x60, 0x00, 0x00, 
	0x80, 0x00, 0x30, 0x00, 0x00, 0x00, 0x00, 0x00, 0x00, 0x00, 0x00, 0x00, 0x00, 0x00, 0x00, 0x00, 
	0x00, 0x00, 0x00, 0x00, 0x00, 0x00, 0x00, 0x04, 0x02, 0x00, 0x00, 0x00, 0x00, 0x00, 0x40, 0x08, 
	0x00, 0x00, 0x00, 0x00, 0x00, 0x00, 0x00, 0x00, 0x00, 0x01, 0x00, 0x00, 0x00, 0x00, 0x00, 0x00, 
	0x00, 0x20, 0xFB, 0x80, 0x01, 0x00, 0x00, 0x00, 0x30, 0x00, 0x18, 0x00, 0x00, 0x78, 0x00, 0x02, 
	0x00, 0x00, 0x00, 0x80, 0x01, 0x40, 0x20, 0x1C, 0x00, 0x00, 0x00, 0x00, 0x03, 0x02, 0x00, 0x30, 
	0x10, 0x00, 0x00, 0x00, 0x00, 0x00, 0x00, 0x00, 0x04, 0x00, 0x00, 0x00, 0x00, 0x00, 0x00, 0x00, 
	0x02, 0x00, 0x30, 0x00, 0x02, 0x02, 0x00, 0x1E, 0x80, 0x00, 0x60, 0x00, 0x0C, 0x02, 0x00, 0x00, 
	0x00, 0x00, 0xE0, 0x20, 0x00, 0x00, 0x02, 0x50, 0x00, 0x02, 0x40, 0x00, 0x08, 0x00, 0x80, 0xF8, 
	0x80, 0x01, 0x00, 0x00, 0x00, 0x10, 0x00, 0x18, 0x00, 0x00, 0x68, 0x00, 0x01, 0x00, 0x00, 0x80, 
	0xC0, 0x00, 0xC0, 0x02, 0x9A, 0x08, 0x00, 0x00, 0x00, 0x01, 0x00, 0x44, 0x30, 0x00, 0x00, 0x00, 
	0x00, 0x00, 0x00, 0x00, 0x00, 0x10, 0x00, 0x00, 0x00, 0x00, 0x00, 0x00, 0x00, 0x00, 0x00, 0x00, 
	0x04, 0x14, 0x00, 0x00, 0x02, 0x48, 0x00, 0x60, 0x12, 0x20, 0x00, 0x00, 0x00, 0x00, 0x00, 0xD0, 
	0x02, 0x00, 0x04, 0x08, 0x22, 0x00, 0x01, 0x20, 0x00, 0x04, 0x00, 0xCB, 0xF9, 0x00, 0x10, 0x02, 
	0x00, 0xC0, 0xC0, 0x28, 0x00, 0x01, 0x00, 0x00, 0x00, 0x00, 0x04, 0x00, 0x80, 0x00, 0x06, 0x08, 
	0x04, 0x99, 0x00, 0x60, 0x00, 0x00, 0x00, 0x00, 0x10, 0x80, 0x20, 0x00, 0x00, 0x00, 0x00, 0x00, 
	0x00, 0x00, 0x02, 0x00, 0x00, 0x00, 0x00, 0x00, 0x00, 0x00, 0x11, 0x48, 0x00, 0x12, 0x02, 0x01, 
	0x00, 0x80, 0x04, 0x13, 0x01, 0x21, 0x84, 0x00, 0x00, 0x00, 0x00, 0x00, 0x00, 0x08, 0x80, 0x08, 
	0x91, 0x50, 0x00, 0x4C, 0x80, 0x05, 0x31, 0x06, 0xC9, 0xFB, 0x60, 0x00, 0x00, 0x80, 0x01, 0xF0, 
	0x00, 0x06, 0x08, 0x00, 0x18, 0x10, 0x03, 0x00, 0x00, 0x0C, 0x88, 0x07, 0xB0, 0x00, 0x1E, 0xC4, 
	0x00, 0x18, 0x40, 0x03, 0x62, 0x80, 0x2C, 0x80, 0x02, 0x00, 0x00, 0x00, 0x00, 0x00, 0x00, 0x54, 
	0x02, 0x00, 0x00, 0x00, 0x00, 0x00, 0x00, 0x6A, 0x00, 0x3C, 0x80, 0x05, 0x00, 0x00, 0x04, 0xC0, 
	0x03, 0x58, 0x00, 0x0B, 0x02, 0x00, 0x00, 0x00, 0x00, 0xF0, 0x20, 0x06, 0xC0, 0x00, 0x40, 0x00, 
	0x0F, 0xE4, 0x01, 0x3C, 0x00, 0x68, 0xFE, 0x00, 0x40, 0x00, 0x00, 0x00, 0xC2, 0x00, 0x00, 0x04, 
	0x00, 0x00, 0x00, 0x00, 0x00, 0x00, 0x00, 0x08, 0x06, 0x00, 0x20, 0x00, 0x04, 0x03, 0x01, 0x40, 
	0x00, 0x02, 0x00, 0x00, 0x10, 0x00, 0x00, 0x00, 0x00, 0x00, 0x00, 0x00, 0x00, 0x00, 0x00, 0x00, 
	0x00, 0x00, 0x00, 0x00, 0x80, 0x41, 0x30, 0x00, 0x02, 0x00, 0x00, 0x00, 0x04, 0x03, 0x00, 0x00, 
	0x00, 0x00, 0x00, 0x00, 0x00, 0x00, 0x00, 0x00, 0x00, 0x00, 0x80, 0x50, 0x00, 0x0C, 0x80, 0x01, 
	0x30, 0x00, 0x41, 0xFE, 0x00, 0x00, 0x00, 0x00, 0x40, 0xC0, 0x00, 0x00, 0x00, 0x00, 0x00, 0x00, 
	0x00, 0x01, 0x00, 0x20, 0x00, 0x06, 0x80, 0x08, 0x98, 0x00, 0x03, 0x00, 0x02, 0x21, 0x00, 0x88, 
	0x08, 0x01, 0x04, 0x00, 0x00, 0x00, 0x00, 0x00, 0x00, 0x94, 0x04, 0x00, 0x00, 0x00, 0x00, 0x00, 
	0x00, 0x80, 0x01, 0x30, 0x09, 0x84, 0x00, 0x00, 0x18, 0x00, 0x03, 0x40, 0x21, 0x20, 0x02, 0x00, 
	0x00, 0x00, 0x00, 0xC0, 0x28, 0x50, 0x08, 0x0A, 0x20, 0x00, 0x0C, 0x80, 0x01, 0x30, 0x00, 0x98, 
	0xFC, 0x00, 0x00, 0x00, 0x80, 0x00, 0x10, 0x28, 0x1A, 0x00, 0x00, 0x68, 0x00, 0x01, 0x20, 0x00, 
	0x04, 0x84, 0x00, 0xD0, 0x44, 0x40, 0x40, 0x00, 0x08, 0x01, 0x01, 0x20, 0x40, 0xB4, 0x10, 0x00, 
	0x00, 0x00, 0x00, 0x00, 0x00, 0x00, 0x00, 0x00, 0x00, 0x00, 0x00, 0x00, 0x00, 0x00, 0x08, 0x04, 
	0x04, 0x80, 0x00, 0x00, 0x00, 0x1A, 0x40, 0x01, 0x2C, 0x10, 0x81, 0x00, 0x08, 0x00, 0x00, 0x00, 
	0x18, 0x00, 0x80, 0x00, 0x10, 0x08, 0x21, 0x00, 0x28, 0x90, 0x00, 0x20, 0xD8, 0xFC, 0x00, 0x00, 
	0x00, 0x00, 0x00, 0x00, 0x00, 0x00, 0x00, 0x00, 0x60, 0x00, 0x00, 0x00, 0x00, 0x00, 0x00, 0x00, 
	0x80, 0x00, 0x00, 0x04, 0x00, 0x20, 0x40, 0x00, 0x00, 0x01, 0x20, 0x00, 0x00, 0x00, 0x00, 0x00, 
	0x00, 0x00, 0x00, 0x04, 0x00, 0x00, 0x00, 0x00, 0x00, 0x00, 0x00, 0x04, 0x40, 0x00, 0x00, 0x00, 
	0x00, 0x00, 0x00, 0x00, 0x00, 0x60, 0x00, 0x08, 0x04, 0x80, 0x00, 0x00, 0x00, 0x00, 0x00, 0x00, 
	0x08, 0x00, 0x01, 0x00, 0x00, 0x80, 0x00, 0x00, 0x00, 0x38, 0xFA, 0x00, 0x00, 0x00, 0x00, 0x00, 
	0xC0, 0x80, 0x1C, 0x00, 0x00, 0x00, 0x00, 0x0F, 0x80, 0x01, 0x00, 0x00, 0x00, 0xC0, 0x20, 0x1C, 
	0x00, 0x03, 0x40, 0x00, 0x0F, 0x00, 0x00, 0x00, 0x00, 0x02, 0x00, 0x00, 0x00, 0x00, 0x00, 0x00, 
	0x10, 0x01, 0x00, 0x00, 0x00, 0x00, 0x00, 0x00, 0xC1, 0x01, 0x30, 0x10, 0x06, 0x02, 0x00, 0x1C, 
	0x00, 0x80, 0x60, 0x00, 0x00, 0x48, 0x00, 0x00, 0x00, 0x01, 0xC0, 0x20, 0x04, 0x80, 0x00, 0x50, 
	0x00, 0x02, 0x00, 0x81, 0x08, 0x00, 0x98, 0xFF, 0x04, 0x00, 0x00, 0x00, 0x20, 0x02, 0x00, 0x1A, 
	0x08, 0x00, 0x00, 0x00, 0x0C, 0x80, 0x01, 0x80, 0x40, 0x00, 0xC0, 0x02, 0x1A, 0x00, 0x03, 0x00, 
	0x0A, 0x41, 0x02, 0x00, 0x21, 0x12, 0x01, 0x00, 0x00, 0x00, 0x00, 0x00, 0x00, 0x84, 0x00, 0x00, 
	0x00, 0x00, 0x00, 0x00, 0x00, 0xA2, 0x01, 0x00, 0x00, 0x20, 0x00, 0x00, 0x42, 0x10, 0x08, 0x40, 
	0x12, 0x20, 0x20, 0x00, 0x00, 0x80, 0x00, 0xC0, 0x02, 0x02, 0x40, 0x00, 0x20, 0x00, 0x01, 0x00, 
	0x08, 0x04, 0x00, 0x6A, 0xFC, 0x04, 0x00, 0x00, 0x00, 0x00, 0x42, 0x08, 0x98, 0x04, 0x00, 0x00, 
	0x02, 0x20, 0x02, 0x00, 0x80, 0x08, 0x20, 0x00, 0x48, 0x98, 0x00, 0x20, 0x21, 0x40, 0x20, 0x02, 
	0x08, 0x00, 0x02, 0x01, 0x00, 0x00, 0x00, 0x00, 0x00, 0x00, 0x20, 0x02, 0x00, 0x00, 0x00, 0x00, 
	0x00, 0x00, 0x90, 0x49, 0x00, 0x02, 0xC0, 0x00, 0x00, 0x00, 0x05, 0x10, 0x20, 0x11, 0x20, 0x90, 
	0x89, 0x00, 0x00, 0x16, 0x00, 0x08, 0x58, 0x10, 0x23, 0x54, 0x00, 0x0C, 0x80, 0x44, 0x30, 0x10, 
	0xE8, 0xF9, 0x00, 0x00, 0x00, 0x80, 0x01, 0xB0, 0x20, 0x1E, 0x00, 0x00, 0x18, 0x10, 0x03, 0x60, 
	0x00, 0x0D, 0x80, 0x01, 0x34, 0x00, 0x1E, 0xC4, 0x00, 0x18, 0x00, 0x03, 0x60, 0x00, 0x0D, 0x08, 
	0x00, 0x00, 0x00, 0x00, 0x00, 0x00, 0x00, 0x80, 0x00, 0x00, 0x00, 0x00, 0x00, 0x00, 0x00, 0xC0, 
	0x01, 0x0C, 0x90, 0x01, 0x00, 0x00, 0x1E, 0xC0, 0x80, 0x78, 0x00, 0x03, 0xE0, 0x01, 0x00, 0x80, 
	0x07, 0xF4, 0x20, 0x1E, 0xC0, 0x03, 0x40, 0x00, 0x0F, 0x64, 0x00, 0x3C, 0x00, 0x38, 0xFD, 0x00, 
	0x00, 0x00, 0x00, 0x00, 0x42, 0x00, 0x00, 0x04, 0x00, 0x00, 0x10, 0x00, 0x02, 0x00, 0x00, 0x08, 
	0x06, 0x02, 0x20, 0x00, 0x04, 0x00, 0x00, 0x00, 0x00, 0x00, 0x40, 0x00, 0x80, 0x02, 0x00, 0x00, 
	0x00, 0x00, 0x00, 0x00, 0x00, 0x01, 0x00, 0x00, 0x00, 0x00, 0x00, 0x00, 0x00, 0x40, 0x00, 0x00, 
	0x00, 0x02, 0x00, 0x18, 0x04, 0x00, 0x20, 0x10, 0x00, 0x84, 0x01, 0x00, 0x00, 0x06, 0x00, 0x00, 
	0x18, 0x00, 0x03, 0x50, 0x00, 0x0C, 0x00, 0x40, 0x30, 0x00, 0x21, 0xFD, 0x00, 0x00, 0x00, 0x00, 
	0x46, 0x80, 0x24, 0x18, 0x00, 0x00, 0x00, 0x00, 0x40, 0x00, 0x48, 0x20, 0x00, 0x16, 0x00, 0x04, 
	0x00, 0x01, 0x40, 0x40, 0x11, 0x21, 0x02, 0x04, 0x80, 0x08, 0x09, 0x00, 0x00, 0x00, 0x00, 0x00, 
	0x00, 0x80, 0x00, 0x00, 0x00, 0x00, 0x00, 0x00, 0x00, 0x00, 0x00, 0x00, 0x11, 0x40, 0x00, 0x00, 
	0x18, 0x01, 0x08, 0x64, 0x00, 0x40, 0x80, 0x01, 0x00, 0x00, 0x06, 0xC0, 0x28, 0x18, 0x00, 0x03, 
	0x20, 0x00, 0x0C, 0x00, 0x01, 0x30, 0x00, 0x78, 0xFD, 0xA0, 0x01, 0x00, 0x80, 0x06, 0x50, 0x40, 
	0x80, 0x00, 0x00, 0x60, 0x02, 0x01, 0xA0, 0x01, 0x04, 0x92, 0x00, 0x00, 0x04, 0x0A, 0x48, 0x91, 
	0x68, 0x00, 0x0D, 0x20, 0x00, 0x34, 0x22, 0x00, 0x00, 0x00, 0x00, 0x00, 0x00, 0x00, 0x80, 0x00, 
	0x00, 0x00, 0x00, 0x00, 0x00, 0x00, 0xA0, 0x81, 0x34, 0x80, 0x00, 0x00, 0x00, 0x02, 0x00, 0x00, 
	0x04, 0x02, 0x81, 0x02, 0x08, 0x00, 0x00, 0x00, 0xD8, 0x00, 0x03, 0x09, 0x10, 0x08, 0x21, 0x00, 
	0x08, 0x00, 0x05, 0x11, 0xB8, 0xFD, 0x80, 0x01, 0x00, 0x00, 0x06, 0x00, 0x00, 0x00, 0x04, 0x00, 
	0x00, 0x40, 0x00, 0x00, 0x00, 0x00, 0x00, 0x00, 0x00, 0x80, 0x00, 0x00, 0x02, 0x00, 0x00, 0x0C, 
	0x00, 0x00, 0x20, 0x00, 0x00, 0x00, 0x00, 0x00, 0x00, 0x00, 0x00, 0x00, 0x02, 0x00, 0x00, 0x00, 
	0x00, 0x00, 0x00, 0x00, 0x01, 0x00, 0x00, 0x00, 0x00, 0x00, 0x00, 0x00, 0x00, 0x60, 0x10, 0x08, 
	0x00, 0x80, 0x00, 0x00, 0x00, 0xC0, 0x00, 0x08, 0x00, 0x00, 0x01, 0x00, 0x00, 0x00, 0x00, 0x10, 
	0x00, 0x78, 0xFF, 0xC0, 0x01, 0x00, 0x00, 0x06, 0xC0, 0x80, 0x1C, 0x00, 0x00, 0x18, 0x10, 0x02, 
	0xC0, 0x01, 0x10, 0x80, 0x07, 0x30, 0x00, 0x00, 0x10, 0x01, 0x00, 0x10, 0x0C, 0x40, 0x00, 0x30, 
	0x00, 0x04, 0x00, 0x00, 0x00, 0x00, 0x00, 0x00, 0x00, 0x00, 0x00, 0x00, 0x00, 0x00, 0x00, 0x00, 
	0xC0, 0x41, 0x30, 0x10, 0x06, 0x02, 0x00, 0x06, 0x80, 0x00, 0x70, 0x10, 0x00, 0x40, 0x00, 0x00, 
	0x00, 0x01, 0xC0, 0x00, 0x10, 0x88, 0x00, 0x50, 0x00, 0x02, 0x40, 0x00, 0x20, 0x00, 0xF8, 0xFD, 
	0xA0, 0x01, 0x00, 0x00, 0x06, 0xC0, 0x00, 0x1A, 0x00, 0x00, 0x08, 0x01, 0x01, 0xA0, 0x09, 0x01, 
	0x22, 0x20, 0x18, 0x00, 0x00, 0x01, 0xA2, 0x00, 0x04, 0x0C, 0x21, 0x00, 0x00, 0x05, 0x00, 0x00, 
	0x00, 0x00, 0x00, 0x00, 0x00, 0x00, 0x00, 0x00, 0x00, 0x00, 0x00, 0x00, 0x00, 0x20, 0x05, 0x80, 
	0x00, 0x10, 0x00, 0x00, 0x02, 0x40, 0x00, 0x08, 0x00, 0x80, 0x24, 0x00, 0x00, 0x80, 0x00, 0xC0, 
	0x02, 0x81, 0x40, 0x00, 0x20, 0x00, 0x01, 0x20, 0x00, 0x00, 0x04, 0x62, 0xF9, 0x80, 0x01, 0x00, 
	0x00, 0x16, 0x04, 0x48, 0x98, 0x04, 0x00, 0x60, 0x10, 0x0C, 0x82, 0x45, 0x00, 0x42, 0x40, 0xC0, 
	0x02, 0x40, 0x00, 0xA1, 0x00, 0x00, 0x20, 0x84, 0x31, 0x10, 0x01, 0x01, 0x00, 0x00, 0x00, 0x00, 
	0x00, 0x00, 0x00, 0x01, 0x00, 0x00, 0x00, 0x00, 0x00, 0x00, 0x80, 0x08, 0x00, 0x09, 0x40, 0x00, 
	0x00, 0x58, 0x10, 0x0B, 0x64, 0x10, 0x00, 0x84, 0x31, 0x00, 0x00, 0x46, 0xC0, 0x08, 0x08, 0x05, 
	0x0B, 0x50, 0x00, 0x8C, 0x84, 0x91, 0x90, 0x00, 0xA8, 0xFC, 0xC0, 0x01, 0x00, 0x80, 0x07, 0xB0, 
	0x00, 0x1E, 0x00, 0x00, 0x18, 0x00, 0x0F, 0xE0, 0x01, 0x0C, 0x80, 0x01, 0xF1, 0x20, 0x06, 0xC8, 
	0x02, 0x18, 0x40, 0x0F, 0xE0, 0x01, 0x0C, 0x08, 0x02, 0x00, 0x00, 0x00, 0x00, 0x00, 0x00, 0x00, 
	0x01, 0x00, 0x00, 0x00, 0x00, 0x00, 0x00, 0xC0, 0x41, 0x3C, 0x80, 0x01, 0x02, 0x00, 0x1E, 0xC0, 
	0x03, 0x70, 0x00, 0x03, 0xE0, 0x01, 0x00, 0x80, 0x07, 0xF2, 0x40, 0x06, 0xC0, 0x03, 0x42, 0x00, 
	0x0F, 0xE0, 0x01, 0x0C, 0x08, 0x08, 0xFF, 0x80, 0x01, 0x00, 0x00, 0x00, 0x02, 0x00, 0x00, 0x04, 
	0x00, 0x60, 0x10, 0x0C, 0x00, 0x00, 0x00, 0x00, 0x00, 0xC1, 0x00, 0x00, 0x00, 0x01, 0x01, 0x00, 
	0x0C, 0x80, 0x01, 0x00, 0x10, 0x00, 0x00, 0x00, 0x00, 0x00, 0x00, 0x00, 0x00, 0x00, 0x00, 0x00, 
	0x00, 0x00, 0x00, 0x00, 0x80, 0x40, 0x30, 0x00, 0x00, 0x00, 0x00, 0x18, 0x00, 0x03, 0x60, 0x10, 
	0x00, 0x80, 0x01, 0x00, 0x00, 0x06, 0x40, 0x00, 0x00, 0x04, 0x03, 0x50, 0x00, 0x0C, 0x80, 0x01, 
	0x00, 0x00, 0xF1, 0xFD, 0x80, 0x01, 0x00, 0x00, 0x40, 0x80, 0x28, 0x40, 0x00, 0x00, 0x60, 0x04, 
	0x0C, 0x80, 0x49, 0x00, 0x04, 0x20, 0xC0, 0x00, 0x80, 0x02, 0x23, 0x60, 0x21, 0x4C, 0x81, 0x01, 
	0x80, 0x00, 0x02, 0x00, 0x00, 0x00, 0x00, 0x00, 0x00, 0x00, 0x01, 0x00, 0x00, 0x00, 0x00, 0x00, 
	0x00, 0x00, 0x09, 0x30, 0x09, 0x10, 0x01, 0x00, 0x18, 0x00, 0x03, 0x60, 0x01, 0x20, 0x88, 0x01, 
	0x00, 0x00, 0x06, 0xC0, 0x10, 0x90, 0x00, 0x03, 0x20, 0x00, 0x0C, 0x80, 0x01, 0x28, 0x0A, 0x90, 
	0xF9, 0x20, 0x00, 0x00, 0x80, 0x06, 0xD0, 0x00, 0x1A, 0x01, 0x00, 0x00, 0x02, 0x0D, 0x20, 0x00, 
	0x84, 0x10, 0x26, 0x50, 0x00, 0x1A, 0x44, 0x00, 0x68, 0x04, 0x0D, 0x20, 0x00, 0x04, 0x22, 0x00, 
	0x00, 0x00, 0x00, 0x00, 0x00, 0x00, 0x00, 0x00, 0x00, 0x00, 0x00, 0x00, 0x00, 0x00, 0x80, 0x05, 
	0xB0, 0x80, 0x20, 0x01, 0x00, 0x00, 0x01, 0x03, 0x64, 0x02, 0x01, 0x00, 0x08, 0x00, 0x00, 0x00, 
	0xD8, 0x88, 0x80, 0x40, 0x20, 0x4C, 0x21, 0x21, 0x00, 0x00, 0x05, 0x10, 0x60, 0xFD, 0x00, 0x00, 
	0x00, 0x00, 0x06, 0xC0, 0x00, 0x10, 0x08, 0x00, 0x60, 0x40, 0x0C, 0x80, 0x80, 0x00, 0x00, 0x00, 
	0x84, 0x80, 0x10, 0x00, 0x00, 0x40, 0x10, 0x00, 0x00, 0x00, 0x20, 0x80, 0x00, 0x00, 0x00, 0x00, 
	0x00, 0x00, 0x00, 0x40, 0x00, 0x00, 0x00, 0x00, 0x00, 0x00, 0x00, 0x80, 0x41, 0x30, 0x08, 0x00, 
	0x00, 0x00, 0x18, 0x04, 0x03, 0x60, 0x10, 0x00, 0x00, 0x80, 0x00, 0x00, 0x00, 0xC0, 0x00, 0x00, 
	0x08, 0x01, 0x20, 0x00, 0x04, 0x08, 0x00, 0x10, 0x00, 0x88, 0xF8, 0x40, 0x00, 0x00, 0x00, 0x00, 
	0xE0, 0x00, 0x1C, 0x04, 0x00, 0x18, 0x10, 0x0C, 0x00, 0x00, 0x00, 0x20, 0x07, 0xC4, 0x00, 0x18, 
	0x90, 0x00, 0x20, 0x00, 0x0C, 0x00, 0x00, 0x30, 0x00, 0x02, 0x00, 0x00, 0x00, 0x00, 0x00, 0x00, 
	0x00, 0x01, 0x00, 0x00, 0x00, 0x00, 0x00, 0x00, 0xC0, 0x01, 0x0C, 0x00, 0x02, 0x02, 0x00, 0x1C, 
	0x84, 0x00, 0x70, 0x00, 0x0C, 0x40, 0x00, 0x00, 0x00, 0x01, 0xC0, 0x80, 0x04, 0x00, 0x02, 0x50, 
	0x00, 0x08, 0x40, 0x00, 0x20, 0x00, 0x28, 0xF8, 0x28, 0x00, 0x00, 0x00, 0x00, 0xD0, 0x00, 0x12, 
	0x00, 0x00, 0x08, 0x00, 0x8C, 0x04, 0x20, 0x00, 0x82, 0x10, 0x80, 0x02, 0x91, 0x40, 0x00, 0x40, 
	0x81, 0x0C, 0x08, 0x00, 0x20, 0x05, 0x00, 0x00, 0x00, 0x00, 0x00, 0x00, 0x00, 0x02, 0x00, 0x00, 
	0x00, 0x00, 0x00, 0x00, 0x00, 0xA8, 0x01, 0x30, 0x09, 0x10, 0x00, 0x00, 0x02, 0x40, 0x00, 0x68, 
	0x21, 0x0C, 0x20, 0x00, 0x00, 0x80, 0x00, 0xC0, 0x04, 0x02, 0x00, 0x08, 0x22, 0x00, 0x00, 0x24, 
	0x00, 0x00, 0x22, 0xC0, 0xFA, 0x80, 0x45, 0x00, 0x00, 0x20, 0x02, 0x08, 0x88, 0x04, 0x00, 0x00, 
	0x10, 0x20, 0x08, 0x10, 0x00, 0x02, 0x80, 0x00, 0x04, 0x49, 0x04, 0x43, 0x00, 0x44, 0x00, 0x02, 
	0x84, 0x90, 0x20, 0x00, 0x00, 0x00, 0x00, 0x00, 0x00, 0x00, 0x08, 0x00, 0x00, 0x00, 0x00, 0x00, 
	0x00, 0x00, 0x01, 0x50, 0x00, 0x06, 0x00, 0x00, 0x00, 0x58, 0x00, 0x0B, 0x04, 0x14, 0x20, 0x90, 
	0x81, 0x00, 0x00, 0x26, 0xC0, 0x22, 0x18, 0x09, 0x01, 0x50, 0x00, 0x04, 0x80, 0x81, 0x10, 0x09, 
	0xF0, 0xFC, 0xC0, 0x01, 0x00, 0x80, 0x01, 0x30, 0x80, 0x1E, 0x00, 0x00, 0x78, 0x00, 0x0F, 0x60, 
	0x80, 0x0C, 0xA0, 0x01, 0x30, 0x00, 0x1E, 0xC0, 0x03, 0x18, 0x00, 0x0F, 0x60, 0x00, 0x3C, 0x00, 
	0x00, 0x00, 0x00, 0x00, 0x00, 0x00, 0x00, 0x00, 0x00, 0x00, 0x00, 0x00, 0x00, 0x00, 0x00, 0x40, 
	0x00, 0x08, 0x80, 0x01, 0x01, 0x00, 0x1E, 0xD0, 0x03, 0x70, 0x00, 0x03, 0xE0, 0x01, 0x00, 0x80, 
	0x07, 0x72, 0x00, 0x1E, 0xC0, 0x80, 0x50, 0x00, 0x03, 0xE2, 0x01, 0x0C, 0x00, 0x00, 0xFA, 0x84, 
	0x01, 0x00, 0x00, 0x00, 0x00, 0x00, 0x08, 0x04, 0x00, 0x60, 0x00, 0x0C, 0x04, 0x00, 0x00, 0x00, 
	0x06, 0x00, 0x40, 0x18, 0x00, 0x03, 0x00, 0x00, 0x00, 0x80, 0x81, 0x10, 0x08, 0x00, 0x00, 0x00, 
	0x00, 0x00, 0x00, 0x00, 0x00, 0x00, 0x00, 0x00, 0x00, 0x00, 0x00, 0x00, 0x00, 0x00, 0x00, 0x10, 
	0x00, 0x00, 0x00, 0x18, 0x00, 0x03, 0x00, 0x20, 0x00, 0x80, 0x01, 0x00, 0x00, 0x06, 0x00, 0x00, 
	0x18, 0x00, 0x00, 0x50, 0x00, 0x00, 0x80, 0x01, 0x00, 0x08, 0xC8, 0xFF, 0x80, 0x01, 0x00, 0x00, 
	0x10, 0x08, 0x00, 0x50, 0x00, 0x00, 0x60, 0x11, 0x4C, 0x00, 0x08, 0xA1, 0x20, 0x06, 0x04, 0x02, 
	0x18, 0x08, 0x03, 0x00, 0x40, 0x20, 0x84, 0x01, 0x30, 0x01, 0x00, 0x00, 0x00, 0x00, 0x00, 0x00, 
	0x00, 0x00, 0x00, 0x00, 0x00, 0x00, 0x00, 0x00, 0x00, 0x00, 0x00, 0x00, 0x00, 0x00, 0x01, 0x00, 
	0x58, 0x04, 0x03, 0x01, 0x01, 0x00, 0x84, 0x01, 0x00, 0x00, 0x06, 0x00, 0x22, 0x18, 0x00, 0x82, 
	0x40, 0x00, 0x0A, 0x82, 0x01, 0x20, 0x01, 0xF8, 0xFB, 0x00, 0x80, 0x00, 0x80, 0x00, 0xD0, 0x00, 
	0x5A, 0x08, 0x00, 0x08, 0x04, 0x2C, 0x04, 0x48, 0x04, 0x00, 0x26, 0x00, 0x04, 0x1A, 0x00, 0x08, 
	0x69, 0x00, 0x8C, 0xA0, 0x50, 0x34, 0x08, 0x00, 0x00, 0x00, 0x00, 0x00, 0x00, 0x00, 0x00, 0x00, 
	0x00, 0x00, 0x00, 0x00, 0x00, 0x00, 0x80, 0x05, 0x30, 0x02, 0x16, 0x02, 0x00, 0x9A, 0x40, 0x00, 
	0x08, 0x00, 0x01, 0x00, 0x08, 0x00, 0x00, 0x00, 0x58, 0x02, 0x80, 0x40, 0x21, 0x60, 0x00, 0x41, 
	0x20, 0x48, 0x00, 0x20, 0x74, 0xFE, 0x00, 0x00, 0x00, 0x00, 0x00, 0x00, 0x00, 0x10, 0x00, 0x00, 
	0x40, 0x40, 0x0C, 0x00, 0x00, 0x00, 0x00, 0x06, 0x04, 0x80, 0x10, 0x08, 0x00, 0x00, 0x00, 0x0C, 
	0x02, 0x01, 0x20, 0x00, 0x00, 0x00, 0x00, 0x00, 0x00, 0x00, 0x00, 0x0A, 0x00, 0x00, 0x00, 0x00, 
	0x00, 0x00, 0x00, 0x00, 0x40, 0x30, 0x08, 0x06, 0x00, 0x00, 0x00, 0x04, 0x00, 0x00, 0x00, 0x00, 
	0x00, 0x80, 0x00, 0x00, 0x00, 0x80, 0x80, 0x00, 0x08, 0x00, 0x61, 0x10, 0x04, 0x04, 0x00, 0x00, 
	0x00, 0xF0, 0xF9, 0x60, 0x00, 0x00, 0x00, 0x06, 0xC0, 0x00, 0x18, 0x04, 0x00, 0x00, 0x10, 0x02, 
	0xC0, 0x01, 0x00, 0x00, 0x07, 0xF0, 0x20, 0x1C, 0x84, 0x00, 0x60, 0x10, 0x0E, 0x80, 0x00, 0x38, 
	0x20, 0x00, 0x00, 0x00, 0x00, 0x00, 0x00, 0x00, 0x00, 0x00, 0x00, 0x00, 0x00, 0x00, 0x00, 0x00, 
	0xC9, 0x41, 0x0C, 0x00, 0x07, 0x00, 0x00, 0x1E, 0x04, 0x00, 0x60, 0x00, 0x0C, 0x40, 0x00, 0x00, 
	0x00, 0x01, 0x40, 0x40, 0x04, 0x00, 0x00, 0x78, 0x00, 0x08, 0x00, 0x00, 0x08, 0x00, 0xE0, 0xFC, 
	0x00, 0x00, 0x00, 0x00, 0x06, 0x00, 0x88, 0x18, 0x00, 0x00, 0x00, 0x01, 0x01, 0xA0, 0x01, 0x00, 
	0x80, 0x06, 0x10, 0x04, 0x92, 0x40, 0x00, 0x00, 0x00, 0x0D, 0x00, 0x28, 0xA4, 0x00, 0x00, 0x00, 
	0x00, 0x00, 0x00, 0x00, 0x00, 0x10, 0x00, 0x00, 0x00, 0x00, 0x00, 0x00, 0x00, 0x28, 0x08, 0x30, 
	0x89, 0x06, 0x00, 0x00, 0x9A, 0x00, 0x00, 0x60, 0x00, 0x0C, 0x20, 0x00, 0x00, 0x80, 0x00, 0x80, 
	0x04, 0x02, 0x00, 0xA0, 0x60, 0x00, 0x40, 0x04, 0x40, 0x04, 0x00, 0xEB, 0xF8, 0x80, 0x31, 0x00, 
	0x00, 0x20, 0x02, 0x00, 0x98, 0x00, 0x00, 0x00, 0x02, 0x00, 0x84, 0x45, 0x00, 0x0A, 0x00, 0xC0, 
	0x00, 0x88, 0x00, 0x0B, 0x04, 0x21, 0x00, 0x82, 0x88, 0x10, 0x01, 0x02, 0x00, 0x00, 0x00, 0x00, 
	0x00, 0x00, 0x18, 0x01, 0x00, 0x00, 0x00, 0x00, 0x00, 0x00, 0x0C, 0x48, 0x00, 0x06, 0xC0, 0x00, 
	0x00, 0x40, 0x00, 0xA0, 0x00, 0x21, 0x00, 0x81, 0x09, 0x00, 0x00, 0x06, 0x00, 0x22, 0x18, 0x08, 
	0x08, 0x60, 0x00, 0x44, 0x00, 0x10, 0x31, 0x01, 0x11, 0xFD, 0xE0, 0x01, 0x00, 0x80, 0x01, 0xF0, 
	0x40, 0x1E, 0x08, 0x00, 0x18, 0x10, 0x03, 0xE0, 0x01, 0x0C, 0x80, 0x01, 0xF4, 0x20, 0x1E, 0xC4, 
	0x03, 0x78, 0x00, 0x03, 0x60, 0x00, 0x38, 0x20, 0x07, 0x00, 0x00, 0x00, 0x00, 0x00, 0x00, 0x90, 
	0x03, 0x00, 0x00, 0x00, 0x00, 0x00, 0x00, 0xC8, 0x01, 0x08, 0x80, 0x01, 0x00, 0x00, 0x14, 0xD0, 
	0x00, 0x18, 0x00, 0x03, 0xE0, 0x01, 0x01, 0x80, 0x07, 0x32, 0x00, 0x1E, 0xC0, 0x80, 0x70, 0x00, 
	0x03, 0x62, 0x00, 0x3C, 0x20, 0x70, 0xFA, 0x80, 0x01, 0x00, 0x00, 0x00, 0xC2, 0x00, 0x18, 0x00, 
	0x00, 0x00, 0x10, 0x00, 0x04, 0x40, 0x30, 0x00, 0x00, 0xC0, 0x20, 0x08, 0x04, 0x03, 0x60, 0x40, 
	0x00, 0x00, 0x00, 0x01, 0x90, 0x05, 0x00, 0x00, 0x00, 0x00, 0x00, 0x00, 0xD8, 0x02, 0x00, 0x00, 
	0x00, 0x00, 0x00, 0x00, 0x8C, 0x41, 0x00, 0x10, 0x00, 0x00, 0x00, 0x08, 0x00, 0x03, 0x00, 0x00, 
	0x00, 0x84, 0x01, 0x00, 0x00, 0x06, 0x00, 0x40, 0x18, 0x00, 0x00, 0x61, 0x00, 0x00, 0x02, 0x00, 
	0x30, 0x00, 0xD9, 0xFE, 0x80, 0x01, 0x00, 0x00, 0x20, 0xC0, 0x28, 0x58, 0x10, 0x00, 0x00, 0x00, 
	0x80, 0x00, 0x08, 0xB0, 0x40, 0x00, 0xC0, 0x00, 0x10, 0x01, 0x03, 0x60, 0x00, 0x01, 0x00, 0x04, 
	0x80, 0x00, 0x04, 0x00, 0x00, 0x00, 0x00, 0x00, 0x00, 0x08, 0x02, 0x00, 0x00, 0x00, 0x00, 0x00, 
	0x00, 0x04, 0x00, 0x00, 0x00, 0x00, 0x00, 0x00, 0x10, 0x02, 0x13, 0x04, 0x21, 0x40, 0x80, 0x01, 
	0x00, 0x00, 0x06, 0x80, 0x08, 0x18, 0x00, 0x02, 0x60, 0x00, 0x88, 0x00, 0x11, 0x31, 0x00, 0x80, 
	0xFA, 0x00, 0x00, 0x00, 0x00, 0x00, 0x00, 0x00, 0x00, 0x00, 0x00, 0x00, 0x00, 0x00, 0x00, 0x00, 
	0x00, 0x00, 0x00, 0x00, 0x00, 0x00, 0x00, 0x00, 0x00, 0x00, 0x08, 0x00, 0x00, 0x00, 0x00, 0x04, 
	0x00, 0x00, 0x00, 0x00, 0x00, 0x00, 0x00, 0x02, 0x00, 0x00, 0x00, 0x00, 0x00, 0x00, 0x00, 0x00, 
	0x00, 0x00, 0x00, 0x00, 0x00, 0x00, 0x00, 0x00, 0x00, 0x00, 0x00, 0x00, 0x00, 0x00, 0x00, 0x00, 
	0x00, 0x00, 0x00, 0x00, 0x00, 0x00, 0x00, 0x00, 0x00, 0x00, 0x00, 0x00, 0x34, 0xFF, 0x20, 0x00, 
	0x04, 0x80, 0x00, 0x10, 0x00, 0x02, 0x40, 0x00, 0x08, 0x00, 0x01, 0x20, 0x00, 0x04, 0x80, 0x00, 
	0x10, 0x00, 0x02, 0x40, 0x00, 0x08, 0x00, 0x00, 0x20, 0x00, 0x04, 0x00, 0x00, 0x00, 0x00, 0x00, 
	0x00, 0x00, 0x00, 0x10, 0x00, 0x00, 0x00, 0x00, 0x00, 0x00, 0x00, 0x28, 0x00, 0x04, 0x80, 0x00, 
	0x10, 0x00, 0x02, 0x40, 0x00, 0x08, 0x00, 0x01, 0x20, 0x00, 0x04, 0x80, 0x00, 0x10, 0x00, 0x02, 
	0x40, 0x00, 0x08, 0x00, 0x01, 0x20, 0x00, 0x04, 0x00, 0x80, 0xFF, 0x00, 0x00, 0x00, 0x00, 0x00, 
	0x00, 0x00, 0x00, 0x00, 0x00, 0x00, 0x00, 0x00, 0x00, 0x00, 0x00, 0x00, 0x00, 0x00, 0x00, 0x00, 
	0x00, 0x00, 0x00, 0x00, 0x00, 0x00, 0x00, 0x00, 0x00, 0x00, 0x00, 0x00, 0x00, 0x00, 0x00, 0x00, 
	0x00, 0x00, 0x00, 0x00, 0x00, 0x00, 0x00, 0x00, 0x00, 0x00, 0x00, 0x00, 0x00, 0x00, 0x00, 0x00, 
	0x00, 0x00, 0x00, 0x00, 0x00, 0x00, 0x00, 0x00, 0x00, 0x00, 0x00, 0x00, 0x00, 0x00, 0x00, 0x00, 
	0x00, 0x00, 0x00, 0x00, 0x00, 0x00, 0x98, 0xFF, 0x24, 0x00, 0x04, 0x80, 0x00, 0x10, 0x00, 0x02, 
	0x40, 0x00, 0x08, 0x00, 0x01, 0x20, 0x00, 0x04, 0x80, 0x00, 0x10, 0x00, 0x02, 0x40, 0x00, 0x08, 
	0x00, 0x01, 0x20, 0x00, 0x04, 0x00, 0x00, 0x00, 0x00, 0x00, 0x00, 0x00, 0x00, 0x00, 0x00, 0x00, 
	0x00, 0x00, 0x00, 0x00, 0x00, 0x20, 0x00, 0x04, 0x80, 0x00, 0x10, 0x00, 0x02, 0x40, 0x00, 0x08, 
	0x00, 0x01, 0x20, 0x00, 0x04, 0x80, 0x00, 0x10, 0x00, 0x02, 0x40, 0x00, 0x08, 0x00, 0x01, 0x20, 
	0x00, 0x04, 0x00, 0xEB, 0xF8, 0x04, 0x20, 0x00, 0x00, 0x00, 0x00, 0x00, 0x00, 0x00, 0x00, 0x00, 
	0x00, 0x00, 0x00, 0x00, 0x00, 0x00, 0x00, 0x00, 0x00, 0x00, 0x00, 0x00, 0x00, 0x00, 0x00, 0x00, 
	0x00, 0x00, 0x00, 0x00, 0x00, 0x00, 0x00, 0x00, 0x00, 0x00, 0x00, 0x00, 0x00, 0x00, 0x00, 0x00, 
	0x00, 0x00, 0x00, 0x00, 0x00, 0x00, 0x00, 0x00, 0x00, 0x00, 0x00, 0x00, 0x00, 0x00, 0x00, 0x00, 
	0x00, 0x00, 0x00, 0x00, 0x00, 0x00, 0x00, 0x00, 0x00, 0x00, 0x08, 0x00, 0x00, 0x00, 0x00, 0x00, 
	0xE1, 0xF8, 0x00, 0x00, 0x04, 0x80, 0x00, 0x00, 0x00, 0x00, 0x40, 0x00, 0x00, 0x00, 0x00, 0x00, 
	0x00, 0x04, 0x00, 0x00, 0x00, 0x00, 0x00, 0x00, 0x00, 0x00, 0x00, 0x01, 0x00, 0x00, 0x00, 0x10, 
	0x00, 0x00, 0x00, 0x00, 0x00, 0x00, 0x00, 0x00, 0x00, 0x00, 0x00, 0x00, 0x00, 0x00, 0x00, 0x00, 
	0x80, 0x00, 0x20, 0x00, 0x10, 0x00, 0x00, 0x08, 0x00, 0x00, 0x20, 0x00, 0x00, 0x00, 0x04, 0x00, 
	0x00, 0x00, 0x00, 0x00, 0x00, 0x00, 0x00, 0x00, 0x00, 0x00, 0x00, 0x00, 0x00, 0xF0, 0xF8, 0x00, 
	0x01, 0x00, 0x00, 0x00, 0x80, 0x00, 0x10, 0x00, 0x00, 0x40, 0x00, 0x08, 0x00, 0x01, 0x00, 0x00, 
	0x04, 0x80, 0x00, 0x10, 0x00, 0x02, 0x40, 0x00, 0x08, 0x00, 0x01, 0x20, 0x00, 0x00, 0x00, 0x00, 
	0x00, 0x00, 0x00, 0x00, 0x00, 0x00, 0x00, 0x00, 0x00, 0x00, 0x00, 0x00, 0x00, 0x01, 0x20, 0x00, 
	0x04, 0x00, 0x00, 0x10, 0x00, 0x02, 0x40, 0x00, 0x08, 0x00, 0x01, 0x00, 0x00, 0x04, 0x80, 0x00, 
	0x10, 0x00, 0x02, 0x40, 0x00, 0x08, 0x00, 0x01, 0x20, 0x00, 0x21, 0xFA, 0x20, 0x00, 0x04, 0x80, 
	0x00, 0x10, 0x00, 0x02, 0x40, 0x00, 0x08, 0x00, 0x01, 0x20, 0x00, 0x04, 0x80, 0x00, 0x10, 0x00, 
	0x02, 0x40, 0x00, 0x08, 0x00, 0x01, 0x20, 0x00, 0x00, 0x00, 0x00, 0x00, 0x00, 0x00, 0x00, 0x00, 
	0x00, 0x00, 0x00, 0x00, 0x00, 0x00, 0x00, 0x00, 0x00, 0x00, 0x00, 0x00, 0x80, 0x00, 0x10, 0x00, 
	0x00, 0x40, 0x00, 0x00, 0x00, 0x01, 0x20, 0x00, 0x04, 0x80, 0x00, 0x10, 0x00, 0x02, 0x40, 0x00, 
	0x08, 0x00, 0x01, 0x20, 0x00, 0x04, 0x00, 0x70, 0xF9, 0x00, 0x00, 0x00, 0x00, 0x00, 0x08, 0x00, 
	0x08, 0x00, 0x00, 0x00, 0x00, 0x00, 0x00, 0x00, 0x00, 0x00, 0x00, 0x00, 0x40, 0x00, 0x00, 0x00, 
	0x04, 0x00, 0x00, 0x01, 0x00, 0x00, 0x40, 0x00, 0x00, 0x00, 0x00, 0x00, 0x00, 0x00, 0x00, 0x00, 
	0x00, 0x00, 0x00, 0x00, 0x00, 0x00, 0x00, 0x00, 0x00, 0x00, 0x00, 0x00, 0x00, 0x02, 0x00, 0x00, 
	0x04, 0x00, 0x00, 0x10, 0x40, 0x00, 0x00, 0x00, 0x00, 0x00, 0x01, 0x00, 0x00, 0x00, 0x00, 0x00, 
	0x00, 0x00, 0x00, 0x08, 0x00, 0xFC, 0x00, 0x00, 0x00, 0x00, 0x00, 0x00, 0x00, 0x00, 0x00, 0x00, 
	0x00, 0x00, 0x00, 0x00, 0x00, 0x00, 0x08, 0x00, 0x00, 0x00, 0x00, 0x00, 0x00, 0x00, 0x00, 0x00, 
	0x00, 0x00, 0x00, 0x00, 0x00, 0x00, 0x00, 0x00, 0x00, 0x00, 0x00, 0x00, 0x00, 0x00, 0x00, 0x00, 
	0x00, 0x00, 0x00, 0x00, 0x00, 0x00, 0x20, 0x00, 0x00, 0x00, 0x00, 0x00, 0x00, 0x00, 0x00, 0x00, 
	0x00, 0x00, 0x00, 0x00, 0x00, 0x00, 0x00, 0x00, 0x00, 0x00, 0x00, 0x00, 0x00, 0x00, 0x00, 0x00, 
	0x00, 0x30, 0xFF, 0x00, 0x00, 0x00, 0x00, 0x00, 0x00, 0x00, 0x00, 0x00, 0x00, 0x00, 0x00, 0x00, 
	0x00, 0x00, 0x00, 0x00, 0x00, 0x00, 0x00, 0x04, 0x00, 0x02, 0x00, 0x00, 0x00, 0x00, 0x00, 0x00, 
	0x00, 0x00, 0x00, 0x02, 0x10, 0x00, 0x00, 0x00, 0x00, 0x00, 0x00, 0x00, 0x02, 0x00, 0x00, 0x80, 
	0x00, 0x00, 0x00, 0x00, 0x00, 0x00, 0x00, 0x00, 0x00, 0x00, 0x00, 0x00, 0x00, 0x00, 0x00, 0x00, 
	0x00, 0x00, 0x00, 0x00, 0x00, 0x02, 0x00, 0x00, 0x00, 0x00, 0x00, 0x20, 0x00, 0x00, 0x40, 0xFF, 
	0x00, 0x00, 0x00, 0x00, 0x00, 0x00, 0x00, 0x00, 0x00, 0x00, 0x00, 0x00, 0x04, 0x00, 0x00, 0x00, 
	0x04, 0x00, 0x00, 0x00, 0x00, 0x00, 0x00, 0x00, 0x00, 0x00, 0x00, 0x00, 0x00, 0x00, 0x00, 0x80, 
	0x00, 0x40, 0x08, 0x00, 0x00, 0x00, 0x00, 0x40, 0x40, 0x20, 0x00, 0x00, 0x00, 0x00, 0x00, 0x00, 
	0x00, 0x00, 0x00, 0x00, 0x00, 0x00, 0x00, 0x00, 0x00, 0x01, 0x00, 0x00, 0x00, 0x00, 0x00, 0x00, 
	0x00, 0x00, 0x00, 0x80, 0x00, 0x00, 0x00, 0x00, 0x00, 0x00, 0x00, 0x00, 0xF8, 0x00, 0x00, 0x00, 
	0x00, 0x00, 0x00, 0x40, 0x00, 0x00, 0x00, 0x00, 0x00, 0x00, 0x00, 0x00, 0x00, 0x00, 0x00, 0x04, 
	0x00, 0x00, 0x00, 0x00, 0x00, 0x80, 0x00, 0x00, 0x80, 0x00, 0x04, 0x00, 0x00, 0x00, 0x00, 0x00, 
	0x00, 0x00, 0x00, 0x00, 0x00, 0x00, 0x00, 0x00, 0x00, 0x00, 0x00, 0x00, 0x00, 0x00, 0x00, 0x00, 
	0x00, 0x00, 0x00, 0x00, 0x00, 0x00, 0x00, 0x00, 0x00, 0x00, 0x00, 0x08, 0x00, 0x00, 0x00, 0x00, 
	0x00, 0x00, 0x00, 0x10, 0x00, 0x00, 0x00, 0x00, 0x48, 0xFA, 0x00, 0x00, 0x00, 0x00, 0x00, 0x00, 
	0x01, 0x00, 0x00, 0x00, 0x00, 0x00, 0x00, 0x00, 0x00, 0x00, 0x00, 0x00, 0x00, 0x00, 0x00, 0x00, 
	0x00, 0x00, 0x00, 0x00, 0x00, 0x00, 0x00, 0x00, 0x00, 0x00, 0x00, 0x00, 0x00, 0x00, 0x00, 0x00, 
	0x00, 0x00, 0x00, 0x00, 0x00, 0x00, 0x00, 0x00, 0x00, 0x00, 0x00, 0x00, 0x00, 0x00, 0x00, 0x00, 
	0x00, 0x00, 0x00, 0x00, 0x80, 0x00, 0x00, 0x00, 0x00, 0x00, 0x00, 0x00, 0x00, 0x00, 0x00, 0x00, 
	0x00, 0x00, 0x00, 0x10, 0x00, 0x90, 0xFF, 0x00, 0x00, 0x00, 0x00, 0x00, 0x00, 0x40, 0x00, 0x00, 
	0x00, 0x00, 0x00, 0x00, 0x04, 0x00, 0x00, 0x00, 0x00, 0x00, 0x40, 0x00, 0x00, 0x00, 0x00, 0x00, 
	0x00, 0x00, 0x00, 0x00, 0x00, 0x00, 0x00, 0x00, 0x00, 0x00, 0x00, 0x00, 0x00, 0x00, 0x00, 0x00, 
	0x00, 0x00, 0x00, 0x00, 0x00, 0x00, 0x00, 0x00, 0x00, 0x80, 0x00, 0x00, 0x50, 0x00, 0x00, 0x40, 
	0x01, 0x08, 0x00, 0x00, 0x80, 0x00, 0x00, 0x80, 0x10, 0x00, 0x00, 0x00, 0x00, 0x00, 0x00, 0x00, 
	0x00, 0x00, 0x99, 0xFF, 0x00, 0x40, 0x00, 0x00, 0x00, 0x41, 0x20, 0x00, 0x00, 0x00, 0x00, 0x00, 
	0x04, 0x02, 0x00, 0x04, 0x08, 0x02, 0x00, 0x00, 0x00, 0x00, 0x80, 0x00, 0x08, 0x00, 0x04, 0x00, 
	0x00, 0x04, 0x00, 0x00, 0x00, 0x00, 0x00, 0x00, 0x00, 0x00, 0x00, 0x00, 0x00, 0x00, 0x00, 0x00, 
	0x00, 0x40, 0x00, 0x00, 0x04, 0x02, 0x00, 0x00, 0x08, 0x48, 0x00, 0x40, 0x10, 0x00, 0x20, 0x00, 
	0x01, 0x00, 0x00, 0x02, 0x20, 0x00, 0x00, 0x00, 0x20, 0x00, 0x00, 0x40, 0x20, 0x20, 0x00, 0x38, 
	0xFD, 0x00, 0x28, 0x01, 0x00, 0x00, 0x14, 0xD4, 0x00, 0x00, 0x00, 0x00, 0x00, 0x41, 0x0D, 0x00, 
	0x04, 0xA0, 0x00, 0x00, 0x40, 0x00, 0x00, 0x00, 0x02, 0x40, 0x40, 0x89, 0x40, 0x00, 0x20, 0x00, 
	0x00, 0x00, 0x00, 0x00, 0x00, 0x00, 0x00, 0x00, 0x00, 0x00, 0x00, 0x00, 0x00, 0x00, 0x20, 0x00, 
	0x00, 0xA8, 0x00, 0xA0, 0x01, 0x02, 0xD8, 0x00, 0x08, 0x60, 0x02, 0x24, 0x00, 0x01, 0x00, 0xA1, 
	0x84, 0xC2, 0x04, 0x00, 0x00, 0x08, 0x00, 0x00, 0x20, 0x00, 0x05, 0x00, 0x28, 0xF8, 0x00, 0x01, 
	0x00, 0xA6, 0x40, 0x81, 0x8C, 0x00, 0x00, 0x02, 0x40, 0xA4, 0xC0, 0x21, 0x03, 0x60, 0x80, 0x02, 
	0x21, 0x01, 0x22, 0x00, 0x00, 0xC0, 0x00, 0x85, 0x21, 0x20, 0x21, 0x00, 0x00, 0x00, 0x00, 0x00, 
	0x00, 0x00, 0x00, 0x00, 0x00, 0x00, 0x00, 0x00, 0x00, 0x00, 0x00, 0x00, 0x00, 0x60, 0x00, 0x84, 
	0x00, 0x00, 0x52, 0x00, 0x41, 0x20, 0x08, 0x08, 0x02, 0x20, 0x00, 0x00, 0x04, 0x00, 0x34, 0x10, 
	0x00, 0x02, 0x00, 0x09, 0x18, 0x00, 0x00, 0x44, 0x00, 0xE8, 0xFF, 0x02, 0x00, 0x00, 0x00, 0x00, 
	0x01, 0x00, 0x00, 0x00, 0x00, 0x00, 0x00, 0x00, 0x00, 0x00, 0x00, 0x00, 0x02, 0x04, 0x00, 0x00, 
	0x00, 0x00, 0x00, 0x00, 0x02, 0x00, 0x00, 0x00, 0x00, 0x00, 0x00, 0x00, 0x00, 0x00, 0x00, 0x00, 
	0x00, 0x00, 0x00, 0x00, 0x00, 0x00, 0x00, 0x00, 0x00, 0x00, 0x00, 0x00, 0x00, 0x00, 0x00, 0x00, 
	0x80, 0x00, 0x08, 0x00, 0x00, 0x08, 0x00, 0x00, 0x00, 0x00, 0x00, 0x40, 0x00, 0x00, 0x00, 0x00, 
	0x00, 0x00, 0x00, 0x00, 0x00, 0x00, 0x00, 0xFF, 0x90, 0x00, 0x00, 0x10, 0x00, 0x40, 0x00, 0x00, 
	0x80, 0x00, 0x20, 0x00, 0x00, 0x82, 0x00, 0x10, 0x00, 0x00, 0x00, 0x00, 0x00, 0x00, 0x00, 0x20, 
	0x00, 0x00, 0x02, 0x20, 0x04, 0x00, 0x00, 0x00, 0x00, 0x00, 0x00, 0x00, 0x00, 0x00, 0x00, 0x00, 
	0x00, 0x00, 0x00, 0x00, 0x00, 0x00, 0x00, 0x10, 0x00, 0x02, 0x01, 0x00, 0x08, 0x00, 0x40, 0x00, 
	0x10, 0x04, 0x00, 0x40, 0x00, 0x00, 0x04, 0x00, 0x20, 0x08, 0x00, 0x02, 0x00, 0x08, 0x04, 0x00, 
	0x00, 0x00, 0x00, 0xD8, 0xFB, 0x00, 0x00, 0x00, 0x00, 0x01, 0x00, 0x00, 0x10, 0x00, 0x00, 0x00, 
	0x00, 0x00, 0x00, 0x00, 0x00, 0x08, 0x00, 0x00, 0x00, 0x00, 0x00, 0x00, 0x00, 0x00, 0x00, 0x00, 
	0x00, 0x00, 0x00, 0x00, 0x00, 0x00, 0x00, 0x00, 0x00, 0x00, 0x00, 0x00, 0x00, 0x00, 0x00, 0x00, 
	0x00, 0x00, 0x00, 0x00, 0x44, 0x00, 0x00, 0x00, 0x00, 0x00, 0x02, 0x00, 0x00, 0x00, 0x00, 0x00, 
	0x00, 0x00, 0x00, 0x00, 0x00, 0x00, 0x00, 0x00, 0x00, 0x20, 0x00, 0x00, 0x00, 0x00, 0x00, 0x00, 
	0x60, 0xF9, 0x00, 0x00, 0x01, 0x00, 0x00, 0x00, 0x00, 0x00, 0x00, 0x00, 0x00, 0x00, 0x00, 0x00, 
	0x00, 0x00, 0x00, 0x00, 0x00, 0x00, 0x00, 0x80, 0x00, 0x00, 0x00, 0x00, 0x00, 0x02, 0x00, 0x00, 
	0x00, 0x00, 0x00, 0x00, 0x00, 0x00, 0x00, 0x00, 0x00, 0x00, 0x00, 0x00, 0x00, 0x00, 0x00, 0x00, 
	0x00, 0x00, 0x00, 0x00, 0x00, 0x00, 0x00, 0x00, 0x00, 0x00, 0x00, 0x00, 0x00, 0x00, 0x00, 0x00, 
	0x00, 0x00, 0x00, 0x00, 0x00, 0x00, 0x00, 0x00, 0x00, 0x00, 0x00, 0x00, 0x00, 0x28, 0xFD, 0x00, 
	0x00, 0x00, 0x00, 0x00, 0x00, 0x00, 0x00, 0x00, 0x00, 0x00, 0x00, 0x00, 0x00, 0x00, 0x00, 0x00, 
	0x00, 0x00, 0x00, 0x00, 0x00, 0x00, 0x00, 0x00, 0x00, 0x00, 0x00, 0x00, 0x00, 0x00, 0x00, 0x00, 
	0x20, 0x00, 0x00, 0x00, 0x00, 0x00, 0x00, 0x00, 0x10, 0x00, 0x00, 0x00, 0x00, 0x00, 0x00, 0x00, 
	0x00, 0x00, 0x00, 0x00, 0x00, 0x00, 0x00, 0x00, 0x00, 0x00, 0x00, 0x00, 0x00, 0x00, 0x00, 0x00, 
	0x00, 0x00, 0x00, 0x00, 0x00, 0x00, 0x00, 0x00, 0x00, 0x00, 0xB8, 0xFE, 0x10, 0x00, 0x00, 0x00, 
	0x00, 0x00, 0x00, 0x00, 0x00, 0x00, 0x00, 0x00, 0x00, 0x00, 0x00, 0x00, 0x00, 0x00, 0x00, 0x00, 
	0x00, 0x00, 0x00, 0x00, 0x00, 0x00, 0x00, 0x00, 0x00, 0x00, 0x00, 0x00, 0x00, 0x00, 0x00, 0x00, 
	0x00, 0x00, 0x00, 0x00, 0x00, 0x00, 0x00, 0x00, 0x00, 0x00, 0x00, 0x00, 0x00, 0x00, 0x00, 0x00, 
	0x00, 0x00, 0x00, 0x00, 0x00, 0x00, 0x00, 0x00, 0x00, 0x00, 0x08, 0x00, 0x00, 0x00, 0x00, 0x00, 
	0x00, 0x00, 0x10, 0x00, 0x00, 0x00, 0x00, 0x5C, 0xFA, 0x00, 0x00, 0x00, 0x00, 0x00, 0x00, 0x00, 
	0x00, 0x00, 0x00, 0x00, 0x00, 0x00, 0x00, 0x00, 0x00, 0x00, 0x00, 0x00, 0x00, 0x20, 0x00, 0x00, 
	0x00, 0x00, 0x00, 0x00, 0x00, 0x00, 0x00, 0x00, 0x00, 0x00, 0x00, 0x00, 0x00, 0x00, 0x00, 0x00, 
	0x00, 0x00, 0x00, 0x00, 0x00, 0x00, 0x00, 0x00, 0x00, 0x00, 0x01, 0x00, 0x00, 0x00, 0x00, 0x00, 
	0x02, 0x00, 0x08, 0x00, 0x00, 0x00, 0x00, 0x00, 0x00, 0x00, 0x00, 0x00, 0x00, 0x00, 0x00, 0x00, 
	0x00, 0x00, 0x00, 0x00, 0x90, 0xFE, 0x00, 0x00, 0x00, 0x00, 0x00, 0x00, 0x00, 0x00, 0x00, 0x00, 
	0x00, 0x00, 0x00, 0x00, 0x80, 0x00, 0x80, 0x00, 0x40, 0x00, 0x02, 0x00, 0x00, 0x00, 0x00, 0x08, 
	0x20, 0x00, 0x84, 0x00, 0x00, 0x00, 0x00, 0x00, 0x00, 0x00, 0x00, 0x00, 0x00, 0x00, 0x00, 0x00, 
	0x00, 0x00, 0x00, 0x00, 0x00, 0x00, 0x00, 0x00, 0x00, 0x00, 0x00, 0x04, 0x00, 0x00, 0x00, 0x00, 
	0x00, 0x00, 0x00, 0x00, 0x00, 0x00, 0x00, 0x00, 0x00, 0x00, 0x00, 0x00, 0x00, 0x00, 0x00, 0x00, 
	0x00, 0xB8, 0xF9, 0x00, 0x00, 0x00, 0x00, 0x00, 0x00, 0x00, 0x00, 0x00, 0x00, 0x00, 0x00, 0x00, 
	0x20, 0x00, 0x00, 0x00, 0x02, 0x40, 0x00, 0x00, 0x00, 0x00, 0x20, 0x00, 0x00, 0x80, 0x00, 0x10, 
	0x00, 0x00, 0x00, 0x00, 0x00, 0x00, 0x00, 0x00, 0x00, 0x02, 0x00, 0x00, 0x00, 0x00, 0x00, 0x00, 
	0x00, 0x00, 0x00, 0x00, 0x00, 0x00, 0x00, 0x00, 0x00, 0x00, 0x00, 0x00, 0x00, 0x00, 0x00, 0x00, 
	0x00, 0x00, 0x00, 0x00, 0x00, 0x00, 0x04, 0x00, 0x00, 0x00, 0x00, 0x00, 0x00, 0x00, 0x60, 0xFA, 
	0x00, 0x00, 0x00, 0x00, 0x02, 0x20, 0x00, 0x00, 0x00, 0x00, 0x00, 0x00, 0x00, 0x00, 0x00, 0x00, 
	0x00, 0x00, 0x00, 0x00, 0x00, 0x00, 0x00, 0x40, 0x00, 0x00, 0x00, 0x00, 0x08, 0x00, 0x08, 0x00, 
	0x00, 0x00, 0x00, 0x00, 0x00, 0x00, 0x00, 0x00, 0x00, 0x00, 0x00, 0x00, 0x00, 0x00, 0x00, 0x00, 
	0x80, 0x02, 0x00, 0x00, 0x00, 0x00, 0x01, 0x00, 0x00, 0x00, 0x00, 0x00, 0x00, 0x00, 0x00, 0x00, 
	0x00, 0x00, 0x00, 0x00, 0x00, 0x00, 0x00, 0x00, 0x00, 0x00, 0x00, 0x88, 0xF8, 0x00, 0x00, 0x00, 
	0x00, 0x00, 0x00, 0x00, 0x00, 0x00, 0x00, 0x00, 0x00, 0x00, 0x00, 0x00, 0x40, 0x00, 0x00, 0x00, 
	0x00, 0x00, 0x00, 0x00, 0x00, 0x00, 0x00, 0x00, 0x00, 0x00, 0x00, 0x02, 0x00, 0x00, 0x00, 0x00, 
	0x40, 0x00, 0x00, 0x40, 0x00, 0x00, 0x00, 0x00, 0x00, 0x00, 0x00, 0x00, 0x00, 0x00, 0x00, 0x00, 
	0x00, 0x00, 0x00, 0x00, 0x00, 0x00, 0x00, 0x00, 0x00, 0x00, 0x00, 0x00, 0x00, 0x00, 0x04, 0x00, 
	0x00, 0x00, 0x00, 0x00, 0x40, 0x00, 0x00, 0x00, 0xB8, 0xF9, 0x00, 0x00, 0x00, 0x00, 0x00, 0x00, 
	0x00, 0x00, 0x00, 0x00, 0x00, 0x00, 0x00, 0x00, 0x00, 0x00, 0x00, 0x00, 0x00, 0x00, 0x10, 0x00, 
	0x00, 0x00, 0x00, 0x00, 0x00, 0x00, 0x00, 0x00, 0x00, 0x00, 0x00, 0x00, 0x00, 0x00, 0x00, 0x00, 
	0x00, 0x00, 0x00, 0x00, 0x04, 0x00, 0x00, 0x00, 0x00, 0x00, 0x00, 0x00, 0x00, 0x00, 0x00, 0x00, 
	0x00, 0x00, 0x00, 0x00, 0x00, 0x00, 0x00, 0x00, 0x00, 0x00, 0x00, 0x00, 0x00, 0x00, 0x00, 0x00, 
	0x00, 0x00, 0x00, 0x00, 0x00, 0xD8, 0xFA, 0x00, 0x00, 0x00, 0x00, 0x00, 0x00, 0x00, 0x00, 0x00, 
	0x00, 0x00, 0x00, 0x00, 0x00, 0x00, 0x00, 0x10, 0x00, 0x00, 0x00, 0x00, 0x00, 0x00, 0x00, 0x00, 
	0x00, 0x20, 0x02, 0x00, 0x00, 0x00, 0x00, 0x00, 0x00, 0x00, 0x00, 0x00, 0x40, 0x00, 0x00, 0x00, 
	0x00, 0x00, 0x00, 0x00, 0x00, 0x00, 0x80, 0x00, 0x00, 0x00, 0x00, 0x00, 0x00, 0x00, 0x00, 0x00, 
	0x00, 0x00, 0x01, 0x00, 0x00, 0x00, 0x04, 0x02, 0x10, 0x00, 0x02, 0x00, 0x00, 0x00, 0x00, 0x00, 
	0x00, 0x00, 0x30, 0xFF, 0x00, 0x00, 0x00, 0x00, 0x08, 0x00, 0x00, 0x00, 0x00, 0x00, 0x00, 0x00, 
	0x00, 0x00, 0x00, 0x00, 0x00, 0x00, 0x00, 0x00, 0x00, 0x00, 0x00, 0x00, 0x00, 0x00, 0x00, 0x00, 
	0x40, 0x00, 0x00, 0x00, 0x80, 0x00, 0x00, 0x00, 0x00, 0x00, 0x00, 0x00, 0x00, 0x00, 0x00, 0x00, 
	0x00, 0x00, 0x02, 0x08, 0x10, 0x00, 0x00, 0x00, 0x20, 0x00, 0x00, 0x80, 0x00, 0x00, 0x00, 0x00, 
	0x00, 0x00, 0x00, 0x01, 0x00, 0x10, 0x00, 0x00, 0x00, 0x00, 0x00, 0x02, 0x04, 0x00, 0x00, 0x10, 
	0xFF, 0x00, 0x00, 0x00, 0x00, 0x08, 0x00, 0x00, 0x00, 0x00, 0x00, 0x00, 0x00, 0x08, 0x00, 0x00, 
	0x00, 0x00, 0x00, 0x00, 0x00, 0x00, 0x00, 0x00, 0x00, 0x00, 0x00, 0x00, 0x00, 0x00, 0x00, 0x00, 
	0x00, 0x00, 0x00, 0x00, 0x00, 0x00, 0x00, 0x00, 0x00, 0x00, 0x00, 0x00, 0x00, 0x01, 0x00, 0x00, 
	0x10, 0x00, 0x00, 0x00, 0x00, 0x00, 0x00, 0x00, 0x20, 0x00, 0x02, 0x00, 0x00, 0x00, 0x00, 0x00, 
	0x20, 0x00, 0x00, 0x00, 0x00, 0x00, 0x00, 0x00, 0x00, 0x00, 0x00, 0x00, 0x28, 0xFE, 0x00, 0x00, 
	0x00, 0x00, 0x00, 0x40, 0x00, 0x00, 0x00, 0x00, 0x00, 0x00, 0x00, 0x00, 0x00, 0x00, 0x00, 0x00, 
	0x00, 0x00, 0x00, 0x00, 0x00, 0x00, 0x00, 0x00, 0x00, 0x00, 0x00, 0x00, 0x00, 0x00, 0x00, 0x04, 
	0x00, 0x00, 0x00, 0x00, 0x00, 0x00, 0x00, 0x02, 0x00, 0x00, 0x00, 0x00, 0x00, 0x00, 0x00, 0x00, 
	0x00, 0x00, 0x00, 0x00, 0x00, 0x00, 0x00, 0x00, 0x00, 0x00, 0x00, 0x00, 0x00, 0x00, 0x00, 0x00, 
	0x00, 0x00, 0x00, 0x00, 0x00, 0x00, 0x00, 0x00, 0x00, 0xF8, 0xFF, 0x10, 0x00, 0x00, 0x00, 0x00, 
	0x00, 0x00, 0x00, 0x00, 0x00, 0x00, 0x00, 0x00, 0x00, 0x00, 0x00, 0x00, 0x00, 0x00, 0x00, 0x00, 
	0x00, 0x00, 0x00, 0x01, 0x00, 0x00, 0x00, 0x00, 0x00, 0x00, 0x00, 0x00, 0x00, 0x00, 0x00, 0x00, 
	0x00, 0x00, 0x00, 0x00, 0x00, 0x04, 0x00, 0x00, 0x00, 0x00, 0x00, 0x00, 0x00, 0x00, 0x00, 0x00, 
	0x00, 0x00, 0x00, 0x00, 0x00, 0x00, 0x00, 0x00, 0x00, 0x00, 0x00, 0x00, 0x00, 0x00, 0x00, 0x00, 
	0x00, 0x00, 0x00, 0x00, 0x00, 0x00, 0xD8, 0xFA, 0x00, 0x00, 0x00, 0x00, 0x00, 0x00, 0x02, 0x00, 
	0x00, 0x00, 0x00, 0x00, 0x00, 0x00, 0x00, 0x00, 0x00, 0x00, 0x00, 0x00, 0x00, 0x02, 0x00, 0x00, 
	0x20, 0x20, 0x00, 0x00, 0x00, 0x00, 0x00, 0x00, 0x00, 0x00, 0x02, 0x00, 0x00, 0x00, 0x00, 0x00, 
	0x00, 0x00, 0x00, 0x00, 0x00, 0x00, 0x00, 0x00, 0x00, 0x04, 0x00, 0x00, 0x00, 0x00, 0x00, 0x00, 
	0x00, 0x00, 0x00, 0x00, 0x00, 0x00, 0x00, 0x00, 0x00, 0x00, 0x00, 0x00, 0x00, 0x00, 0x00, 0x00, 
	0x00, 0x00, 0x00, 0x98, 0xFB, 0x00, 0x00, 0x00, 0x00, 0x00, 0x00, 0x00, 0x00, 0x00, 0x00, 0x00, 
	0x00, 0x00, 0x00, 0x00, 0x00, 0x00, 0x00, 0x00, 0x00, 0x00, 0x00, 0x00, 0x00, 0x00, 0x00, 0x00, 
	0x00, 0x00, 0x00, 0x00, 0x00, 0x00, 0x00, 0x00, 0x00, 0x00, 0x00, 0x00, 0x00, 0x00, 0x00, 0x00, 
	0x00, 0x00, 0x00, 0x00, 0x00, 0x00, 0x00, 0x00, 0x00, 0x00, 0x00, 0x00, 0x00, 0x00, 0x00, 0x00, 
	0x00, 0x00, 0x00, 0x00, 0x00, 0x20, 0x00, 0x00, 0x00, 0x00, 0x00, 0x00, 0x00, 0x00, 0x00, 0x00, 
	0xB8, 0xFD, 0x00, 0x00, 0x00, 0x00, 0x00, 0x00, 0x00, 0x00, 0x00, 0x00, 0x00, 0x00, 0x00, 0x00, 
	0x00, 0x00, 0x00, 0x00, 0x00, 0x00, 0x00, 0x00, 0x00, 0x00, 0x00, 0x00, 0x00, 0x00, 0x00, 0x00, 
	0x00, 0x00, 0x00, 0x00, 0x00, 0x00, 0x00, 0x00, 0x00, 0x00, 0x00, 0x00, 0x00, 0x00, 0x00, 0x00, 
	0x00, 0x00, 0x00, 0x00, 0x00, 0x00, 0x00, 0x00, 0x00, 0x00, 0x00, 0x00, 0x00, 0x00, 0x00, 0x00, 
	0x00, 0x00, 0x00, 0x08, 0x00, 0x00, 0x00, 0x00, 0x00, 0x00, 0x00, 0x00, 0x00, 0x18, 0xFF, 0x00, 
	0x00, 0x00, 0x80, 0x00, 0x00, 0x00, 0x00, 0x00, 0x00, 0x00, 0x00, 0x02, 0x00, 0x00, 0x00, 0x00, 
	0x00, 0x00, 0x00, 0x00, 0x80, 0x00, 0x00, 0x00, 0x00, 0x00, 0x00, 0x00, 0x00, 0x00, 0x00, 0x00, 
	0x00, 0x08, 0x00, 0x00, 0x00, 0x00, 0x00, 0x00, 0x00, 0x00, 0x00, 0x00, 0x00, 0x00, 0x20, 0x80, 
	0x08, 0x00, 0x00, 0x00, 0x00, 0x04, 0x00, 0x00, 0x10, 0x00, 0x00, 0x00, 0x00, 0x00, 0x00, 0x01, 
	0x00, 0x00, 0x00, 0x00, 0x00, 0x00, 0x00, 0x00, 0x00, 0x00, 0x79, 0xFB, 0x20, 0x00, 0x00, 0x00, 
	0x00, 0x00, 0x00, 0x00, 0x00, 0x00, 0x00, 0x00, 0x00, 0x00, 0x00, 0x00, 0x00, 0x00, 0x20, 0x00, 
	0x01, 0x00, 0x01, 0x00, 0x80, 0x00, 0x00, 0x00, 0x00, 0x00, 0x00, 0x00, 0x00, 0x00, 0x00, 0x80, 
	0x00, 0x00, 0x00, 0x00, 0x00, 0x04, 0x00, 0x00, 0x00, 0x00, 0x00, 0x00, 0x00, 0x00, 0x00, 0x00, 
	0x00, 0x00, 0x00, 0x00, 0x00, 0x00, 0x00, 0x00, 0x00, 0x00, 0x00, 0x00, 0x20, 0x00, 0x00, 0x00, 
	0x08, 0x00, 0x00, 0x00, 0x00, 0x00, 0x00, 0x60, 0xFC, 0x00, 0x00, 0x00, 0x00, 0x00, 0x00, 0x00, 
	0x20, 0x00, 0x00, 0x00, 0x00, 0x00, 0x00, 0x02, 0x00, 0x00, 0x00, 0x00, 0x00, 0x00, 0x00, 0x00, 
	0x00, 0x00, 0x00, 0x04, 0x00, 0x00, 0x00, 0x00, 0x02, 0x01, 0x00, 0x00, 0x00, 0x00, 0x00, 0x00, 
	0x80, 0x00, 0x00, 0x00, 0x00, 0x00, 0x00, 0x00, 0x00, 0x00, 0x00, 0x00, 0x00, 0x00, 0x00, 0x00, 
	0x00, 0x00, 0x00, 0x00, 0x00, 0x00, 0x00, 0x00, 0x00, 0x00, 0x00, 0x00, 0x00, 0x00, 0x00, 0x00, 
	0x00, 0x40, 0x00, 0x00, 0x08, 0xFF, 0x00, 0x00, 0x00, 0x00, 0x00, 0x00, 0x00, 0x00, 0x00, 0x00, 
	0x00, 0x00, 0x00, 0x00, 0x00, 0x00, 0x00, 0x00, 0x00, 0x00, 0x00, 0x40, 0x00, 0x00, 0x00, 0x00, 
	0x00, 0x00, 0x00, 0x00, 0x00, 0x00, 0x00, 0x00, 0x00, 0x00, 0x00, 0x00, 0x08, 0x00, 0x00, 0x00, 
	0x00, 0x00, 0x00, 0x00, 0x00, 0x00, 0x00, 0x00, 0x00, 0x00, 0x00, 0x00, 0x00, 0x00, 0x00, 0x00, 
	0x00, 0x00, 0x00, 0x00, 0x00, 0x00, 0x00, 0x04, 0x00, 0x00, 0x00, 0x00, 0x00, 0x40, 0x00, 0x00, 
	0x00, 0x18, 0xFB, 0x00, 0x00, 0x00, 0x00, 0x04, 0x00, 0x20, 0x00, 0x00, 0x00, 0x00, 0x10, 0x00, 
	0x00, 0x00, 0x04, 0x00, 0x00, 0x01, 0x20, 0x00, 0x40, 0x00, 0x00, 0x10, 0x00, 0x00, 0x00, 0x00, 
	0x18, 0x00, 0x00, 0x00, 0x00, 0x00, 0x00, 0x00, 0x00, 0x00, 0x00, 0x00, 0x00, 0x00, 0x00, 0x00, 
	0x00, 0x00, 0x00, 0x00, 0x00, 0x00, 0x00, 0x20, 0x00, 0x00, 0x00, 0x00, 0x00, 0x22, 0x00, 0x00, 
	0x00, 0x00, 0x00, 0x80, 0x00, 0x00, 0x00, 0x00, 0x00, 0x00, 0x00, 0x00, 0x04, 0x80, 0x98, 0xFA, 
	0x00, 0x00, 0x00, 0x00, 0x00, 0x00, 0x00, 0x00, 0x00, 0x00, 0x00, 0x00, 0x00, 0x00, 0x00, 0x0C, 
	0x00, 0x00, 0x00, 0x00, 0x00, 0x00, 0x00, 0x00, 0x00, 0x00, 0x00, 0x00, 0x00, 0x00, 0x00, 0x00, 
	0x00, 0x00, 0x00, 0x00, 0x00, 0x00, 0x00, 0x00, 0x00, 0x00, 0x00, 0x00, 0x00, 0x00, 0x00, 0x00, 
	0x00, 0x00, 0x00, 0x00, 0x00, 0x00, 0x00, 0x00, 0x00, 0x00, 0x02, 0x00, 0x00, 0x00, 0x00, 0x00, 
	0x02, 0x00, 0x00, 0x00, 0x00, 0x00, 0x00, 0x00, 0x00, 0x00, 0x00, 0xD0, 0xFB, 0x00, 0x01, 0x00, 
	0x00, 0x02, 0x80, 0x20, 0x02, 0x10, 0x00, 0x02, 0x00, 0x00, 0x00, 0x00, 0x00, 0x00, 0x00, 0x10, 
	0x00, 0x00, 0x00, 0x00, 0x00, 0x00, 0x01, 0x00, 0x00, 0x10, 0x00, 0x00, 0x00, 0x00, 0x00, 0x00, 
	0x00, 0x00, 0x00, 0x00, 0x00, 0x00, 0x00, 0x00, 0x00, 0x00, 0x00, 0x00, 0x04, 0x00, 0x00, 0x00, 
	0x00, 0x00, 0x80, 0x00, 0x08, 0x20, 0x04, 0x04, 0x00, 0x08, 0x00, 0x00, 0x02, 0x00, 0x02, 0x80, 
	0x00, 0x02, 0x00, 0x00, 0x00, 0x00, 0x00, 0x00, 0xDC, 0xF9, 0x00, 0x00, 0x01, 0x20, 0x00, 0x01, 
	0x00, 0x00, 0x02, 0x01, 0x20, 0x00, 0x04, 0x80, 0x40, 0x04, 0x20, 0x00, 0x01, 0x00, 0x00, 0x00, 
	0x00, 0x00, 0x08, 0x08, 0x02, 0x20, 0x10, 0x00, 0x00, 0x00, 0x00, 0x00, 0x00, 0x00, 0x00, 0x00, 
	0x00, 0x00, 0x00, 0x00, 0x00, 0x00, 0x00, 0x00, 0x00, 0x10, 0x00, 0x02, 0x00, 0x20, 0x00, 0x00, 
	0x80, 0x00, 0x10, 0x00, 0x00, 0x00, 0x00, 0x00, 0x00, 0x00, 0x20, 0x00, 0x00, 0x01, 0x10, 0x00, 
	0x00, 0x00, 0x00, 0x00, 0x00, 0x91, 0xFB, 0x40, 0x03, 0x01, 0x20, 0x15, 0x24, 0x40, 0x04, 0x58, 
	0x00, 0x09, 0x0A, 0x01, 0x20, 0x05, 0x05, 0x20, 0x00, 0x24, 0x00, 0x80, 0x02, 0x00, 0xC0, 0x40, 
	0x03, 0x0A, 0x00, 0x1D, 0x00, 0x00, 0x00, 0x00, 0x02, 0x00, 0x00, 0x00, 0x00, 0x00, 0x00, 0x00, 
	0x01, 0x00, 0x00, 0x00, 0x00, 0x00, 0x0C, 0x80, 0x00, 0x00, 0x80, 0x00, 0x80, 0x8A, 0x12, 0x60, 
	0x02, 0x04, 0x00, 0x08, 0x00, 0x00, 0x02, 0x80, 0x04, 0xC0, 0x00, 0x09, 0x00, 0x28, 0x00, 0x00, 
	0x00, 0x00, 0x00, 0xF8, 0x20, 0x00, 0x00, 0x80, 0x04, 0x81, 0x10, 0x08, 0x00, 0x08, 0x60, 0x1A, 
	0x04, 0x01, 0x08, 0x04, 0x00, 0x04, 0x4A, 0x20, 0x90, 0x00, 0x60, 0x40, 0x08, 0x84, 0x01, 0x31, 
	0x00, 0x56, 0x00, 0x00, 0x00, 0x00, 0x00, 0x00, 0x00, 0x00, 0x00, 0x00, 0x00, 0x00, 0x00, 0x00, 
	0x00, 0x00, 0x00, 0x20, 0x04, 0x00, 0x00, 0x04, 0x30, 0x02, 0x48, 0x00, 0x12, 0x04, 0x00, 0x01, 
	0x20, 0x04, 0x00, 0x40, 0x10, 0x08, 0x00, 0x02, 0x00, 0x00, 0x24, 0x80, 0x00, 0x00, 0x08, 0x30, 
	0xFB, 0x00, 0x00, 0x00, 0x00, 0x00, 0x01, 0x00, 0x10, 0x00, 0x00, 0x40, 0x10, 0x01, 0x00, 0x00, 
	0x00, 0x00, 0x00, 0x40, 0x20, 0x00, 0x00, 0x00, 0x00, 0x00, 0x01, 0x00, 0x00, 0x00, 0x00, 0x00, 
	0x00, 0x00, 0x00, 0x00, 0x00, 0x00, 0x00, 0x00, 0x00, 0x00, 0x00, 0x00, 0x00, 0x00, 0x00, 0x00, 
	0x00, 0x00, 0x00, 0x00, 0x00, 0x00, 0x00, 0x00, 0x00, 0x40, 0x04, 0x00, 0x00, 0x00, 0x00, 0x00, 
	0x40, 0x00, 0x04, 0x00, 0x00, 0x00, 0x00, 0x08, 0x80, 0x00, 0x00, 0x08, 0x68, 0xF9, 0x00, 0x00, 
	0x00, 0x00, 0x02, 0x40, 0x20, 0x00, 0x00, 0x00, 0x20, 0x40, 0x00, 0x04, 0x00, 0x00, 0x80, 0x00, 
	0x00, 0x00, 0x02, 0x00, 0x80, 0x20, 0x10, 0x00, 0x02, 0x41, 0x00, 0x20, 0x00, 0x00, 0x00, 0x00, 
	0x00, 0x00, 0x00, 0x00, 0x00, 0x00, 0x00, 0x00, 0x00, 0x00, 0x00, 0x00, 0x00, 0x10, 0x08, 0x00, 
	0x00, 0x00, 0x08, 0x04, 0x00, 0x02, 0x00, 0x00, 0x40, 0x00, 0x04, 0x10, 0x00, 0x00, 0x20, 0x00, 
	0x00, 0x01, 0x00, 0x00, 0x00, 0x00, 0x00, 0x00, 0x00, 0x28, 0xFB, 0x10, 0x00, 0x00, 0x00, 0x80, 
	0x00, 0x00, 0x00, 0x00, 0x00, 0x00, 0x00, 0x01, 0x00, 0x00, 0x00, 0x00, 0x00, 0x00, 0x00, 0x40, 
	0x00, 0x00, 0x00, 0x00, 0x04, 0x00, 0x00, 0x00, 0x00, 0x00, 0x00, 0x00, 0x00, 0x00, 0x00, 0x00, 
	0x00, 0x00, 0x00, 0x00, 0x00, 0x00, 0x00, 0x00, 0x40, 0x00, 0x00, 0x00, 0x00, 0x00, 0x00, 0x00, 
	0x00, 0x00, 0x00, 0x00, 0x00, 0x01, 0x00, 0x00, 0x00, 0x00, 0x10, 0x00, 0x00, 0x00, 0x00, 0x00, 
	0x00, 0x00, 0x00, 0x00, 0x00, 0x00, 0x84, 0xFB, 0x00, 0x00, 0x00, 0x00, 0x00, 0x00, 0x00, 0x00, 
	0x00, 0x00, 0x00, 0x00, 0x00, 0x00, 0x00, 0x00, 0x00, 0x00, 0x00, 0x00, 0x00, 0x00, 0x00, 0x00, 
	0x10, 0x01, 0x00, 0x00, 0x00, 0x00, 0x00, 0x00, 0x00, 0x00, 0x00, 0x00, 0x00, 0x00, 0x00, 0x00, 
	0x00, 0x00, 0x00, 0x00, 0x00, 0x00, 0x00, 0x00, 0x00, 0x00, 0x00, 0x00, 0x00, 0x00, 0x00, 0x00, 
	0x00, 0x00, 0x00, 0x00, 0x00, 0x00, 0x00, 0x00, 0x00, 0x00, 0x00, 0x00, 0x00, 0x00, 0x08, 0x00, 
	0x00, 0x00, 0x00, 0x00, 0xFE, 0x60, 0x00, 0x00, 0x00, 0x00, 0x00, 0x00, 0x00, 0x00, 0x00, 0x00, 
	0x00, 0x00, 0x00, 0x00, 0x90, 0x00, 0x00, 0x08, 0x00, 0x01, 0x00, 0x00, 0x00, 0x00, 0x00, 0x00, 
	0x00, 0x00, 0x00, 0x00, 0x10, 0x00, 0x00, 0x00, 0x00, 0x00, 0x00, 0x00, 0x00, 0x20, 0x00, 0x00, 
	0x00, 0x00, 0x00, 0x00, 0x08, 0x00, 0x00, 0x00, 0x00, 0x00, 0x00, 0x00, 0x00, 0x00, 0x00, 0x00, 
	0x00, 0x00, 0x00, 0x04, 0x00, 0x10, 0x00, 0x00, 0x00, 0x00, 0x00, 0x08, 0x00, 0x00, 0x00, 0x00, 
	0x18, 0xFD, 0x40, 0x00, 0x00, 0x00, 0x00, 0x00, 0x00, 0x00, 0x00, 0x00, 0x00, 0x00, 0x00, 0x00, 
	0x00, 0x00, 0x00, 0x00, 0x00, 0x00, 0x00, 0x00, 0x00, 0x08, 0x00, 0x00, 0x00, 0x00, 0x00, 0x04, 
	0x00, 0x20, 0x00, 0x00, 0x00, 0x10, 0x00, 0x00, 0x00, 0x10, 0x00, 0x00, 0x00, 0x08, 0x00, 0x00, 
	0x00, 0x00, 0x00, 0x00, 0x00, 0x00, 0x00, 0x00, 0x00, 0x00, 0x00, 0x00, 0x00, 0x00, 0x00, 0x00, 
	0x00, 0x40, 0x00, 0x00, 0x00, 0x00, 0x00, 0x00, 0x00, 0x00, 0x00, 0x00, 0x00, 0xE0, 0xFC, 0x02, 
	0x00, 0x00, 0x00, 0x00, 0x00, 0x00, 0x00, 0x00, 0x00, 0x00, 0x00, 0x00, 0x00, 0x00, 0x00, 0x40, 
	0x00, 0x00, 0x00, 0x00, 0x00, 0x00, 0x00, 0x00, 0x00, 0x00, 0x00, 0x00, 0x00, 0x00, 0x00, 0x00, 
	0x00, 0x00, 0x00, 0x00, 0x00, 0x00, 0x00, 0x00, 0x00, 0x00, 0x00, 0x00, 0x00, 0x00, 0x00, 0x00, 
	0x00, 0x00, 0x00, 0x00, 0x80, 0x00, 0x00, 0x00, 0x00, 0x00, 0x00, 0x00, 0x00, 0x00, 0x00, 0x00, 
	0x00, 0x00, 0x00, 0x00, 0x00, 0x00, 0x00, 0x00, 0x00, 0x00, 0x70, 0xF9, 0x00, 0x00, 0x00, 0x00, 
	0x00, 0x00, 0x00, 0x00, 0x00, 0x00, 0x00, 0x00, 0x00, 0x00, 0x02, 0x00, 0x10, 0x00, 0x00, 0x00, 
	0x20, 0x00, 0x00, 0x00, 0x01, 0x00, 0x40, 0x00, 0x00, 0x00, 0x00, 0x00, 0x00, 0x00, 0x00, 0x00, 
	0x00, 0x01, 0x00, 0x00, 0x00, 0x00, 0x00, 0x00, 0x80, 0x00, 0x00, 0x00, 0x00, 0x00, 0x00, 0x00, 
	0x00, 0x00, 0x00, 0x00, 0x00, 0x00, 0x00, 0x00, 0x00, 0x00, 0x00, 0x00, 0x00, 0x00, 0x00, 0x00, 
	0x00, 0x00, 0x00, 0x00, 0x00, 0x00, 0x00, 0x30, 0xF8, 0x00, 0x00, 0x00, 0x00, 0x00, 0x00, 0x02, 
	0x00, 0x00, 0x00, 0x00, 0x00, 0x04, 0x00, 0x00, 0x00, 0x00, 0x80, 0x02, 0x00, 0x00, 0x00, 0x01, 
	0x00, 0x00, 0x00, 0x00, 0x60, 0x20, 0x00, 0x00, 0x00, 0x00, 0x00, 0x00, 0x00, 0x00, 0x00, 0x00, 
	0x00, 0x00, 0x00, 0x00, 0x00, 0x00, 0x00, 0x00, 0x00, 0x00, 0x02, 0x00, 0x00, 0x00, 0x00, 0x01, 
	0x00, 0x00, 0x00, 0x00, 0x00, 0x00, 0x00, 0x00, 0x00, 0x00, 0x00, 0x00, 0x00, 0x00, 0x00, 0x00, 
	0x00, 0x00, 0x00, 0x00, 0x00, 0xFB, 0x00, 0x00, 0x00, 0x00, 0x00, 0x00, 0x00, 0x00, 0x00, 0x00, 
	0x00, 0x00, 0x00, 0x00, 0x00, 0x00, 0x00, 0x00, 0x02, 0x40, 0x00, 0x00, 0x00, 0x00, 0x00, 0x00, 
	0x80, 0x00, 0x00, 0x00, 0x00, 0x10, 0x00, 0x00, 0x00, 0x00, 0x00, 0x00, 0x00, 0x80, 0x00, 0x00, 
	0x00, 0x00, 0x00, 0x00, 0x00, 0x00, 0x04, 0x00, 0x00, 0x00, 0x00, 0x00, 0x00, 0x00, 0x10, 0x00, 
	0x00, 0x00, 0x00, 0x00, 0x00, 0x00, 0x00, 0x00, 0x80, 0x00, 0x00, 0x00, 0x02, 0x00, 0x00, 0x00, 
	0x00, 0x20, 0xFF, 0x00, 0x00, 0x00, 0x00, 0x00, 0x20, 0x00, 0x00, 0x00, 0x00, 0x00, 0x20, 0x00, 
	0x01, 0x00, 0x00, 0x00, 0x00, 0x00, 0x00, 0x00, 0x00, 0x00, 0x00, 0x20, 0x00, 0x00, 0x00, 0x08, 
	0x00, 0x00, 0x20, 0x00, 0x00, 0x00, 0x00, 0x02, 0x00, 0x00, 0x10, 0x00, 0x00, 0x00, 0x00, 0x40, 
	0x00, 0x00, 0x00, 0x00, 0x00, 0x00, 0x00, 0x00, 0x00, 0x00, 0x00, 0x00, 0x00, 0x00, 0x00, 0x00, 
	0x00, 0x00, 0x00, 0x00, 0x00, 0x00, 0x00, 0x00, 0x00, 0x00, 0x00, 0x00, 0x00, 0x00, 0x20, 0xFA, 
	0x00, 0x00, 0x00, 0x00, 0x00, 0x00, 0x00, 0x00, 0x00, 0x00, 0x00, 0x00, 0x00, 0x00, 0x00, 0x00, 
	0x20, 0x00, 0x00, 0x00, 0x00, 0x00, 0x00, 0x00, 0x00, 0x00, 0x00, 0x00, 0x00, 0x00, 0x00, 0x00, 
	0x00, 0x08, 0x00, 0x00, 0x00, 0x00, 0x00, 0x00, 0x00, 0x00, 0x00, 0x00, 0x08, 0x00, 0x00, 0x20, 
	0x00, 0x00, 0x00, 0x00, 0x00, 0x00, 0x00, 0x40, 0x00, 0x00, 0x00, 0x00, 0x00, 0x00, 0x00, 0x00, 
	0x00, 0x00, 0x02, 0x00, 0x00, 0x00, 0x00, 0x00, 0x20, 0x00, 0x00, 0x70, 0xF9, 0x00, 0x00, 0x00, 
	0x00, 0x00, 0x00, 0x00, 0x00, 0x00, 0x00, 0x00, 0x00, 0x00, 0x00, 0x00, 0x00, 0x00, 0x00, 0x00, 
	0x00, 0x00, 0x00, 0x00, 0x00, 0x00, 0x01, 0x00, 0x00, 0x00, 0x00, 0x00, 0x00, 0x00, 0x00, 0x00, 
	0x00, 0x00, 0x00, 0x00, 0x00, 0x00, 0x00, 0x00, 0x00, 0x00, 0x00, 0x00, 0x00, 0x00, 0x00, 0x00, 
	0x00, 0x00, 0x00, 0x00, 0x00, 0x00, 0x01, 0x40, 0x00, 0x00, 0x00, 0x00, 0x00, 0x00, 0x00, 0x00, 
	0x80, 0x00, 0x00, 0x20, 0x00, 0x04, 0x88, 0x00, 0x20, 0xFD, 0x00, 0x00, 0x00, 0x00, 0x00, 0x00, 
	0x00, 0x00, 0x04, 0x00, 0x08, 0x00, 0x00, 0x00, 0x00, 0x80, 0x00, 0x00, 0x00, 0x00, 0x00, 0x00, 
	0x00, 0x00, 0x00, 0x00, 0x00, 0x00, 0x10, 0x00, 0x00, 0x00, 0x00, 0x00, 0x00, 0x00, 0x00, 0x00, 
	0x00, 0x00, 0x00, 0x00, 0x00, 0x00, 0x00, 0x00, 0x00, 0x40, 0x00, 0x00, 0x00, 0x00, 0x00, 0x00, 
	0x00, 0x00, 0x00, 0x00, 0x00, 0x00, 0x00, 0x00, 0x00, 0x00, 0x00, 0x00, 0x00, 0x00, 0x02, 0x00, 
	0x00, 0x00, 0x00, 0x00, 0x00, 0xE0, 0xFA, 0x82, 0x00, 0x00, 0x00, 0x80, 0x04, 0x00, 0x40, 0x00, 
	0x08, 0x00, 0x01, 0x20, 0x82, 0x04, 0xC0, 0x00, 0x12, 0x00, 0x22, 0x40, 0x00, 0x08, 0x20, 0x01, 
	0x20, 0x08, 0x00, 0x90, 0x00, 0x00, 0x00, 0x00, 0x00, 0x00, 0x00, 0x00, 0x00, 0x00, 0x00, 0x00, 
	0x00, 0x00, 0x00, 0x00, 0x00, 0x40, 0x00, 0x00, 0x00, 0x00, 0x20, 0x10, 0x00, 0x00, 0x20, 0x01, 
	0x20, 0x82, 0x00, 0x90, 0x00, 0x10, 0x00, 0x02, 0x10, 0x00, 0x00, 0x00, 0x02, 0x00, 0x00, 0x00, 
	0x00, 0x80, 0xF0, 0xFB, 0x00, 0x01, 0x20, 0x08, 0x84, 0x90, 0x00, 0x10, 0x04, 0x02, 0x42, 0x40, 
	0x08, 0x00, 0x01, 0x20, 0x0C, 0x04, 0x80, 0x00, 0x10, 0x44, 0x02, 0x40, 0x00, 0x08, 0x80, 0x01, 
	0x20, 0x00, 0x00, 0x00, 0x00, 0x00, 0x00, 0x00, 0x00, 0x00, 0x00, 0x00, 0x00, 0x00, 0x00, 0x00, 
	0x00, 0x00, 0x01, 0x20, 0x20, 0x06, 0x80, 0x00, 0x12, 0x02, 0x02, 0x42, 0x00, 0x08, 0x00, 0x01, 
	0x20, 0x00, 0x06, 0x80, 0x80, 0x18, 0x42, 0x02, 0x20, 0x28, 0x08, 0x22, 0x01, 0x00, 0x00, 0x38, 
	0xFE, 0x00, 0x02, 0x40, 0x00, 0x48, 0x00, 0x01, 0x20, 0x00, 0x04, 0x80, 0x00, 0x10, 0x00, 0x02, 
	0x40, 0x02, 0x08, 0x00, 0x01, 0x20, 0x00, 0x04, 0x00, 0x00, 0x00, 0x00, 0x00, 0x00, 0x00, 0x00, 
	0x00, 0x00, 0x00, 0x00, 0x00, 0x00, 0x00, 0x00, 0x00, 0x00, 0x00, 0x00, 0x00, 0x00, 0x00, 0x00, 
	0x00, 0x00, 0x00, 0x00, 0x00, 0x00, 0x00, 0x00, 0x00, 0x00, 0x00, 0x00, 0x00, 0x00, 0x00, 0x00, 
	0x00, 0x00, 0x00, 0x00, 0x00, 0x00, 0x00, 0x00, 0x00, 0x00, 0x00, 0x00, 0xD8, 0xFF, 0x00, 0x00, 
	0x00, 0x00, 0x00, 0x00, 0x00, 0x00, 0x00, 0x00, 0x00, 0x00, 0x00, 0x00, 0x00, 0x00, 0x00, 0x00, 
	0x00, 0x00, 0x00, 0x00, 0x00, 0x10, 0x00, 0x02, 0x40, 0x00, 0x08, 0x00, 0x00, 0x00, 0x00, 0x00, 
	0x00, 0x00, 0x00, 0x00, 0x00, 0x00, 0x00, 0x00, 0x00, 0x00, 0x00, 0x00, 0x00, 0x00, 0x00, 0x00, 
	0x00, 0x00, 0x00, 0x00, 0x00, 0x00, 0x00, 0x00, 0x00, 0x00, 0x08, 0x00, 0x00, 0x00, 0x00, 0x00, 
	0x00, 0x00, 0x00, 0x00, 0x00, 0x00, 0x00, 0x00, 0x00, 0x18, 0xF8, 0x00, 0x14, 0x80, 0x02, 0x30, 
	0x00, 0x0A, 0x40, 0x01, 0x28, 0x00, 0x05, 0xA0, 0x00, 0x14, 0x80, 0x01, 0x50, 0x00, 0x0A, 0x40, 
	0x01, 0x28, 0x80, 0x04, 0x90, 0x00, 0x12, 0x40, 0x02, 0x00, 0x00, 0x00, 0x00, 0x00, 0x00, 0x00, 
	0x00, 0x00, 0x00, 0x00, 0x00, 0x00, 0x00, 0x00, 0x00, 0x16, 0xC0, 0x02, 0x58, 0x00, 0x0B, 0xE0, 
	0x01, 0x2C, 0x80, 0x05, 0xB0, 0x00, 0x16, 0x40, 0x02, 0x58, 0x00, 0x0B, 0xE0, 0x01, 0x2C, 0x80, 
	0x07, 0xB0, 0x00, 0x16, 0x80, 0x02, 0xE0, 0xFD, 0xA0, 0x0C, 0x94, 0x01, 0x33, 0x53, 0x06, 0xCA, 
	0x80, 0x19, 0x28, 0x03, 0x65, 0xA0, 0x0C, 0x98, 0x99, 0x32, 0x50, 0x06, 0xCA, 0x40, 0x19, 0x48, 
	0x83, 0x6A, 0x30, 0x0D, 0xA6, 0x41, 0x00, 0x00, 0x00, 0x00, 0x00, 0x00, 0x00, 0x00, 0x00, 0x00, 
	0x00, 0x00, 0x00, 0x00, 0x00, 0x80, 0x0C, 0x90, 0x01, 0x32, 0x40, 0x06, 0xC8, 0x04, 0x19, 0x20, 
	0x03, 0x64, 0x80, 0x0C, 0xA4, 0x41, 0x32, 0x40, 0x06, 0xC8, 0x04, 0x19, 0x20, 0x13, 0x64, 0x80, 
	0x0C, 0x14, 0x01, 0x18, 0xFC, 0xFF, 0xFF
};